sample_index,timestamp,sensor_id,sensor_type,raw_value,reference_value,gain,offset,condition,is_anomaly,slope,intercept,drift_magnitude,signed_drift,slope_deviation,relative_error_pct,rolling_slope_mean,rolling_slope_std,rolling_drift_mean,slope_rate_of_change,spike_ratio
0,2026-09-25 00:00:00,T01,Temperature,25.531,25.075,0.98472,0.3194,healthy,0,0.98472,0.3194,0.456,0.456,0.0153,1.8185,0.9847,0.0,0.456,0.0,0.9978
1,2026-09-25 00:05:00,T01,Temperature,25.282,25.052,0.98453,0.3474,healthy,0,0.98453,0.3474,0.23,0.23,0.0155,0.9181,0.9846,0.0001,0.343,-0.0002,0.6686
2,2026-09-25 00:10:00,T01,Temperature,24.964,25.104,0.98609,0.2861,healthy,0,0.98609,0.2861,0.14,-0.14,0.0139,0.5577,0.9851,0.0009,0.2753,0.0016,0.5066
3,2026-09-25 00:15:00,T01,Temperature,25.129,25.297,0.98117,0.2483,healthy,0,0.98117,0.2483,0.168,-0.168,0.0188,0.6641,0.9841,0.0021,0.2485,-0.0049,0.6733
4,2026-09-25 00:20:00,T01,Temperature,24.772,25.195,0.98563,0.2728,healthy,0,0.98563,0.2728,0.423,-0.423,0.0144,1.6789,0.9844,0.0019,0.2834,0.0045,1.4873
5,2026-09-25 00:25:00,T01,Temperature,25.225,25.653,0.98455,0.302,healthy,0,0.98455,0.302,0.428,-0.428,0.0154,1.6684,0.9844,0.0019,0.2778,-0.0011,1.5352
6,2026-09-25 00:30:00,T01,Temperature,25.549,25.436,0.98522,0.2655,healthy,0,0.98522,0.2655,0.113,0.113,0.0148,0.4443,0.9845,0.002,0.2544,0.0007,0.4424
7,2026-09-25 00:35:00,T01,Temperature,26.067,25.511,0.98442,0.2819,healthy,0,0.98442,0.2819,0.556,0.556,0.0156,2.1795,0.9842,0.0018,0.3376,-0.0008,1.6421
8,2026-09-25 00:40:00,T01,Temperature,25.316,25.682,0.98288,0.3247,healthy,0,0.98288,0.3247,0.366,-0.366,0.0171,1.4251,0.9845,0.0011,0.3772,-0.0015,0.9677
9,2026-09-25 00:45:00,T01,Temperature,25.856,25.797,0.98108,0.2602,healthy,0,0.98108,0.2602,0.059,0.059,0.0189,0.2287,0.9836,0.0017,0.3044,-0.0018,0.1932
10,2026-09-25 00:50:00,T01,Temperature,25.866,25.956,0.98534,0.2965,healthy,0,0.98534,0.2965,0.09,-0.09,0.0147,0.3467,0.9838,0.0018,0.2368,0.0043,0.3785
11,2026-09-25 00:55:00,T01,Temperature,26.019,25.702,0.98356,0.2862,healthy,0,0.98356,0.2862,0.317,0.317,0.0164,1.2334,0.9835,0.0016,0.2776,-0.0018,1.1378
12,2026-09-25 01:00:00,T01,Temperature,25.936,26.052,0.98147,0.3097,healthy,0,0.98147,0.3097,0.116,-0.116,0.0185,0.4453,0.9829,0.0017,0.1896,-0.0021,0.6086
13,2026-09-25 01:05:00,T01,Temperature,26.252,25.973,0.98622,0.3309,healthy,0,0.98622,0.3309,0.279,0.279,0.0138,1.0742,0.9835,0.0023,0.1722,0.0048,1.6109
14,2026-09-25 01:10:00,T01,Temperature,26.314,26.021,0.98438,0.3099,healthy,0,0.98438,0.3099,0.293,0.293,0.0156,1.126,0.9842,0.0018,0.219,-0.0018,1.3318
15,2026-09-25 01:15:00,T01,Temperature,25.787,26.146,0.98463,0.2668,healthy,0,0.98463,0.2668,0.359,-0.359,0.0154,1.3731,0.9841,0.0017,0.2728,0.0002,1.3112
16,2026-09-25 01:20:00,T01,Temperature,26.709,26.407,0.98771,0.2978,healthy,0,0.98771,0.2978,0.302,0.302,0.0123,1.1436,0.9849,0.0023,0.2698,0.0031,1.1152
17,2026-09-25 01:25:00,T01,Temperature,26.867,26.405,0.98371,0.3108,healthy,0,0.98371,0.3108,0.462,0.462,0.0163,1.7497,0.9853,0.0016,0.339,-0.004,1.3588
18,2026-09-25 01:30:00,T01,Temperature,26.655,26.409,0.98813,0.2214,healthy,0,0.98813,0.2214,0.246,0.246,0.0119,0.9315,0.9857,0.002,0.3324,0.0044,0.7379
19,2026-09-25 01:35:00,T01,Temperature,25.891,26.488,0.9844,0.3028,healthy,0,0.9844,0.3028,0.597,-0.597,0.0156,2.2539,0.9857,0.002,0.3932,-0.0037,1.5145
20,2026-09-25 01:40:00,T01,Temperature,26.344,26.499,0.98571,0.3443,healthy,0,0.98571,0.3443,0.155,-0.155,0.0143,0.5849,0.9859,0.002,0.3524,0.0013,0.4386
21,2026-09-25 01:45:00,T01,Temperature,26.564,26.465,0.984,0.3275,healthy,0,0.984,0.3275,0.099,0.099,0.016,0.3741,0.9852,0.0018,0.3118,-0.0017,0.3165
22,2026-09-25 01:50:00,T01,Temperature,26.849,26.559,0.98603,0.3029,healthy,0,0.98603,0.3029,0.29,0.29,0.014,1.0919,0.9857,0.0016,0.2774,0.002,1.0417
23,2026-09-25 01:55:00,T01,Temperature,26.142,26.581,0.98434,0.2882,healthy,0,0.98434,0.2882,0.439,-0.439,0.0157,1.6516,0.9849,0.0009,0.316,-0.0017,1.3849
24,2026-09-25 02:00:00,T01,Temperature,26.706,26.776,0.98552,0.3002,healthy,0,0.98552,0.3002,0.07,-0.07,0.0145,0.2614,0.9851,0.0009,0.2106,0.0012,0.3308
25,2026-09-25 02:05:00,T01,Temperature,26.321,26.562,0.98416,0.2897,healthy,0,0.98416,0.2897,0.241,-0.241,0.0158,0.9073,0.9848,0.0009,0.2278,-0.0014,1.0533
26,2026-09-25 02:10:00,T01,Temperature,26.841,26.788,0.98581,0.3566,healthy,0,0.98581,0.3566,0.053,0.053,0.0142,0.1978,0.9852,0.0009,0.2186,0.0016,0.2413
27,2026-09-25 02:15:00,T01,Temperature,26.878,26.886,0.98485,0.2424,healthy,0,0.98485,0.2424,0.008,-0.008,0.0151,0.0298,0.9849,0.0007,0.1622,-0.001,0.049
28,2026-09-25 02:20:00,T01,Temperature,26.979,26.888,0.98993,0.2942,healthy,0,0.98993,0.2942,0.091,0.091,0.0101,0.3384,0.9861,0.0023,0.0926,0.0051,0.9722
29,2026-09-25 02:25:00,T01,Temperature,27.128,26.902,0.98266,0.3343,healthy,0,0.98266,0.3343,0.226,0.226,0.0173,0.8401,0.9855,0.0027,0.1238,-0.0073,1.8109
30,2026-09-25 02:30:00,T01,Temperature,26.63,27.051,0.98318,0.3421,healthy,0,0.98318,0.3421,0.421,-0.421,0.0168,1.5563,0.9853,0.0029,0.1598,0.0005,2.6182
31,2026-09-25 02:35:00,T01,Temperature,26.871,27.041,0.98938,0.2703,healthy,0,0.98938,0.2703,0.17,-0.17,0.0106,0.6287,0.986,0.0034,0.1832,0.0062,0.9229
32,2026-09-25 02:40:00,T01,Temperature,27.005,26.985,0.98399,0.2535,healthy,0,0.98399,0.2535,0.02,0.02,0.016,0.0741,0.9858,0.0035,0.1856,-0.0054,0.1072
33,2026-09-25 02:45:00,T01,Temperature,27.289,26.824,0.98595,0.2724,healthy,0,0.98595,0.2724,0.465,0.465,0.0141,1.7335,0.985,0.0027,0.2604,0.002,1.7789
34,2026-09-25 02:50:00,T01,Temperature,26.506,26.875,0.98436,0.3244,healthy,0,0.98436,0.3244,0.369,-0.369,0.0156,1.373,0.9854,0.0025,0.289,-0.0016,1.2724
35,2026-09-25 02:55:00,T01,Temperature,27.088,27.032,0.98761,0.2518,healthy,0,0.98761,0.2518,0.056,0.056,0.0124,0.2072,0.9863,0.0023,0.216,0.0032,0.2581
36,2026-09-25 03:00:00,T01,Temperature,26.643,27.039,0.98656,0.2629,healthy,0,0.98656,0.2629,0.396,-0.396,0.0134,1.4646,0.9857,0.0015,0.2612,-0.001,1.5103
37,2026-09-25 03:05:00,T01,Temperature,27.18,27.076,0.98559,0.3075,healthy,0,0.98559,0.3075,0.104,0.104,0.0144,0.3841,0.986,0.0012,0.278,-0.001,0.3728
38,2026-09-25 03:10:00,T01,Temperature,26.676,26.89,0.98546,0.3088,healthy,0,0.98546,0.3088,0.214,-0.214,0.0145,0.7958,0.9859,0.0012,0.2278,-0.0001,0.9353
39,2026-09-25 03:15:00,T01,Temperature,27.46,27.263,0.98595,0.2643,healthy,0,0.98595,0.2643,0.197,0.197,0.0141,0.7226,0.9862,0.0009,0.1934,0.0005,1.0134
40,2026-09-25 03:20:00,T01,Temperature,26.577,26.823,0.98657,0.3348,healthy,0,0.98657,0.3348,0.246,-0.246,0.0134,0.9171,0.986,0.0005,0.2314,0.0006,1.0585
41,2026-09-25 03:25:00,T01,Temperature,27.666,27.097,0.98583,0.3247,healthy,0,0.98583,0.3247,0.569,0.569,0.0142,2.0999,0.9859,0.0004,0.266,-0.0007,2.1311
42,2026-09-25 03:30:00,T01,Temperature,26.65,26.895,0.98349,0.2733,healthy,0,0.98349,0.2733,0.245,-0.245,0.0165,0.9109,0.9855,0.0012,0.2942,-0.0023,0.8299
43,2026-09-25 03:35:00,T01,Temperature,27.144,26.896,0.98568,0.3083,healthy,0,0.98568,0.3083,0.248,0.248,0.0143,0.9221,0.9855,0.0012,0.301,0.0022,0.8212
44,2026-09-25 03:40:00,T01,Temperature,27.697,26.881,0.98791,0.2921,healthy,0,0.98791,0.2921,0.816,0.816,0.0121,3.0356,0.9859,0.0016,0.4248,0.0022,1.9164
45,2026-09-25 03:45:00,T01,Temperature,27.086,26.942,0.98329,0.2679,healthy,0,0.98329,0.2679,0.144,0.144,0.0167,0.5345,0.9852,0.0019,0.4044,-0.0046,0.3552
46,2026-09-25 03:50:00,T01,Temperature,26.757,26.779,0.98643,0.3142,healthy,0,0.98643,0.3142,0.022,-0.022,0.0136,0.0822,0.9854,0.002,0.295,0.0031,0.0743
47,2026-09-25 03:55:00,T01,Temperature,26.904,26.647,0.98197,0.2866,healthy,0,0.98197,0.2866,0.257,0.257,0.018,0.9645,0.9851,0.0024,0.2974,-0.0045,0.8613
48,2026-09-25 04:00:00,T01,Temperature,26.88,26.764,0.98251,0.3052,healthy,0,0.98251,0.3052,0.116,0.116,0.0175,0.4334,0.9844,0.0026,0.271,0.0005,0.4265
49,2026-09-25 04:05:00,T01,Temperature,26.211,26.554,0.98531,0.3017,healthy,0,0.98531,0.3017,0.343,-0.343,0.0147,1.2917,0.9839,0.0019,0.1764,0.0028,1.9335
50,2026-09-25 04:10:00,T01,Temperature,27.008,26.692,0.98612,0.3325,healthy,0,0.98612,0.3325,0.316,0.316,0.0139,1.1839,0.9845,0.0021,0.2108,0.0008,1.492
51,2026-09-25 04:15:00,T01,Temperature,26.534,26.38,0.98312,0.3155,healthy,0,0.98312,0.3155,0.154,0.154,0.0169,0.5838,0.9838,0.0018,0.2372,-0.003,0.6465
52,2026-09-25 04:20:00,T01,Temperature,26.95,26.609,0.99271,0.3171,healthy,0,0.99271,0.3171,0.341,0.341,0.0073,1.2815,0.986,0.0041,0.254,0.0096,1.3373
53,2026-09-25 04:25:00,T01,Temperature,26.845,26.618,0.9863,0.2905,healthy,0,0.9863,0.2905,0.227,0.227,0.0137,0.8528,0.9867,0.0036,0.2762,-0.0064,0.8189
54,2026-09-25 04:30:00,T01,Temperature,26.323,26.298,0.98453,0.2854,healthy,0,0.98453,0.2854,0.025,0.025,0.0155,0.0951,0.9866,0.0037,0.2126,-0.0018,0.117
55,2026-09-25 04:35:00,T01,Temperature,26.215,26.698,0.98127,0.3206,healthy,0,0.98127,0.3206,0.483,-0.483,0.0187,1.8091,0.9856,0.0044,0.246,-0.0033,1.9555
56,2026-09-25 04:40:00,T01,Temperature,25.891,26.215,0.98718,0.3019,healthy,0,0.98718,0.3019,0.324,-0.324,0.0128,1.2359,0.9864,0.0042,0.28,0.0059,1.153
57,2026-09-25 04:45:00,T01,Temperature,26.175,26.11,0.98636,0.2781,healthy,0,0.98636,0.2781,0.065,0.065,0.0136,0.2489,0.9851,0.0024,0.2248,-0.0008,0.2879
58,2026-09-25 04:50:00,T01,Temperature,26.344,26.154,0.9837,0.3643,healthy,0,0.9837,0.3643,0.19,0.19,0.0163,0.7265,0.9846,0.0023,0.2174,-0.0027,0.87
59,2026-09-25 04:55:00,T01,Temperature,26.027,25.771,0.98537,0.2801,healthy,0,0.98537,0.2801,0.256,0.256,0.0146,0.9934,0.9848,0.0024,0.2636,0.0017,0.9675
60,2026-09-25 05:00:00,T01,Temperature,26.141,25.881,0.98477,0.3151,healthy,0,0.98477,0.3151,0.26,0.26,0.0152,1.0046,0.9855,0.0014,0.219,-0.0006,1.1818
61,2026-09-25 05:05:00,T01,Temperature,25.547,25.743,0.98433,0.2858,healthy,0,0.98433,0.2858,0.196,-0.196,0.0157,0.7614,0.9849,0.001,0.1934,-0.0004,1.0082
62,2026-09-25 05:10:00,T01,Temperature,26.385,26.11,0.98581,0.2622,healthy,0,0.98581,0.2622,0.275,0.275,0.0142,1.0532,0.9848,0.0008,0.2354,0.0015,1.1633
63,2026-09-25 05:15:00,T01,Temperature,25.938,26.084,0.98706,0.2544,healthy,0,0.98706,0.2544,0.146,-0.146,0.0129,0.5597,0.9855,0.0011,0.2266,0.0013,0.6415
64,2026-09-25 05:20:00,T01,Temperature,26.106,25.874,0.98358,0.3133,healthy,0,0.98358,0.3133,0.232,0.232,0.0164,0.8967,0.9851,0.0014,0.2218,-0.0035,1.0413
65,2026-09-25 05:25:00,T01,Temperature,25.155,25.462,0.98488,0.2028,healthy,0,0.98488,0.2028,0.307,-0.307,0.0151,1.2057,0.9851,0.0014,0.2312,0.0013,1.3221
66,2026-09-25 05:30:00,T01,Temperature,25.051,25.48,0.9825,0.349,healthy,0,0.9825,0.349,0.429,-0.429,0.0175,1.6837,0.9848,0.0018,0.2778,-0.0024,1.5387
67,2026-09-25 05:35:00,T01,Temperature,24.936,25.367,0.98526,0.3432,healthy,0,0.98526,0.3432,0.431,-0.431,0.0147,1.6991,0.9847,0.0017,0.309,0.0028,1.3903
68,2026-09-25 05:40:00,T01,Temperature,25.66,25.522,0.98502,0.2706,healthy,0,0.98502,0.2706,0.138,0.138,0.015,0.5407,0.9842,0.0012,0.3074,-0.0002,0.4475
69,2026-09-25 05:45:00,T01,Temperature,25.175,25.291,0.9838,0.3021,healthy,0,0.9838,0.3021,0.116,-0.116,0.0162,0.4587,0.9843,0.0011,0.2842,-0.0012,0.4067
70,2026-09-25 05:50:00,T01,Temperature,24.82,25.191,0.98632,0.3476,healthy,0,0.98632,0.3476,0.371,-0.371,0.0137,1.4727,0.9846,0.0015,0.297,0.0025,1.245
71,2026-09-25 05:55:00,T01,Temperature,25.584,25.407,0.9811,0.2954,healthy,0,0.9811,0.2954,0.177,0.177,0.0189,0.6967,0.9843,0.002,0.2466,-0.0052,0.7149
72,2026-09-25 06:00:00,T01,Temperature,24.894,25.042,0.98375,0.2938,healthy,0,0.98375,0.2938,0.148,-0.148,0.0162,0.591,0.984,0.0019,0.19,0.0027,0.7749
73,2026-09-25 06:05:00,T01,Temperature,24.616,24.824,0.9867,0.3107,healthy,0,0.9867,0.3107,0.208,-0.208,0.0133,0.8379,0.9843,0.0023,0.204,0.003,1.0146
74,2026-09-25 06:10:00,T01,Temperature,25.15,24.961,0.98561,0.3244,healthy,0,0.98561,0.3244,0.189,0.189,0.0144,0.7572,0.9847,0.0023,0.2186,-0.0011,0.8607
75,2026-09-25 06:15:00,T01,Temperature,24.798,24.615,0.98388,0.3224,healthy,0,0.98388,0.3224,0.183,0.183,0.0161,0.7434,0.9842,0.0021,0.181,-0.0017,1.0055
76,2026-09-25 06:20:00,T01,Temperature,24.472,24.65,0.98523,0.3383,healthy,0,0.98523,0.3383,0.178,-0.178,0.0148,0.7221,0.985,0.0012,0.1812,0.0014,0.9769
77,2026-09-25 06:25:00,T01,Temperature,24.979,24.649,0.9846,0.2935,healthy,0,0.9846,0.2935,0.33,0.33,0.0154,1.3388,0.9852,0.0011,0.2176,-0.0006,1.5096
78,2026-09-25 06:30:00,T01,Temperature,24.612,24.606,0.98663,0.3392,healthy,0,0.98663,0.3392,0.006,0.006,0.0134,0.0244,0.9852,0.001,0.1772,0.002,0.0337
79,2026-09-25 06:35:00,T01,Temperature,24.462,24.501,0.98438,0.3097,healthy,0,0.98438,0.3097,0.039,-0.039,0.0156,0.1592,0.9849,0.0011,0.1472,-0.0022,0.2632
80,2026-09-25 06:40:00,T01,Temperature,24.958,24.331,0.98619,0.2755,healthy,0,0.98619,0.2755,0.627,0.627,0.0138,2.577,0.9854,0.001,0.236,0.0018,2.6456
81,2026-09-25 06:45:00,T01,Temperature,24.321,24.084,0.98257,0.3347,healthy,0,0.98257,0.3347,0.237,0.237,0.0174,0.9841,0.9849,0.0016,0.2478,-0.0036,0.9526
82,2026-09-25 06:50:00,T01,Temperature,23.979,24.248,0.98626,0.2996,healthy,0,0.98626,0.2996,0.269,-0.269,0.0137,1.1094,0.9852,0.0017,0.2356,0.0037,1.1369
83,2026-09-25 06:55:00,T01,Temperature,24.044,24.088,0.98365,0.3293,healthy,0,0.98365,0.3293,0.044,-0.044,0.0163,0.1827,0.9846,0.0016,0.2432,-0.0026,0.1802
84,2026-09-25 07:00:00,T01,Temperature,23.707,23.876,0.98436,0.3124,healthy,0,0.98436,0.3124,0.169,-0.169,0.0156,0.7078,0.9846,0.0016,0.2692,0.0007,0.6255
85,2026-09-25 07:05:00,T01,Temperature,23.65,23.802,0.98549,0.3073,healthy,0,0.98549,0.3073,0.152,-0.152,0.0145,0.6386,0.9845,0.0015,0.1742,0.0011,0.8676
86,2026-09-25 07:10:00,T01,Temperature,23.36,23.782,0.98546,0.2566,healthy,0,0.98546,0.2566,0.422,-0.422,0.0145,1.7745,0.985,0.001,0.2112,-0.0,1.9887
87,2026-09-25 07:15:00,T01,Temperature,24.117,23.675,0.98457,0.3093,healthy,0,0.98457,0.3093,0.442,0.442,0.0154,1.8669,0.9847,0.0008,0.2458,-0.0009,1.7909
88,2026-09-25 07:20:00,T01,Temperature,23.542,23.843,0.98468,0.2994,healthy,0,0.98468,0.2994,0.301,-0.301,0.0153,1.2624,0.9849,0.0005,0.2972,0.0001,1.0094
89,2026-09-25 07:25:00,T01,Temperature,23.398,23.646,0.98442,0.3097,healthy,0,0.98442,0.3097,0.248,-0.248,0.0156,1.0488,0.9849,0.0005,0.313,-0.0003,0.7898
90,2026-09-25 07:30:00,T01,Temperature,23.784,23.664,0.98807,0.2967,healthy,0,0.98807,0.2967,0.12,0.12,0.0119,0.5071,0.9854,0.0015,0.3066,0.0037,0.3901
91,2026-09-25 07:35:00,T01,Temperature,23.633,23.629,0.9842,0.3067,healthy,0,0.9842,0.3067,0.004,0.004,0.0158,0.0169,0.9852,0.0016,0.223,-0.0039,0.0179
92,2026-09-25 07:40:00,T01,Temperature,23.632,23.483,0.98345,0.3007,healthy,0,0.98345,0.3007,0.149,0.149,0.0165,0.6345,0.985,0.0018,0.1644,-0.0007,0.9008
93,2026-09-25 07:45:00,T01,Temperature,23.401,23.631,0.98692,0.3646,healthy,0,0.98692,0.3646,0.23,-0.23,0.0131,0.9733,0.9854,0.002,0.1502,0.0035,1.5212
94,2026-09-25 07:50:00,T01,Temperature,23.25,23.493,0.98537,0.3657,healthy,0,0.98537,0.3657,0.243,-0.243,0.0146,1.0344,0.9856,0.0019,0.1492,-0.0016,1.6178
95,2026-09-25 07:55:00,T01,Temperature,23.03,23.187,0.9838,0.2363,healthy,0,0.9838,0.2363,0.157,-0.157,0.0162,0.6771,0.9847,0.0014,0.1566,-0.0016,0.9962
96,2026-09-25 08:00:00,T01,Temperature,23.717,23.154,0.9853,0.3103,healthy,0,0.9853,0.3103,0.563,0.563,0.0147,2.4315,0.985,0.0014,0.2684,0.0015,2.0898
97,2026-09-25 08:05:00,T01,Temperature,23.516,23.369,0.98385,0.273,healthy,0,0.98385,0.273,0.147,0.147,0.0161,0.629,0.985,0.0013,0.268,-0.0014,0.5465
98,2026-09-25 08:10:00,T01,Temperature,22.849,22.989,0.98866,0.3354,healthy,0,0.98866,0.3354,0.14,-0.14,0.0113,0.609,0.9854,0.002,0.25,0.0048,0.5578
99,2026-09-25 08:15:00,T01,Temperature,23.267,22.895,0.98771,0.2966,healthy,0,0.98771,0.2966,0.372,0.372,0.0123,1.6248,0.9859,0.0022,0.2758,-0.001,1.3439
100,2026-09-25 08:20:00,T01,Temperature,22.896,22.881,0.9838,0.3002,healthy,0,0.9838,0.3002,0.015,0.015,0.0162,0.0656,0.9859,0.0022,0.2474,-0.0039,0.0604
101,2026-09-25 08:25:00,T01,Temperature,22.982,23.025,0.98625,0.268,healthy,0,0.98625,0.268,0.043,-0.043,0.0138,0.1868,0.9861,0.0022,0.1434,0.0024,0.2978
102,2026-09-25 08:30:00,T01,Temperature,22.749,23.086,0.98603,0.3213,healthy,0,0.98603,0.3213,0.337,-0.337,0.014,1.4598,0.9865,0.0019,0.1814,-0.0002,1.8476
103,2026-09-25 08:35:00,T01,Temperature,22.593,22.817,0.98756,0.31,healthy,0,0.98756,0.31,0.224,-0.224,0.0124,0.9817,0.9863,0.0016,0.1982,0.0015,1.1245
104,2026-09-25 08:40:00,T01,Temperature,23.283,23.263,0.98523,0.3354,healthy,0,0.98523,0.3354,0.02,0.02,0.0148,0.086,0.9858,0.0014,0.1278,-0.0023,0.1553
105,2026-09-25 08:45:00,T01,Temperature,23.618,23.326,0.98851,0.2925,healthy,0,0.98851,0.2925,0.292,0.292,0.0115,1.2518,0.9867,0.0013,0.1832,0.0033,1.5852
106,2026-09-25 08:50:00,T01,Temperature,23.31,23.104,0.98774,0.2711,healthy,0,0.98774,0.2711,0.206,0.206,0.0123,0.8916,0.987,0.0013,0.2158,-0.0008,0.9502
107,2026-09-25 08:55:00,T01,Temperature,22.549,23.161,0.98148,0.2645,healthy,0,0.98148,0.2645,0.612,-0.612,0.0185,2.6424,0.9861,0.0029,0.2708,-0.0063,2.2517
108,2026-09-25 09:00:00,T01,Temperature,22.982,22.96,0.98644,0.3451,healthy,0,0.98644,0.3451,0.022,0.022,0.0136,0.0958,0.9859,0.0028,0.2304,0.005,0.0951
109,2026-09-25 09:05:00,T01,Temperature,23.23,23.246,0.98224,0.2489,healthy,0,0.98224,0.2489,0.016,-0.016,0.0178,0.0688,0.9853,0.0032,0.2296,-0.0042,0.0694
110,2026-09-25 09:10:00,T01,Temperature,23.038,23.065,0.98493,0.238,healthy,0,0.98493,0.238,0.027,-0.027,0.0151,0.1171,0.9846,0.0027,0.1766,0.0027,0.152
111,2026-09-25 09:15:00,T01,Temperature,22.539,22.821,0.98634,0.311,healthy,0,0.98634,0.311,0.282,-0.282,0.0137,1.2357,0.9843,0.0023,0.1918,0.0014,1.4627
112,2026-09-25 09:20:00,T01,Temperature,23.24,22.953,0.98288,0.2981,healthy,0,0.98288,0.2981,0.287,0.287,0.0171,1.2504,0.9846,0.0019,0.1268,-0.0035,2.2457
113,2026-09-25 09:25:00,T01,Temperature,22.662,22.9,0.98601,0.2841,healthy,0,0.98601,0.2841,0.238,-0.238,0.014,1.0393,0.9845,0.0018,0.17,0.0031,1.3918
114,2026-09-25 09:30:00,T01,Temperature,22.693,23.052,0.98293,0.2834,healthy,0,0.98293,0.2834,0.359,-0.359,0.0171,1.5573,0.9846,0.0016,0.2386,-0.0031,1.4983
115,2026-09-25 09:35:00,T01,Temperature,23.451,23.387,0.98507,0.279,healthy,0,0.98507,0.279,0.064,0.064,0.0149,0.2737,0.9846,0.0017,0.246,0.0021,0.2591
116,2026-09-25 09:40:00,T01,Temperature,23.331,23.104,0.98456,0.3184,healthy,0,0.98456,0.3184,0.227,0.227,0.0154,0.9825,0.9843,0.0014,0.235,-0.0005,0.9619
117,2026-09-25 09:45:00,T01,Temperature,22.382,23.073,0.98385,0.2917,healthy,0,0.98385,0.2917,0.691,-0.691,0.0161,2.9948,0.9845,0.0012,0.3158,-0.0007,2.1812
118,2026-09-25 09:50:00,T01,Temperature,22.885,22.96,0.98773,0.3493,healthy,0,0.98773,0.3493,0.075,-0.075,0.0123,0.3267,0.9848,0.0018,0.2832,0.0039,0.2639
119,2026-09-25 09:55:00,T01,Temperature,23.648,23.312,0.98562,0.3924,healthy,0,0.98562,0.3924,0.336,0.336,0.0144,1.4413,0.9854,0.0015,0.2786,-0.0021,1.2017
120,2026-09-25 10:00:00,T01,Temperature,23.31,23.249,0.98309,0.2518,healthy,0,0.98309,0.2518,0.061,0.061,0.0169,0.2624,0.985,0.0018,0.278,-0.0025,0.2186
121,2026-09-25 10:05:00,T01,Temperature,22.875,23.2,0.98216,0.2806,healthy,0,0.98216,0.2806,0.325,-0.325,0.0178,1.4009,0.9845,0.0022,0.2976,-0.0009,1.0884
122,2026-09-25 10:10:00,T01,Temperature,24.059,23.615,0.98676,0.2998,healthy,0,0.98676,0.2998,0.444,0.444,0.0132,1.8802,0.9851,0.0024,0.2482,0.0046,1.7817
123,2026-09-25 10:15:00,T01,Temperature,23.587,23.425,0.98328,0.3457,healthy,0,0.98328,0.3457,0.162,0.162,0.0167,0.6916,0.9842,0.0019,0.2656,-0.0035,0.6077
124,2026-09-25 10:20:00,T01,Temperature,22.897,23.312,0.98462,0.2737,healthy,0,0.98462,0.2737,0.415,-0.415,0.0154,1.7802,0.984,0.0018,0.2814,0.0013,1.4695
125,2026-09-25 10:25:00,T01,Temperature,23.833,23.664,0.98882,0.258,healthy,0,0.98882,0.258,0.169,0.169,0.0112,0.7142,0.9851,0.0027,0.303,0.0042,0.5559
126,2026-09-25 10:30:00,T01,Temperature,23.229,23.488,0.98403,0.2822,healthy,0,0.98403,0.2822,0.259,-0.259,0.016,1.1027,0.9855,0.0023,0.2898,-0.0048,0.8906
127,2026-09-25 10:35:00,T01,Temperature,23.641,23.656,0.98334,0.3081,healthy,0,0.98334,0.3081,0.015,-0.015,0.0167,0.0634,0.9848,0.0023,0.204,-0.0007,0.0732
128,2026-09-25 10:40:00,T01,Temperature,23.905,23.679,0.98318,0.2827,healthy,0,0.98318,0.2827,0.226,0.226,0.0168,0.9544,0.9848,0.0023,0.2168,-0.0002,1.0376
129,2026-09-25 10:45:00,T01,Temperature,24.083,23.858,0.98304,0.303,healthy,0,0.98304,0.303,0.225,0.225,0.017,0.9431,0.9845,0.0025,0.1788,-0.0001,1.2514
130,2026-09-25 10:50:00,T01,Temperature,23.774,23.602,0.98609,0.2801,healthy,0,0.98609,0.2801,0.172,0.172,0.0139,0.7288,0.9839,0.0013,0.1794,0.003,0.9534
131,2026-09-25 10:55:00,T01,Temperature,23.825,23.811,0.98139,0.2512,healthy,0,0.98139,0.2512,0.014,0.014,0.0186,0.0588,0.9834,0.0017,0.1304,-0.0047,0.1065
132,2026-09-25 11:00:00,T01,Temperature,23.541,24.039,0.98319,0.3192,healthy,0,0.98319,0.3192,0.498,-0.498,0.0168,2.0716,0.9834,0.0017,0.227,0.0018,2.1842
133,2026-09-25 11:05:00,T01,Temperature,24.081,24.067,0.98258,0.2804,healthy,0,0.98258,0.2804,0.014,0.014,0.0174,0.0582,0.9833,0.0017,0.1846,-0.0006,0.0754
134,2026-09-25 11:10:00,T01,Temperature,23.853,24.026,0.98423,0.3302,healthy,0,0.98423,0.3302,0.173,-0.173,0.0158,0.7201,0.9835,0.0018,0.1742,0.0017,0.9874
135,2026-09-25 11:15:00,T01,Temperature,24.792,24.36,0.98274,0.3159,healthy,0,0.98274,0.3159,0.432,0.432,0.0173,1.7734,0.9828,0.001,0.2262,-0.0015,1.9014
136,2026-09-25 11:20:00,T01,Temperature,23.884,23.945,0.98341,0.3173,healthy,0,0.98341,0.3173,0.061,-0.061,0.0166,0.2548,0.9832,0.0007,0.2356,0.0007,0.2578
137,2026-09-25 11:25:00,T01,Temperature,24.408,24.454,0.98379,0.3026,healthy,0,0.98379,0.3026,0.046,-0.046,0.0162,0.1881,0.9834,0.0007,0.1452,0.0004,0.3146
138,2026-09-25 11:30:00,T01,Temperature,24.534,24.658,0.98551,0.3101,healthy,0,0.98551,0.3101,0.124,-0.124,0.0145,0.5029,0.9839,0.001,0.1672,0.0017,0.7372
139,2026-09-25 11:35:00,T01,Temperature,24.368,24.494,0.98413,0.3118,healthy,0,0.98413,0.3118,0.126,-0.126,0.0159,0.5144,0.9839,0.001,0.1578,-0.0014,0.7935
140,2026-09-25 11:40:00,T01,Temperature,24.598,24.696,0.98915,0.3261,healthy,0,0.98915,0.3261,0.098,-0.098,0.0109,0.3968,0.9852,0.0023,0.091,0.005,1.0652
141,2026-09-25 11:45:00,T01,Temperature,24.617,24.919,0.98418,0.2389,healthy,0,0.98418,0.2389,0.302,-0.302,0.0158,1.2119,0.9854,0.0022,0.1392,-0.005,2.1541
142,2026-09-25 11:50:00,T01,Temperature,25.048,24.545,0.9843,0.3006,healthy,0,0.9843,0.3006,0.503,0.503,0.0157,2.0493,0.9855,0.0021,0.2306,0.0001,2.1718
143,2026-09-25 11:55:00,T01,Temperature,24.298,24.962,0.98456,0.3249,healthy,0,0.98456,0.3249,0.664,-0.664,0.0154,2.66,0.9853,0.0022,0.3386,0.0003,1.9552
144,2026-09-25 12:00:00,T01,Temperature,25.378,25.035,0.98654,0.2556,healthy,0,0.98654,0.2556,0.343,0.343,0.0135,1.3701,0.9857,0.0021,0.382,0.002,0.8956
145,2026-09-25 12:05:00,T01,Temperature,25.819,25.138,0.98417,0.319,healthy,0,0.98417,0.319,0.681,0.681,0.0158,2.709,0.9848,0.001,0.4986,-0.0024,1.3631
146,2026-09-25 12:10:00,T01,Temperature,24.947,25.202,0.9855,0.2862,healthy,0,0.9855,0.2862,0.255,-0.255,0.0145,1.0118,0.985,0.001,0.4892,0.0013,0.5202
147,2026-09-25 12:15:00,T01,Temperature,25.242,25.386,0.98329,0.3021,healthy,0,0.98329,0.3021,0.144,-0.144,0.0167,0.5672,0.9848,0.0013,0.4174,-0.0022,0.3442
148,2026-09-25 12:20:00,T01,Temperature,25.266,25.419,0.98567,0.3311,healthy,0,0.98567,0.3311,0.153,-0.153,0.0143,0.6019,0.985,0.0013,0.3152,0.0024,0.4839
149,2026-09-25 12:25:00,T01,Temperature,25.506,25.392,0.98304,0.2867,healthy,0,0.98304,0.2867,0.114,0.114,0.017,0.449,0.9843,0.0012,0.2694,-0.0026,0.4216
150,2026-09-25 12:30:00,T01,Temperature,26.038,25.631,0.98316,0.3261,healthy,0,0.98316,0.3261,0.407,0.407,0.0168,1.5879,0.9841,0.0013,0.2146,0.0001,1.8878
151,2026-09-25 12:35:00,T01,Temperature,25.29,25.663,0.98875,0.2768,healthy,0,0.98875,0.2768,0.373,-0.373,0.0112,1.4535,0.9848,0.0025,0.2382,0.0056,1.5594
152,2026-09-25 12:40:00,T01,Temperature,25.401,25.417,0.98799,0.3196,healthy,0,0.98799,0.3196,0.016,-0.016,0.012,0.0629,0.9857,0.0026,0.2126,-0.0008,0.0749
153,2026-09-25 12:45:00,T01,Temperature,25.846,25.807,0.98275,0.3734,healthy,0,0.98275,0.3734,0.039,0.039,0.0172,0.1511,0.9851,0.003,0.1898,-0.0052,0.2044
154,2026-09-25 12:50:00,T01,Temperature,25.929,25.862,0.98645,0.3144,healthy,0,0.98645,0.3144,0.067,0.067,0.0135,0.2591,0.9858,0.0027,0.1804,0.0037,0.3693
155,2026-09-25 12:55:00,T01,Temperature,26.209,25.805,0.98594,0.3565,healthy,0,0.98594,0.3565,0.404,0.404,0.0141,1.5656,0.9864,0.0023,0.1798,-0.0005,2.2345
156,2026-09-25 13:00:00,T01,Temperature,26.201,26.239,0.98398,0.2703,healthy,0,0.98398,0.2703,0.038,-0.038,0.016,0.1448,0.9854,0.0021,0.1128,-0.002,0.3339
157,2026-09-25 13:05:00,T01,Temperature,26.542,26.083,0.98719,0.2492,healthy,0,0.98719,0.2492,0.459,0.459,0.0128,1.7598,0.9853,0.0018,0.2014,0.0032,2.2678
158,2026-09-25 13:10:00,T01,Temperature,25.627,26.123,0.98415,0.2696,healthy,0,0.98415,0.2696,0.496,-0.496,0.0159,1.8987,0.9855,0.0014,0.2928,-0.003,1.6882
159,2026-09-25 13:15:00,T01,Temperature,25.952,26.341,0.98515,0.2613,healthy,0,0.98515,0.2613,0.389,-0.389,0.0149,1.4768,0.9853,0.0013,0.3572,0.001,1.086
160,2026-09-25 13:20:00,T01,Temperature,25.784,26.235,0.98834,0.2922,healthy,0,0.98834,0.2922,0.451,-0.451,0.0117,1.7191,0.9858,0.0019,0.3666,0.0032,1.2269
161,2026-09-25 13:25:00,T01,Temperature,26.298,26.314,0.98445,0.2191,healthy,0,0.98445,0.2191,0.016,-0.016,0.0155,0.0608,0.9859,0.0018,0.3622,-0.0039,0.0441
162,2026-09-25 13:30:00,T01,Temperature,26.718,26.38,0.98639,0.3555,healthy,0,0.98639,0.3555,0.338,0.338,0.0136,1.2813,0.9857,0.0017,0.338,0.0019,0.9971
163,2026-09-25 13:35:00,T01,Temperature,26.452,26.434,0.98279,0.3772,healthy,0,0.98279,0.3772,0.018,0.018,0.0172,0.0681,0.9854,0.0021,0.2424,-0.0036,0.074
164,2026-09-25 13:40:00,T01,Temperature,26.491,26.534,0.98495,0.3059,healthy,0,0.98495,0.3059,0.043,-0.043,0.0151,0.1621,0.9854,0.0021,0.1732,0.0022,0.2468
165,2026-09-25 13:45:00,T01,Temperature,26.338,26.501,0.98391,0.299,healthy,0,0.98391,0.299,0.163,-0.163,0.0161,0.6151,0.9845,0.0013,0.1156,-0.001,1.3979
166,2026-09-25 13:50:00,T01,Temperature,26.983,26.531,0.98521,0.2924,healthy,0,0.98521,0.2924,0.452,0.452,0.0148,1.7037,0.9846,0.0014,0.2028,0.0013,2.2179
167,2026-09-25 13:55:00,T01,Temperature,25.667,26.289,0.98718,0.3374,healthy,0,0.98718,0.3374,0.622,-0.622,0.0128,2.366,0.9848,0.0016,0.2596,0.002,2.3868
168,2026-09-25 14:00:00,T01,Temperature,26.447,26.681,0.98426,0.2578,healthy,0,0.98426,0.2578,0.234,-0.234,0.0157,0.877,0.9851,0.0013,0.3028,-0.0029,0.7702
169,2026-09-25 14:05:00,T01,Temperature,26.989,26.607,0.9885,0.3281,healthy,0,0.9885,0.3281,0.382,0.382,0.0115,1.4357,0.9858,0.002,0.3706,0.0042,1.028
170,2026-09-25 14:10:00,T01,Temperature,27.068,26.921,0.98274,0.2843,healthy,0,0.98274,0.2843,0.147,0.147,0.0173,0.546,0.9856,0.0023,0.3674,-0.0058,0.399
171,2026-09-25 14:15:00,T01,Temperature,26.552,26.664,0.98643,0.2928,healthy,0,0.98643,0.2928,0.112,-0.112,0.0136,0.42,0.9858,0.0023,0.2994,0.0037,0.3728
172,2026-09-25 14:20:00,T01,Temperature,27.334,26.986,0.98589,0.2892,healthy,0,0.98589,0.2892,0.348,0.348,0.0141,1.2896,0.9856,0.0022,0.2446,-0.0005,1.4169
173,2026-09-25 14:25:00,T01,Temperature,26.652,26.745,0.98623,0.3178,healthy,0,0.98623,0.3178,0.093,-0.093,0.0138,0.3477,0.986,0.0021,0.2164,0.0003,0.4278
174,2026-09-25 14:30:00,T01,Temperature,26.925,26.981,0.9825,0.3277,healthy,0,0.9825,0.3277,0.056,-0.056,0.0175,0.2076,0.9848,0.002,0.1512,-0.0037,0.3679
175,2026-09-25 14:35:00,T01,Temperature,26.452,26.874,0.9871,0.2789,healthy,0,0.9871,0.2789,0.422,-0.422,0.0129,1.5703,0.9856,0.0018,0.2062,0.0046,2.0367
176,2026-09-25 14:40:00,T01,Temperature,27.263,26.736,0.98621,0.2616,healthy,0,0.98621,0.2616,0.527,0.527,0.0138,1.9711,0.9856,0.0018,0.2892,-0.0009,1.816
177,2026-09-25 14:45:00,T01,Temperature,26.642,26.671,0.98839,0.3063,healthy,0,0.98839,0.3063,0.029,-0.029,0.0116,0.1087,0.9861,0.0022,0.2254,0.0022,0.1281
178,2026-09-25 14:50:00,T01,Temperature,27.242,26.911,0.9858,0.2989,healthy,0,0.9858,0.2989,0.331,0.331,0.0142,1.23,0.986,0.0022,0.273,-0.0026,1.208
179,2026-09-25 14:55:00,T01,Temperature,26.998,27.015,0.9853,0.2891,healthy,0,0.9853,0.2891,0.017,-0.017,0.0147,0.0629,0.9866,0.0012,0.2652,-0.0005,0.0639
180,2026-09-25 15:00:00,T01,Temperature,27.269,27.046,0.98158,0.2596,healthy,0,0.98158,0.2596,0.223,0.223,0.0184,0.8245,0.9855,0.0025,0.2254,-0.0037,0.985
181,2026-09-25 15:05:00,T01,Temperature,27.128,27.024,0.98463,0.3006,healthy,0,0.98463,0.3006,0.104,0.104,0.0154,0.3848,0.9851,0.0024,0.1408,0.003,0.7334
182,2026-09-25 15:10:00,T01,Temperature,26.618,26.911,0.98344,0.3059,healthy,0,0.98344,0.3059,0.293,-0.293,0.0166,1.0888,0.9842,0.0017,0.1936,-0.0012,1.5057
183,2026-09-25 15:15:00,T01,Temperature,27.186,27.044,0.98159,0.3309,healthy,0,0.98159,0.3309,0.142,0.142,0.0184,0.5251,0.9833,0.0017,0.1558,-0.0019,0.9056
184,2026-09-25 15:20:00,T01,Temperature,27.312,27.008,0.98697,0.35,healthy,0,0.98697,0.35,0.304,0.304,0.013,1.1256,0.9836,0.0023,0.2132,0.0054,1.4192
185,2026-09-25 15:25:00,T01,Temperature,26.684,26.676,0.98244,0.2813,healthy,0,0.98244,0.2813,0.008,0.008,0.0176,0.03,0.9838,0.0021,0.1702,-0.0045,0.0467
186,2026-09-25 15:30:00,T01,Temperature,26.783,27.01,0.98355,0.3056,healthy,0,0.98355,0.3056,0.227,-0.227,0.0164,0.8404,0.9836,0.002,0.1948,0.0011,1.1593
187,2026-09-25 15:35:00,T01,Temperature,26.41,26.816,0.98219,0.2723,healthy,0,0.98219,0.2723,0.406,-0.406,0.0178,1.514,0.9833,0.0021,0.2174,-0.0014,1.859
188,2026-09-25 15:40:00,T01,Temperature,27.523,26.733,0.98711,0.2715,healthy,0,0.98711,0.2715,0.79,0.79,0.0129,2.9551,0.9845,0.0024,0.347,0.0049,2.2701
189,2026-09-25 15:45:00,T01,Temperature,27.132,26.922,0.98537,0.2742,healthy,0,0.98537,0.2742,0.21,0.21,0.0146,0.78,0.9841,0.0021,0.3282,-0.0017,0.6379
190,2026-09-25 15:50:00,T01,Temperature,26.697,26.726,0.98524,0.3768,healthy,0,0.98524,0.3768,0.029,-0.029,0.0148,0.1085,0.9847,0.0019,0.3324,-0.0001,0.087
191,2026-09-25 15:55:00,T01,Temperature,27.478,26.946,0.98359,0.299,healthy,0,0.98359,0.299,0.532,0.532,0.0164,1.9743,0.9847,0.0019,0.3934,-0.0017,1.3489
192,2026-09-25 16:00:00,T01,Temperature,26.469,26.638,0.98862,0.3212,healthy,0,0.98862,0.3212,0.169,-0.169,0.0114,0.6344,0.986,0.0019,0.346,0.005,0.487
193,2026-09-25 16:05:00,T01,Temperature,26.311,26.782,0.98695,0.3187,healthy,0,0.98695,0.3187,0.471,-0.471,0.0131,1.7586,0.986,0.0019,0.2822,-0.0017,1.6631
194,2026-09-25 16:10:00,T01,Temperature,26.715,26.529,0.9845,0.2978,healthy,0,0.9845,0.2978,0.186,0.186,0.0155,0.7011,0.9858,0.002,0.2774,-0.0024,0.6681
195,2026-09-25 16:15:00,T01,Temperature,26.797,26.613,0.98233,0.3114,healthy,0,0.98233,0.3114,0.184,0.184,0.0177,0.6914,0.9852,0.0026,0.3084,-0.0022,0.5947
196,2026-09-25 16:20:00,T01,Temperature,26.754,26.616,0.98716,0.325,healthy,0,0.98716,0.325,0.138,0.138,0.0128,0.5185,0.9859,0.0025,0.2296,0.0048,0.5984
197,2026-09-25 16:25:00,T01,Temperature,26.526,26.464,0.98168,0.3129,healthy,0,0.98168,0.3129,0.062,0.062,0.0183,0.2343,0.9845,0.0025,0.2082,-0.0055,0.2964
198,2026-09-25 16:30:00,T01,Temperature,26.771,26.455,0.98245,0.2676,healthy,0,0.98245,0.2676,0.316,0.316,0.0175,1.1945,0.9836,0.0022,0.1772,0.0008,1.7733
199,2026-09-25 16:35:00,T01,Temperature,26.354,26.345,0.98636,0.3008,healthy,0,0.98636,0.3008,0.009,0.009,0.0136,0.0342,0.984,0.0026,0.1418,0.0039,0.063
200,2026-09-25 16:40:00,T01,Temperature,26.288,26.426,0.98397,0.3029,healthy,0,0.98397,0.3029,0.138,-0.138,0.016,0.5222,0.9843,0.0024,0.1326,-0.0024,1.0329
201,2026-09-25 16:45:00,T01,Temperature,26.009,26.152,0.98438,0.3067,healthy,0,0.98438,0.3067,0.143,-0.143,0.0156,0.5468,0.9838,0.0018,0.1336,0.0004,1.0624
202,2026-09-25 16:50:00,T01,Temperature,26.204,26.336,0.98321,0.2944,healthy,0,0.98321,0.2944,0.132,-0.132,0.0168,0.5012,0.9841,0.0015,0.1476,-0.0012,0.8883
203,2026-09-25 16:55:00,T01,Temperature,25.846,26.292,0.98539,0.331,healthy,0,0.98539,0.331,0.446,-0.446,0.0146,1.6963,0.9847,0.0012,0.1736,0.0022,2.5544
204,2026-09-25 17:00:00,T01,Temperature,26.36,26.04,0.98678,0.3025,healthy,0,0.98678,0.3025,0.32,0.32,0.0132,1.2289,0.9847,0.0014,0.2358,0.0014,1.3514
205,2026-09-25 17:05:00,T01,Temperature,25.737,25.846,0.98782,0.369,healthy,0,0.98782,0.369,0.109,-0.109,0.0122,0.4217,0.9855,0.0018,0.23,0.001,0.4719
206,2026-09-25 17:10:00,T01,Temperature,25.622,25.778,0.98791,0.3474,healthy,0,0.98791,0.3474,0.156,-0.156,0.0121,0.6052,0.9862,0.002,0.2326,0.0001,0.6678
207,2026-09-25 17:15:00,T01,Temperature,25.427,25.702,0.98444,0.2597,healthy,0,0.98444,0.2597,0.275,-0.275,0.0156,1.07,0.9865,0.0015,0.2612,-0.0035,1.0488
208,2026-09-25 17:20:00,T01,Temperature,25.604,25.533,0.98346,0.299,healthy,0,0.98346,0.299,0.071,0.071,0.0165,0.2781,0.9861,0.002,0.1862,-0.001,0.3793
209,2026-09-25 17:25:00,T01,Temperature,25.193,25.441,0.98637,0.295,healthy,0,0.98637,0.295,0.248,-0.248,0.0136,0.9748,0.986,0.002,0.1718,0.0029,1.4352
210,2026-09-25 17:30:00,T01,Temperature,25.625,25.51,0.98635,0.2663,healthy,0,0.98635,0.2663,0.115,0.115,0.0137,0.4508,0.9857,0.0018,0.173,-0.0,0.6609
211,2026-09-25 17:35:00,T01,Temperature,39.63,25.608,0.98734,0.2529,anomaly,1,0.98734,0.2529,14.022,14.022,0.0127,54.7563,0.9856,0.0016,2.9462,0.001,4.7577
212,2026-09-25 17:40:00,T01,Temperature,26.174,25.424,0.9825,0.3171,healthy,0,0.9825,0.3171,0.75,0.75,0.0175,2.95,0.9852,0.0021,3.0412,-0.0048,0.2465
213,2026-09-25 17:45:00,T01,Temperature,25.382,25.331,0.98522,0.2487,healthy,0,0.98522,0.2487,0.051,0.051,0.0148,0.2013,0.9856,0.0019,3.0372,0.0027,0.0168
214,2026-09-25 17:50:00,T01,Temperature,33.0,25.174,0.98061,0.28,anomaly,1,0.98061,0.28,7.826,7.826,0.0194,31.0876,0.9844,0.0028,4.5528,-0.0046,1.7186
215,2026-09-25 17:55:00,T01,Temperature,15.733,25.13,0.98382,0.3198,anomaly,1,0.98382,0.3198,9.397,-9.397,0.0162,37.3936,0.9839,0.0026,6.4092,0.0032,1.4659
216,2026-09-25 18:00:00,T01,Temperature,25.028,25.015,0.9861,0.3012,healthy,0,0.9861,0.3012,0.013,0.013,0.0139,0.052,0.9837,0.0022,3.6074,0.0023,0.0036
217,2026-09-25 18:05:00,T01,Temperature,25.398,25.067,0.98873,0.3246,healthy,0,0.98873,0.3246,0.331,0.331,0.0113,1.3205,0.9849,0.003,3.5236,0.0026,0.0939
218,2026-09-25 18:10:00,T01,Temperature,33.154,24.846,0.98263,0.3019,anomaly,1,0.98263,0.3019,8.308,8.308,0.0174,33.438,0.9844,0.0031,5.175,-0.0061,1.6051
219,2026-09-25 18:15:00,T01,Temperature,25.274,24.814,0.98671,0.3303,healthy,0,0.98671,0.3303,0.46,0.46,0.0133,1.8538,0.9856,0.0024,3.7018,0.0041,0.1242
220,2026-09-25 18:20:00,T01,Temperature,14.383,24.628,0.99284,0.3362,anomaly,1,0.99284,0.3362,10.245,-10.245,0.0072,41.599,0.9874,0.0038,3.8714,0.0061,2.6456
221,2026-09-25 18:25:00,T01,Temperature,24.544,24.619,0.98344,0.2815,healthy,0,0.98344,0.2815,0.075,-0.075,0.0166,0.3046,0.9869,0.0041,3.8838,-0.0094,0.0193
222,2026-09-25 18:30:00,T01,Temperature,32.776,24.393,0.98165,0.2735,anomaly,1,0.98165,0.2735,8.383,8.383,0.0183,34.3664,0.9855,0.0045,5.4942,-0.0018,1.5255
223,2026-09-25 18:35:00,T01,Temperature,14.44,24.384,0.98759,0.3182,anomaly,1,0.98759,0.3182,9.944,-9.944,0.0124,40.7808,0.9864,0.0043,5.8214,0.0059,1.7079
224,2026-09-25 18:40:00,T01,Temperature,38.014,24.222,0.98479,0.3293,anomaly,1,0.98479,0.3293,13.792,13.792,0.0152,56.94,0.9861,0.0044,8.4878,-0.0028,1.6247
225,2026-09-25 18:45:00,T01,Temperature,23.679,24.29,0.98395,0.2961,healthy,0,0.98395,0.2961,0.611,-0.611,0.0161,2.5154,0.9843,0.0022,6.561,-0.0008,0.0931
226,2026-09-25 18:50:00,T01,Temperature,45.412,24.071,0.98229,0.2566,anomaly,1,0.98229,0.2566,21.341,21.341,0.0177,88.6586,0.9841,0.0023,10.8142,-0.0017,1.9732
227,2026-09-25 18:55:00,T01,Temperature,24.063,24.208,0.98593,0.3173,healthy,0,0.98593,0.3173,0.145,-0.145,0.0141,0.599,0.9849,0.002,9.1666,0.0036,0.0158
228,2026-09-25 19:00:00,T01,Temperature,37.844,23.947,0.99275,0.3073,anomaly,1,0.99275,0.3073,13.897,13.897,0.0072,58.0323,0.9859,0.004,9.9572,0.0068,1.3955
229,2026-09-25 19:05:00,T01,Temperature,24.322,23.889,0.9857,0.2625,healthy,0,0.9857,0.2625,0.433,0.433,0.0143,1.8125,0.9861,0.004,7.2854,-0.007,0.0594
230,2026-09-25 19:10:00,T01,Temperature,23.86,23.929,0.98494,0.3081,healthy,0,0.98494,0.3081,0.069,-0.069,0.0151,0.2884,0.9863,0.0039,7.177,-0.0008,0.0096
231,2026-09-25 19:15:00,T01,Temperature,32.767,23.868,0.98419,0.3193,anomaly,1,0.98419,0.3193,8.899,8.899,0.0158,37.2842,0.9867,0.0034,4.6886,-0.0008,1.8976
232,2026-09-25 19:20:00,T01,Temperature,37.067,23.513,0.98658,0.3182,anomaly,1,0.98658,0.3182,13.554,13.554,0.0134,57.6447,0.9868,0.0034,7.3704,0.0024,1.8387
233,2026-09-25 19:25:00,T01,Temperature,23.709,23.41,0.98613,0.281,healthy,0,0.98613,0.281,0.299,0.299,0.0139,1.2772,0.9855,0.001,4.6508,-0.0005,0.0643
234,2026-09-25 19:30:00,T01,Temperature,23.746,23.518,0.98015,0.2525,healthy,0,0.98015,0.2525,0.228,0.228,0.0199,0.9695,0.9844,0.0026,4.6098,-0.006,0.0494
235,2026-09-25 19:35:00,T01,Temperature,31.91,23.581,0.98581,0.2993,anomaly,1,0.98581,0.2993,8.329,8.329,0.0142,35.3208,0.9846,0.0026,6.2618,0.0057,1.3299
236,2026-09-25 19:40:00,T01,Temperature,23.148,23.331,0.98497,0.2885,healthy,0,0.98497,0.2885,0.183,-0.183,0.015,0.7844,0.9847,0.0026,4.5186,-0.0008,0.0405
237,2026-09-25 19:45:00,T01,Temperature,22.826,23.241,0.98705,0.3027,healthy,0,0.98705,0.3027,0.415,-0.415,0.013,1.7856,0.9848,0.0027,1.8908,0.0021,0.2194
238,2026-09-25 19:50:00,T01,Temperature,45.301,23.196,0.98566,0.2706,anomaly,1,0.98566,0.2706,22.105,22.105,0.0143,95.2966,0.9847,0.0027,6.252,-0.0014,3.5351
239,2026-09-25 19:55:00,T01,Temperature,23.44,23.322,0.98371,0.3209,healthy,0,0.98371,0.3209,0.118,0.118,0.0163,0.506,0.9854,0.0012,6.23,-0.002,0.0189
240,2026-09-25 20:00:00,T01,Temperature,23.466,23.181,0.98718,0.3034,healthy,0,0.98718,0.3034,0.285,0.285,0.0128,1.2295,0.9857,0.0015,4.6212,0.0035,0.0617
241,2026-09-25 20:05:00,T01,Temperature,37.597,23.537,0.99366,0.3521,anomaly,1,0.99366,0.3521,14.06,14.06,0.0063,59.7357,0.9875,0.0037,7.3966,0.0065,1.9006
242,2026-09-25 20:10:00,T01,Temperature,23.243,23.349,0.98974,0.2873,healthy,0,0.98974,0.2873,0.106,-0.106,0.0103,0.454,0.988,0.0039,7.3348,-0.0039,0.0144
243,2026-09-25 20:15:00,T01,Temperature,23.0,22.848,0.98463,0.3313,healthy,0,0.98463,0.3313,0.152,0.152,0.0154,0.6653,0.9878,0.004,2.9442,-0.0051,0.0516
244,2026-09-25 20:20:00,T01,Temperature,44.697,22.821,0.97794,0.2772,anomaly,1,0.97794,0.2772,21.876,21.876,0.0221,95.8591,0.9866,0.0059,7.2958,-0.0067,2.998
245,2026-09-25 20:25:00,T01,Temperature,23.518,23.256,0.98478,0.328,healthy,0,0.98478,0.328,0.262,0.262,0.0152,1.1266,0.9862,0.0059,7.2912,0.0068,0.0359
246,2026-09-25 20:30:00,T01,Temperature,23.198,22.884,0.98207,0.3067,healthy,0,0.98207,0.3067,0.314,0.314,0.0179,1.3721,0.9838,0.0043,4.542,-0.0027,0.0691
247,2026-09-25 20:35:00,T01,Temperature,22.86,23.032,0.98856,0.251,healthy,0,0.98856,0.251,0.172,-0.172,0.0114,0.7468,0.9836,0.0039,4.5552,0.0065,0.0378
248,2026-09-25 20:40:00,T01,Temperature,23.371,23.252,0.98776,0.2812,healthy,0,0.98776,0.2812,0.119,0.119,0.0122,0.5118,0.9842,0.0044,4.5486,-0.0008,0.0262
249,2026-09-25 20:45:00,T01,Temperature,23.051,23.066,0.98442,0.2505,healthy,0,0.98442,0.2505,0.015,-0.015,0.0156,0.065,0.9855,0.0026,0.1764,-0.0033,0.0846
250,2026-09-25 20:50:00,T01,Temperature,44.601,23.123,0.98063,0.3345,anomaly,1,0.98063,0.3345,21.478,21.478,0.0194,92.8859,0.9847,0.0035,4.4196,-0.0038,4.8586
251,2026-09-25 20:55:00,T01,Temperature,36.336,22.758,0.98224,0.3461,anomaly,1,0.98224,0.3461,13.578,13.578,0.0178,59.6625,0.9847,0.0034,7.0724,0.0016,1.9196
252,2026-09-25 21:00:00,T01,Temperature,45.056,22.686,0.97852,0.2922,anomaly,1,0.97852,0.2922,22.37,22.37,0.0215,98.6071,0.9827,0.0036,11.512,-0.0037,1.943
253,2026-09-25 21:05:00,T01,Temperature,23.223,22.775,0.98173,0.3362,healthy,0,0.98173,0.3362,0.448,0.448,0.0183,1.9671,0.9815,0.0022,11.5778,0.0032,0.0387
254,2026-09-25 21:10:00,T01,Temperature,37.509,23.034,0.99654,0.2952,anomaly,1,0.99654,0.2952,14.475,14.475,0.0035,62.8419,0.9839,0.0072,14.4698,0.0148,1.0003
255,2026-09-25 21:15:00,T01,Temperature,22.714,23.024,0.98362,0.2961,healthy,0,0.98362,0.2961,0.31,-0.31,0.0164,1.3464,0.9845,0.007,10.2362,-0.0129,0.0303
256,2026-09-25 21:20:00,T01,Temperature,23.146,23.042,0.981,0.3275,healthy,0,0.981,0.3275,0.104,0.104,0.019,0.4513,0.9843,0.0071,7.5414,-0.0026,0.0138
257,2026-09-25 21:25:00,T01,Temperature,31.353,22.732,0.98134,0.2739,anomaly,1,0.98134,0.2739,8.621,8.621,0.0187,37.9245,0.9848,0.0066,4.7916,0.0003,1.7988
258,2026-09-25 21:30:00,T01,Temperature,23.006,23.144,0.9862,0.2757,healthy,0,0.9862,0.2757,0.138,-0.138,0.0138,0.5963,0.9857,0.0064,4.7296,0.0049,0.0292
259,2026-09-25 21:35:00,T01,Temperature,36.988,23.003,0.98598,0.2634,anomaly,1,0.98598,0.2634,13.985,13.985,0.014,60.7964,0.9836,0.0025,4.6316,-0.0002,3.0188
260,2026-09-25 21:40:00,T01,Temperature,23.285,23.265,0.98562,0.2865,healthy,0,0.98562,0.2865,0.02,0.02,0.0144,0.086,0.984,0.0026,4.5736,-0.0004,0.0044
261,2026-09-25 21:45:00,T01,Temperature,22.975,23.318,0.98737,0.3192,healthy,0,0.98737,0.3192,0.343,-0.343,0.0126,1.471,0.9853,0.0023,4.6214,0.0017,0.0742
262,2026-09-25 21:50:00,T01,Temperature,22.996,23.072,0.98559,0.3302,healthy,0,0.98559,0.3302,0.076,-0.076,0.0144,0.3294,0.9862,0.0007,2.9124,-0.0018,0.0261
263,2026-09-25 21:55:00,T01,Temperature,37.757,23.468,0.98951,0.2927,anomaly,1,0.98951,0.2927,14.289,14.289,0.0105,60.8872,0.9868,0.0017,5.7426,0.0039,2.4878
264,2026-09-25 22:00:00,T01,Temperature,45.151,23.247,0.98974,0.3226,anomaly,1,0.98974,0.3226,21.904,21.904,0.0103,94.2229,0.9876,0.002,7.3264,0.0002,2.9893
265,2026-09-25 22:05:00,T01,Temperature,23.587,23.122,0.98171,0.2734,healthy,0,0.98171,0.2734,0.465,0.465,0.0183,2.0111,0.9868,0.0033,7.4154,-0.008,0.0627
266,2026-09-25 22:10:00,T01,Temperature,23.569,23.266,0.98235,0.3493,healthy,0,0.98235,0.3493,0.303,0.303,0.0177,1.3023,0.9858,0.0038,7.4074,0.0006,0.0409
267,2026-09-25 22:15:00,T01,Temperature,23.414,23.076,0.98363,0.3018,healthy,0,0.98363,0.3018,0.338,0.338,0.0164,1.4647,0.9854,0.0039,7.4598,0.0013,0.0453
268,2026-09-25 22:20:00,T01,Temperature,23.991,23.259,0.98171,0.3307,healthy,0,0.98171,0.3307,0.732,0.732,0.0183,3.1472,0.9838,0.0034,4.7484,-0.0019,0.1541
269,2026-09-25 22:25:00,T01,Temperature,23.745,23.627,0.98615,0.2924,healthy,0,0.98615,0.2924,0.118,0.118,0.0139,0.4994,0.9831,0.0019,0.3912,0.0044,0.3009
270,2026-09-25 22:30:00,T01,Temperature,45.443,23.473,0.98529,0.2492,anomaly,1,0.98529,0.2492,21.97,21.97,0.0147,93.5969,0.9838,0.0019,4.6922,-0.0009,4.6812
271,2026-09-25 22:35:00,T01,Temperature,23.549,23.764,0.98334,0.3049,healthy,0,0.98334,0.3049,0.215,-0.215,0.0167,0.9047,0.984,0.0017,4.6746,-0.002,0.046
272,2026-09-25 22:40:00,T01,Temperature,32.286,23.948,0.98757,0.3394,anomaly,1,0.98757,0.3394,8.338,8.338,0.0124,34.8171,0.9848,0.0023,6.2746,0.0042,1.3286
273,2026-09-25 22:45:00,T01,Temperature,23.709,23.544,0.98588,0.2994,healthy,0,0.98588,0.2994,0.165,0.165,0.0141,0.7008,0.9856,0.0015,6.1612,-0.0017,0.0268
274,2026-09-25 22:50:00,T01,Temperature,23.808,23.766,0.98513,0.3142,healthy,0,0.98513,0.3142,0.042,0.042,0.0149,0.1767,0.9854,0.0015,6.146,-0.0008,0.0068
275,2026-09-25 22:55:00,T01,Temperature,23.734,23.933,0.98508,0.2789,healthy,0,0.98508,0.2789,0.199,-0.199,0.0149,0.8315,0.9854,0.0015,1.7918,-0.0,0.111
276,2026-09-25 23:00:00,T01,Temperature,32.898,24.172,0.99035,0.2917,anomaly,1,0.99035,0.2917,8.726,8.726,0.0097,36.0996,0.9868,0.0022,3.494,0.0053,2.4967
277,2026-09-25 23:05:00,T01,Temperature,46.116,23.94,0.98841,0.3268,anomaly,1,0.98841,0.3268,22.176,22.176,0.0116,92.6316,0.987,0.0023,6.2616,-0.0019,3.541
278,2026-09-25 23:10:00,T01,Temperature,32.601,23.977,0.98226,0.319,anomaly,1,0.98226,0.319,8.624,8.624,0.0177,35.9678,0.9862,0.0032,7.9534,-0.0061,1.0842
279,2026-09-25 23:15:00,T01,Temperature,23.696,24.094,0.9836,0.2807,healthy,0,0.9836,0.2807,0.398,-0.398,0.0164,1.6519,0.9859,0.0034,8.0246,0.0013,0.0496
280,2026-09-25 23:20:00,T01,Temperature,25.282,24.429,0.985,0.2535,warning,0,0.985,0.2535,0.853,0.853,0.015,3.4918,0.9859,0.0034,8.1554,0.0014,0.1046
281,2026-09-25 23:25:00,T01,Temperature,24.994,24.655,0.98648,0.3117,warning,0,0.98648,0.3117,0.339,0.339,0.0135,1.375,0.9852,0.0024,6.478,0.0015,0.0523
282,2026-09-25 23:30:00,T01,Temperature,25.279,24.441,0.98796,0.326,warning,0,0.98796,0.326,0.838,0.838,0.012,3.4287,0.9851,0.0023,2.2104,0.0015,0.3789
283,2026-09-25 23:35:00,T01,Temperature,24.969,24.314,0.98943,0.3349,warning,0,0.98943,0.3349,0.655,0.655,0.0106,2.6939,0.9865,0.0023,0.6166,0.0015,1.0606
284,2026-09-25 23:40:00,T01,Temperature,25.123,24.62,0.99091,0.3062,warning,0,0.99091,0.3062,0.503,0.503,0.0091,2.0431,0.988,0.0023,0.6376,0.0015,0.7877
285,2026-09-25 23:45:00,T01,Temperature,24.484,24.992,0.99239,0.2926,warning,0,0.99239,0.2926,0.508,-0.508,0.0076,2.0327,0.9894,0.0023,0.5686,0.0015,0.8919
286,2026-09-25 23:50:00,T01,Temperature,24.015,24.626,0.99386,0.3034,warning,0,0.99386,0.3034,0.611,-0.611,0.0061,2.4811,0.9909,0.0023,0.623,0.0015,0.9792
287,2026-09-25 23:55:00,T01,Temperature,25.906,25.109,0.99534,0.2902,warning,0,0.99534,0.2902,0.797,0.797,0.0047,3.1742,0.9924,0.0023,0.6148,0.0015,1.2943
288,2026-09-26 00:00:00,T01,Temperature,25.094,24.955,0.99682,0.3115,warning,0,0.99682,0.3115,0.139,0.139,0.0032,0.557,0.9939,0.0023,0.5116,0.0015,0.2712
289,2026-09-26 00:05:00,T01,Temperature,25.413,25.217,0.9983,0.3232,warning,0,0.9983,0.3232,0.196,0.196,0.0017,0.7773,0.9953,0.0023,0.4502,0.0015,0.4344
290,2026-09-26 00:10:00,T01,Temperature,26.559,25.115,0.99978,0.3101,warning,0,0.99978,0.3101,1.444,1.444,0.0002,5.7496,0.9968,0.0023,0.6374,0.0015,2.2619
291,2026-09-26 00:15:00,T01,Temperature,25.038,25.217,1.00125,0.2653,warning,0,1.00125,0.2653,0.179,-0.179,0.0012,0.7098,0.9983,0.0023,0.551,0.0015,0.3243
292,2026-09-26 00:20:00,T01,Temperature,25.6,25.239,1.00273,0.3012,warning,0,1.00273,0.3012,0.361,0.361,0.0027,1.4303,0.9998,0.0023,0.4638,0.0015,0.7767
293,2026-09-26 00:25:00,T01,Temperature,24.798,25.488,1.00421,0.2402,warning,0,1.00421,0.2402,0.69,-0.69,0.0042,2.7072,1.0013,0.0023,0.574,0.0015,1.2
294,2026-09-26 00:30:00,T01,Temperature,26.899,25.522,1.00568,0.3204,warning,0,1.00568,0.3204,1.377,1.377,0.0057,5.3953,1.0027,0.0023,0.8102,0.0015,1.6975
295,2026-09-26 00:35:00,T01,Temperature,25.811,25.496,1.00716,0.3173,warning,0,1.00716,0.3173,0.315,0.315,0.0072,1.2355,1.0042,0.0023,0.5844,0.0015,0.5381
296,2026-09-26 00:40:00,T01,Temperature,26.468,25.602,1.00864,0.3164,warning,0,1.00864,0.3164,0.866,0.866,0.0086,3.3825,1.0057,0.0023,0.7218,0.0015,1.1981
297,2026-09-26 00:45:00,T01,Temperature,26.176,25.47,1.01012,0.2693,warning,0,1.01012,0.2693,0.706,0.706,0.0101,2.7719,1.0072,0.0023,0.7908,0.0015,0.8916
298,2026-09-26 00:50:00,T01,Temperature,25.974,25.828,1.0116,0.3299,warning,0,1.0116,0.3299,0.146,0.146,0.0116,0.5653,1.0086,0.0023,0.682,0.0015,0.2138
299,2026-09-26 00:55:00,T01,Temperature,26.664,25.686,1.01307,0.3073,warning,0,1.01307,0.3073,0.978,0.978,0.0131,3.8075,1.0101,0.0023,0.6022,0.0015,1.6214
300,2026-09-26 01:00:00,T01,Temperature,25.716,25.931,1.01455,0.3377,warning,0,1.01455,0.3377,0.215,-0.215,0.0146,0.8291,1.0116,0.0023,0.5822,0.0015,0.3687
301,2026-09-26 01:05:00,T01,Temperature,26.045,25.99,1.01603,0.3492,warning,0,1.01603,0.3492,0.055,0.055,0.016,0.2116,1.0131,0.0023,0.42,0.0015,0.1306
302,2026-09-26 01:10:00,T01,Temperature,26.798,26.279,1.0175,0.2922,warning,0,1.0175,0.2922,0.519,0.519,0.0175,1.975,1.0146,0.0023,0.3826,0.0015,1.353
303,2026-09-26 01:15:00,T01,Temperature,26.837,26.358,1.01898,0.2618,warning,0,1.01898,0.2618,0.479,0.479,0.019,1.8173,1.016,0.0023,0.4492,0.0015,1.064
304,2026-09-26 01:20:00,T01,Temperature,27.347,26.18,1.02046,0.2692,warning,0,1.02046,0.2692,1.167,1.167,0.0205,4.4576,1.0175,0.0023,0.487,0.0015,2.3914
305,2026-09-26 01:25:00,T01,Temperature,26.288,26.286,1.02194,0.2618,warning,0,1.02194,0.2618,0.002,0.002,0.0219,0.0076,1.019,0.0023,0.4444,0.0015,0.0045
306,2026-09-26 01:30:00,T01,Temperature,27.278,26.819,1.02342,0.2651,warning,0,1.02342,0.2651,0.459,0.459,0.0234,1.7115,1.0205,0.0023,0.5252,0.0015,0.8723
307,2026-09-26 01:35:00,T01,Temperature,26.798,26.533,1.02489,0.2702,warning,0,1.02489,0.2702,0.265,0.265,0.0249,0.9988,1.0219,0.0023,0.4744,0.0015,0.5574
308,2026-09-26 01:40:00,T01,Temperature,27.488,26.687,1.02637,0.3323,warning,0,1.02637,0.3323,0.801,0.801,0.0264,3.0015,1.0234,0.0023,0.5388,0.0015,1.4839
309,2026-09-26 01:45:00,T01,Temperature,27.567,26.709,1.02785,0.2477,warning,0,1.02785,0.2477,0.858,0.858,0.0278,3.2124,1.0249,0.0023,0.477,0.0015,1.795
310,2026-09-26 01:50:00,T01,Temperature,27.935,26.721,1.02932,0.316,warning,0,1.02932,0.316,1.214,1.214,0.0293,4.5432,1.0264,0.0023,0.7194,0.0015,1.6852
311,2026-09-26 01:55:00,T01,Temperature,28.013,26.761,1.0308,0.314,warning,0,1.0308,0.314,1.252,1.252,0.0308,4.6784,1.0278,0.0023,0.878,0.0015,1.4243
312,2026-09-26 02:00:00,T01,Temperature,28.437,26.707,1.03228,0.2787,warning,0,1.03228,0.2787,1.73,1.73,0.0323,6.4777,1.0293,0.0023,1.171,0.0015,1.4761
313,2026-09-26 02:05:00,T01,Temperature,28.258,26.632,1.03376,0.311,warning,0,1.03376,0.311,1.626,1.626,0.0338,6.1054,1.0308,0.0023,1.336,0.0015,1.2162
314,2026-09-26 02:10:00,T01,Temperature,28.267,26.793,1.03524,0.2977,warning,0,1.03524,0.2977,1.474,1.474,0.0352,5.5014,1.0323,0.0023,1.4592,0.0015,1.0095
315,2026-09-26 02:15:00,T01,Temperature,27.444,26.483,1.03671,0.3071,warning,0,1.03671,0.3071,0.961,0.961,0.0367,3.6287,1.0338,0.0023,1.4086,0.0015,0.6818
316,2026-09-26 02:20:00,T01,Temperature,28.292,27.059,1.03819,0.2339,warning,0,1.03819,0.2339,1.233,1.233,0.0382,4.5567,1.0352,0.0023,1.4048,0.0015,0.8771
317,2026-09-26 02:25:00,T01,Temperature,28.289,27.05,1.03967,0.2795,warning,0,1.03967,0.2795,1.239,1.239,0.0397,4.5804,1.0367,0.0023,1.3066,0.0015,0.9475
318,2026-09-26 02:30:00,T01,Temperature,28.587,26.914,1.04115,0.3172,warning,0,1.04115,0.3172,1.673,1.673,0.0412,6.2161,1.0382,0.0023,1.316,0.0015,1.2703
319,2026-09-26 02:35:00,T01,Temperature,28.361,26.942,1.04262,0.2989,warning,0,1.04262,0.2989,1.419,1.419,0.0426,5.2669,1.0397,0.0023,1.305,0.0015,1.0865
320,2026-09-26 02:40:00,T01,Temperature,28.63,27.094,1.0441,0.3109,warning,0,1.0441,0.3109,1.536,1.536,0.0441,5.6692,1.0411,0.0023,1.42,0.0015,1.0809
321,2026-09-26 02:45:00,T01,Temperature,28.736,27.112,1.04558,0.2666,warning,0,1.04558,0.2666,1.624,1.624,0.0456,5.99,1.0426,0.0023,1.4982,0.0015,1.0832
322,2026-09-26 02:50:00,T01,Temperature,28.989,26.967,1.04706,0.3613,warning,0,1.04706,0.3613,2.022,2.022,0.0471,7.4981,1.0441,0.0023,1.6548,0.0015,1.2212
323,2026-09-26 02:55:00,T01,Temperature,28.658,26.946,1.04853,0.3639,warning,0,1.04853,0.3639,1.712,1.712,0.0485,6.3534,1.0456,0.0023,1.6626,0.0015,1.0291
324,2026-09-26 03:00:00,T01,Temperature,28.065,27.24,1.05001,0.276,warning,0,1.05001,0.276,0.825,0.825,0.05,3.0286,1.0471,0.0023,1.5438,0.0015,0.534
325,2026-09-26 03:05:00,T01,Temperature,28.526,26.917,1.05149,0.2819,warning,0,1.05149,0.2819,1.609,1.609,0.0515,5.9776,1.0485,0.0023,1.5584,0.0015,1.0318
326,2026-09-26 03:10:00,T01,Temperature,28.51,27.073,1.05296,0.2718,warning,0,1.05296,0.2718,1.437,1.437,0.053,5.3079,1.05,0.0023,1.521,0.0015,0.9442
327,2026-09-26 03:15:00,T01,Temperature,28.699,27.082,1.05444,0.3049,warning,0,1.05444,0.3049,1.617,1.617,0.0544,5.9708,1.0515,0.0023,1.44,0.0015,1.1221
328,2026-09-26 03:20:00,T01,Temperature,29.204,27.122,1.05592,0.2638,warning,0,1.05592,0.2638,2.082,2.082,0.0559,7.6764,1.053,0.0023,1.514,0.0015,1.3743
329,2026-09-26 03:25:00,T01,Temperature,28.075,26.899,1.0574,0.3074,warning,0,1.0574,0.3074,1.176,1.176,0.0574,4.3719,1.0544,0.0023,1.5842,0.0015,0.7419
330,2026-09-26 03:30:00,T01,Temperature,29.325,27.094,1.05888,0.3175,warning,0,1.05888,0.3175,2.231,2.231,0.0589,8.2343,1.0559,0.0023,1.7086,0.0015,1.305
331,2026-09-26 03:35:00,T01,Temperature,28.988,27.01,1.06035,0.3359,warning,0,1.06035,0.3359,1.978,1.978,0.0603,7.3232,1.0574,0.0023,1.8168,0.0015,1.0881
332,2026-09-26 03:40:00,T01,Temperature,29.008,26.927,1.06183,0.3337,warning,0,1.06183,0.3337,2.081,2.081,0.0618,7.7283,1.0589,0.0023,1.9096,0.0015,1.0892
333,2026-09-26 03:45:00,T01,Temperature,29.327,26.882,1.06331,0.2914,warning,0,1.06331,0.2914,2.445,2.445,0.0633,9.0953,1.0604,0.0023,1.9822,0.0015,1.2329
334,2026-09-26 03:50:00,T01,Temperature,28.657,26.905,1.06478,0.2893,warning,0,1.06478,0.2893,1.752,1.752,0.0648,6.5118,1.0618,0.0023,2.0974,0.0015,0.8349
335,2026-09-26 03:55:00,T01,Temperature,28.263,26.557,1.06626,0.3009,warning,0,1.06626,0.3009,1.706,1.706,0.0663,6.4239,1.0633,0.0023,1.9924,0.0015,0.8558
336,2026-09-26 04:00:00,T01,Temperature,28.477,26.778,1.06774,0.2702,warning,0,1.06774,0.2702,1.699,1.699,0.0677,6.3448,1.0648,0.0023,1.9366,0.0015,0.8769
337,2026-09-26 04:05:00,T01,Temperature,29.455,26.928,1.06922,0.2702,warning,0,1.06922,0.2702,2.527,2.527,0.0692,9.3843,1.0663,0.0023,2.0258,0.0015,1.2468
338,2026-09-26 04:10:00,T01,Temperature,28.699,26.766,1.07069,0.3392,warning,0,1.07069,0.3392,1.933,1.933,0.0707,7.2218,1.0677,0.0023,1.9234,0.0015,1.0045
339,2026-09-26 04:15:00,T01,Temperature,28.814,26.455,1.07217,0.2825,warning,0,1.07217,0.2825,2.359,2.359,0.0722,8.917,1.0692,0.0023,2.0448,0.0015,1.1531
340,2026-09-26 04:20:00,T01,Temperature,32.323,26.637,1.2017,0.3317,unhealthy,0,1.2017,0.3317,5.686,5.686,0.2017,21.3462,1.0963,0.0589,2.8408,0.1295,2.0008
341,2026-09-26 04:25:00,T01,Temperature,33.217,26.275,1.20334,0.3255,unhealthy,0,1.20334,0.3255,6.942,6.942,0.2033,26.4206,1.1234,0.0722,3.8894,0.0016,1.7844
342,2026-09-26 04:30:00,T01,Temperature,34.639,26.422,1.20498,0.2743,unhealthy,0,1.20498,0.2743,8.217,8.217,0.205,31.0991,1.1506,0.0723,5.0274,0.0016,1.6341
343,2026-09-26 04:35:00,T01,Temperature,32.556,26.416,1.20663,0.2877,unhealthy,0,1.20663,0.2877,6.14,6.14,0.2066,23.2435,1.1778,0.0591,5.8688,0.0017,1.046
344,2026-09-26 04:40:00,T01,Temperature,32.946,25.952,1.20827,0.276,unhealthy,0,1.20827,0.276,6.994,6.994,0.2083,26.9498,1.205,0.0026,6.7958,0.0016,1.029
345,2026-09-26 04:45:00,T01,Temperature,32.894,26.145,1.20991,0.2918,unhealthy,0,1.20991,0.2918,6.749,6.749,0.2099,25.8137,1.2066,0.0026,7.0084,0.0016,0.9628
346,2026-09-26 04:50:00,T01,Temperature,31.409,26.269,1.21155,0.2714,unhealthy,0,1.21155,0.2714,5.14,5.14,0.2115,19.5668,1.2083,0.0026,6.648,0.0016,0.773
347,2026-09-26 04:55:00,T01,Temperature,32.983,26.003,1.21319,0.3052,unhealthy,0,1.21319,0.3052,6.98,6.98,0.2132,26.8431,1.2099,0.0026,6.4006,0.0016,1.0904
348,2026-09-26 05:00:00,T01,Temperature,32.168,25.927,1.21483,0.3235,unhealthy,0,1.21483,0.3235,6.241,6.241,0.2148,24.0714,1.2116,0.0026,6.4208,0.0016,0.9718
349,2026-09-26 05:05:00,T01,Temperature,33.886,25.901,1.21647,0.3105,unhealthy,0,1.21647,0.3105,7.985,7.985,0.2165,30.8289,1.2132,0.0026,6.619,0.0016,1.2062
350,2026-09-26 05:10:00,T01,Temperature,32.747,25.789,1.21812,0.3376,unhealthy,0,1.21812,0.3376,6.958,6.958,0.2181,26.9805,1.2148,0.0026,6.6608,0.0017,1.0445
351,2026-09-26 05:15:00,T01,Temperature,33.135,25.832,1.21976,0.2833,unhealthy,0,1.21976,0.2833,7.303,7.303,0.2198,28.2711,1.2165,0.0026,7.0934,0.0016,1.0294
352,2026-09-26 05:20:00,T01,Temperature,34.42,25.664,1.2214,0.2951,unhealthy,0,1.2214,0.2951,8.756,8.756,0.2214,34.1178,1.2181,0.0026,7.4486,0.0016,1.1754
353,2026-09-26 05:25:00,T01,Temperature,31.657,25.753,1.22304,0.3072,unhealthy,0,1.22304,0.3072,5.904,5.904,0.223,22.9255,1.2198,0.0026,7.3812,0.0016,0.7998
354,2026-09-26 05:30:00,T01,Temperature,31.922,25.6,1.22468,0.3345,unhealthy,0,1.22468,0.3345,6.322,6.322,0.2247,24.6953,1.2214,0.0026,7.0486,0.0016,0.8968
355,2026-09-26 05:35:00,T01,Temperature,31.757,25.403,1.22632,0.2963,unhealthy,0,1.22632,0.2963,6.354,6.354,0.2263,25.0128,1.223,0.0026,6.9278,0.0016,0.917
356,2026-09-26 05:40:00,T01,Temperature,32.668,25.498,1.22797,0.3067,unhealthy,0,1.22797,0.3067,7.17,7.17,0.228,28.1199,1.2247,0.0026,6.9012,0.0016,1.0388
357,2026-09-26 05:45:00,T01,Temperature,33.857,25.259,1.22961,0.3253,unhealthy,0,1.22961,0.3253,8.598,8.598,0.2296,34.0394,1.2263,0.0026,6.8696,0.0016,1.2514
358,2026-09-26 05:50:00,T01,Temperature,31.807,25.216,1.23125,0.2749,unhealthy,0,1.23125,0.2749,6.591,6.591,0.2312,26.1382,1.228,0.0026,7.007,0.0016,0.9405
359,2026-09-26 05:55:00,T01,Temperature,31.53,25.1,1.23289,0.311,unhealthy,0,1.23289,0.311,6.43,6.43,0.2329,25.6175,1.2296,0.0026,7.0286,0.0016,0.9147
360,2026-09-26 06:00:00,T01,Temperature,31.855,25.017,1.23453,0.2723,unhealthy,0,1.23453,0.2723,6.838,6.838,0.2345,27.3334,1.2312,0.0026,7.1254,0.0016,0.9595
361,2026-09-26 06:05:00,T01,Temperature,30.81,24.792,1.23617,0.2756,unhealthy,0,1.23617,0.2756,6.018,6.018,0.2362,24.274,1.2329,0.0026,6.895,0.0016,0.8727
362,2026-09-26 06:10:00,T01,Temperature,31.062,24.786,1.23782,0.2788,unhealthy,0,1.23782,0.2788,6.276,6.276,0.2378,25.3207,1.2345,0.0026,6.4306,0.0016,0.9758
363,2026-09-26 06:15:00,T01,Temperature,33.658,24.568,1.23946,0.3015,unhealthy,0,1.23946,0.3015,9.09,9.09,0.2395,36.9993,1.2362,0.0026,6.9304,0.0016,1.3114
364,2026-09-26 06:20:00,T01,Temperature,31.398,24.378,1.2411,0.2664,unhealthy,0,1.2411,0.2664,7.02,7.02,0.2411,28.7965,1.2378,0.0026,7.0484,0.0016,0.9958
365,2026-09-26 06:25:00,T01,Temperature,33.163,24.571,1.24274,0.2872,unhealthy,0,1.24274,0.2872,8.592,8.592,0.2427,34.9681,1.2395,0.0026,7.3992,0.0016,1.161
366,2026-09-26 06:30:00,T01,Temperature,32.749,24.363,1.24438,0.3283,unhealthy,0,1.24438,0.3283,8.386,8.386,0.2444,34.421,1.2411,0.0026,7.8728,0.0016,1.0651
367,2026-09-26 06:35:00,T01,Temperature,32.165,24.397,1.24602,0.311,unhealthy,0,1.24602,0.311,7.768,7.768,0.246,31.84,1.2427,0.0026,8.1712,0.0016,0.9505
368,2026-09-26 06:40:00,T01,Temperature,31.538,24.2,1.24767,0.3168,unhealthy,0,1.24767,0.3168,7.338,7.338,0.2477,30.3223,1.2444,0.0026,7.8208,0.0017,0.9381
369,2026-09-26 06:45:00,T01,Temperature,30.453,24.046,1.24931,0.3083,unhealthy,0,1.24931,0.3083,6.407,6.407,0.2493,26.6448,1.246,0.0026,7.6982,0.0016,0.8322
370,2026-09-26 06:50:00,T01,Temperature,31.623,24.029,1.25095,0.3034,unhealthy,0,1.25095,0.3034,7.594,7.594,0.251,31.6035,1.2477,0.0026,7.4986,0.0016,1.0126
371,2026-09-26 06:55:00,T01,Temperature,31.873,23.987,1.25259,0.3075,unhealthy,0,1.25259,0.3075,7.886,7.886,0.2526,32.8761,1.2493,0.0026,7.3986,0.0016,1.0657
372,2026-09-26 07:00:00,T01,Temperature,31.854,23.818,1.25423,0.2513,unhealthy,0,1.25423,0.2513,8.036,8.036,0.2542,33.7392,1.251,0.0026,7.4522,0.0016,1.0782
373,2026-09-26 07:05:00,T01,Temperature,31.814,23.854,1.25587,0.2905,unhealthy,0,1.25587,0.2905,7.96,7.96,0.2559,33.3697,1.2526,0.0026,7.5766,0.0016,1.0505
374,2026-09-26 07:10:00,T01,Temperature,31.629,23.702,1.25752,0.2822,unhealthy,0,1.25752,0.2822,7.927,7.927,0.2575,33.4444,1.2542,0.0026,7.8806,0.0016,1.0058
375,2026-09-26 07:15:00,T01,Temperature,31.584,23.693,1.25916,0.2849,unhealthy,0,1.25916,0.2849,7.891,7.891,0.2592,33.3052,1.2559,0.0026,7.94,0.0016,0.9937
376,2026-09-26 07:20:00,T01,Temperature,31.706,23.747,1.2608,0.2822,unhealthy,0,1.2608,0.2822,7.959,7.959,0.2608,33.5158,1.2575,0.0026,7.9546,0.0016,1.0004
377,2026-09-26 07:25:00,T01,Temperature,30.787,23.415,1.26244,0.2828,unhealthy,0,1.26244,0.2828,7.372,7.372,0.2624,31.4841,1.2592,0.0026,7.8218,0.0016,0.9424
378,2026-09-26 07:30:00,T01,Temperature,30.8,23.434,1.26408,0.3424,unhealthy,0,1.26408,0.3424,7.366,7.366,0.2641,31.433,1.2608,0.0026,7.703,0.0016,0.9561
379,2026-09-26 07:35:00,T01,Temperature,31.354,23.584,1.26572,0.3253,unhealthy,0,1.26572,0.3253,7.77,7.77,0.2657,32.9461,1.2624,0.0026,7.6716,0.0016,1.0127
380,2026-09-26 07:40:00,T01,Temperature,31.722,23.491,1.26737,0.3283,unhealthy,0,1.26737,0.3283,8.231,8.231,0.2674,35.039,1.2641,0.0026,7.7396,0.0017,1.0634
381,2026-09-26 07:45:00,T01,Temperature,31.563,23.193,1.26901,0.249,unhealthy,0,1.26901,0.249,8.37,8.37,0.269,36.0885,1.2657,0.0026,7.8218,0.0016,1.0699
382,2026-09-26 07:50:00,T01,Temperature,29.841,23.229,1.27065,0.3045,unhealthy,0,1.27065,0.3045,6.612,6.612,0.2707,28.4644,1.2674,0.0026,7.6698,0.0016,0.862
383,2026-09-26 07:55:00,T01,Temperature,32.162,23.499,1.27229,0.2833,unhealthy,0,1.27229,0.2833,8.663,8.663,0.2723,36.8654,1.269,0.0026,7.9292,0.0016,1.0924
384,2026-09-26 08:00:00,T01,Temperature,30.351,23.165,1.27393,0.3258,unhealthy,0,1.27393,0.3258,7.186,7.186,0.2739,31.0209,1.2707,0.0026,7.8124,0.0016,0.9197
385,2026-09-26 08:05:00,T01,Temperature,31.003,23.484,1.27557,0.2846,unhealthy,0,1.27557,0.2846,7.519,7.519,0.2756,32.0175,1.2723,0.0026,7.67,0.0016,0.9802
386,2026-09-26 08:10:00,T01,Temperature,30.37,23.224,1.27722,0.3263,unhealthy,0,1.27722,0.3263,7.146,7.146,0.2772,30.7699,1.2739,0.0026,7.4252,0.0016,0.9623
387,2026-09-26 08:15:00,T01,Temperature,31.568,23.1,1.27886,0.2977,unhealthy,0,1.27886,0.2977,8.468,8.468,0.2789,36.658,1.2756,0.0026,7.7964,0.0016,1.086
388,2026-09-26 08:20:00,T01,Temperature,30.756,23.301,1.2805,0.3117,unhealthy,0,1.2805,0.3117,7.455,7.455,0.2805,31.9943,1.2772,0.0026,7.5548,0.0016,0.9867
389,2026-09-26 08:25:00,T01,Temperature,31.813,23.061,1.28214,0.3272,unhealthy,0,1.28214,0.3272,8.752,8.752,0.2821,37.9515,1.2789,0.0026,7.868,0.0016,1.1122
390,2026-09-26 08:30:00,T01,Temperature,28.85,23.099,1.28378,0.2522,unhealthy,0,1.28378,0.2522,5.751,5.751,0.2838,24.8972,1.2805,0.0026,7.5144,0.0016,0.7652
391,2026-09-26 08:35:00,T01,Temperature,31.912,22.963,1.28542,0.2614,unhealthy,0,1.28542,0.2614,8.949,8.949,0.2854,38.9714,1.2821,0.0026,7.875,0.0016,1.1362
392,2026-09-26 08:40:00,T01,Temperature,30.048,23.385,1.28707,0.3087,unhealthy,0,1.28707,0.3087,6.663,6.663,0.2871,28.4926,1.2838,0.0026,7.514,0.0016,0.8866
393,2026-09-26 08:45:00,T01,Temperature,31.663,22.8,1.28871,0.2847,unhealthy,0,1.28871,0.2847,8.863,8.863,0.2887,38.8728,1.2854,0.0026,7.7956,0.0016,1.1368
394,2026-09-26 08:50:00,T01,Temperature,31.204,22.92,1.29035,0.2827,unhealthy,0,1.29035,0.2827,8.284,8.284,0.2904,36.1431,1.2871,0.0026,7.702,0.0016,1.0754
395,2026-09-26 08:55:00,T01,Temperature,31.876,22.937,1.29199,0.2912,unhealthy,0,1.29199,0.2912,8.939,8.939,0.292,38.972,1.2887,0.0026,8.3396,0.0016,1.0717
396,2026-09-26 09:00:00,T01,Temperature,31.622,22.987,1.29363,0.2663,unhealthy,0,1.29363,0.2663,8.635,8.635,0.2936,37.5647,1.2904,0.0026,8.2768,0.0016,1.0432
397,2026-09-26 09:05:00,T01,Temperature,31.752,22.825,1.29527,0.2641,unhealthy,0,1.29527,0.2641,8.927,8.927,0.2953,39.1106,1.292,0.0026,8.7296,0.0016,1.0225
398,2026-09-26 09:10:00,T01,Temperature,32.048,23.071,1.29692,0.3173,unhealthy,0,1.29692,0.3173,8.977,8.977,0.2969,38.9103,1.2936,0.0026,8.7524,0.0017,1.0255
399,2026-09-26 09:15:00,T01,Temperature,31.165,22.917,1.29856,0.334,unhealthy,0,1.29856,0.334,8.248,8.248,0.2986,35.9907,1.2953,0.0026,8.7452,0.0016,0.943
400,2026-09-25 00:00:00,T02,Temperature,25.974,25.35,0.98227,0.4216,healthy,0,0.98227,0.4216,0.624,0.624,0.0177,2.4615,0.9823,0.0,0.624,0.0,0.9984
401,2026-09-25 00:05:00,T02,Temperature,25.121,25.102,0.98162,0.4607,healthy,0,0.98162,0.4607,0.019,0.019,0.0184,0.0757,0.9819,0.0005,0.3215,-0.0006,0.0589
402,2026-09-25 00:10:00,T02,Temperature,26.287,25.821,0.9794,0.4389,healthy,0,0.9794,0.4389,0.466,0.466,0.0206,1.8047,0.9811,0.0015,0.3697,-0.0022,1.2572
403,2026-09-25 00:15:00,T02,Temperature,25.707,25.596,0.98256,0.4541,healthy,0,0.98256,0.4541,0.111,0.111,0.0174,0.4337,0.9815,0.0014,0.305,0.0032,0.3627
404,2026-09-25 00:20:00,T02,Temperature,26.162,25.883,0.97833,0.4464,healthy,0,0.97833,0.4464,0.279,0.279,0.0217,1.0779,0.9808,0.0019,0.2998,-0.0042,0.9275
405,2026-09-25 00:25:00,T02,Temperature,26.07,25.602,0.97886,0.4716,healthy,0,0.97886,0.4716,0.468,0.468,0.0211,1.828,0.9802,0.0018,0.2686,0.0005,1.7359
406,2026-09-25 00:30:00,T02,Temperature,25.594,25.697,0.97966,0.4273,healthy,0,0.97966,0.4273,0.103,-0.103,0.0203,0.4008,0.9798,0.0016,0.2854,0.0008,0.3596
407,2026-09-25 00:35:00,T02,Temperature,26.088,25.996,0.98016,0.4218,healthy,0,0.98016,0.4218,0.092,0.092,0.0198,0.3539,0.9799,0.0016,0.2106,0.0005,0.4348
408,2026-09-25 00:40:00,T02,Temperature,26.84,26.073,0.97888,0.4035,healthy,0,0.97888,0.4035,0.767,0.767,0.0211,2.9417,0.9792,0.0007,0.3418,-0.0013,2.2375
409,2026-09-25 00:45:00,T02,Temperature,25.635,25.73,0.97928,0.4581,healthy,0,0.97928,0.4581,0.095,-0.095,0.0207,0.3692,0.9794,0.0006,0.305,0.0004,0.3105
410,2026-09-25 00:50:00,T02,Temperature,25.595,26.039,0.98115,0.3663,healthy,0,0.98115,0.3663,0.444,-0.444,0.0189,1.7051,0.9798,0.0009,0.3002,0.0019,1.4741
411,2026-09-25 00:55:00,T02,Temperature,26.218,26.139,0.97919,0.4545,healthy,0,0.97919,0.4545,0.079,0.079,0.0208,0.3022,0.9797,0.0009,0.2954,-0.002,0.2665
412,2026-09-25 01:00:00,T02,Temperature,25.535,25.838,0.98255,0.4326,healthy,0,0.98255,0.4326,0.303,-0.303,0.0174,1.1727,0.9802,0.0016,0.3376,0.0034,0.8949
413,2026-09-25 01:05:00,T02,Temperature,26.415,26.32,0.98021,0.4919,healthy,0,0.98021,0.4919,0.095,0.095,0.0198,0.3609,0.9805,0.0014,0.2032,-0.0023,0.4652
414,2026-09-25 01:10:00,T02,Temperature,26.169,26.559,0.97812,0.455,healthy,0,0.97812,0.455,0.39,-0.39,0.0219,1.4684,0.9802,0.0017,0.2622,-0.0021,1.4818
415,2026-09-25 01:15:00,T02,Temperature,26.392,26.444,0.97977,0.4445,healthy,0,0.97977,0.4445,0.052,-0.052,0.0202,0.1966,0.98,0.0016,0.1838,0.0017,0.2814
416,2026-09-25 01:20:00,T02,Temperature,26.611,26.625,0.97679,0.4185,healthy,0,0.97679,0.4185,0.014,-0.014,0.0232,0.0526,0.9795,0.0022,0.1708,-0.003,0.0815
417,2026-09-25 01:25:00,T02,Temperature,25.864,26.356,0.98009,0.4482,healthy,0,0.98009,0.4482,0.492,-0.492,0.0199,1.8667,0.979,0.0015,0.2086,0.0033,2.3473
418,2026-09-25 01:30:00,T02,Temperature,26.376,26.371,0.97475,0.4073,healthy,0,0.97475,0.4073,0.005,0.005,0.0252,0.019,0.9779,0.0022,0.1906,-0.0053,0.0261
419,2026-09-25 01:35:00,T02,Temperature,26.707,26.714,0.9804,0.4228,healthy,0,0.9804,0.4228,0.007,-0.007,0.0196,0.0262,0.9784,0.0025,0.114,0.0057,0.0609
420,2026-09-25 01:40:00,T02,Temperature,27.044,26.814,0.97746,0.4543,healthy,0,0.97746,0.4543,0.23,0.23,0.0225,0.8578,0.9779,0.0024,0.1496,-0.0029,1.5272
421,2026-09-25 01:45:00,T02,Temperature,26.412,26.714,0.98212,0.4336,healthy,0,0.98212,0.4336,0.302,-0.302,0.0179,1.1305,0.979,0.0029,0.2072,0.0047,1.4505
422,2026-09-25 01:50:00,T02,Temperature,27.171,26.949,0.98407,0.453,healthy,0,0.98407,0.453,0.222,0.222,0.0159,0.8238,0.9798,0.0037,0.1532,0.002,1.4397
423,2026-09-25 01:55:00,T02,Temperature,26.925,26.811,0.97752,0.4558,healthy,0,0.97752,0.4558,0.114,0.114,0.0225,0.4252,0.9803,0.0029,0.175,-0.0066,0.6477
424,2026-09-25 02:00:00,T02,Temperature,26.568,26.883,0.98126,0.4271,healthy,0,0.98126,0.4271,0.315,-0.315,0.0187,1.1717,0.9805,0.0029,0.2366,0.0037,1.3258
425,2026-09-25 02:05:00,T02,Temperature,27.775,27.174,0.98213,0.4278,healthy,0,0.98213,0.4278,0.601,0.601,0.0179,2.2117,0.9814,0.0024,0.3108,0.0009,1.9275
426,2026-09-25 02:10:00,T02,Temperature,27.16,26.977,0.98017,0.447,healthy,0,0.98017,0.447,0.183,0.183,0.0198,0.6784,0.981,0.0024,0.287,-0.002,0.6354
427,2026-09-25 02:15:00,T02,Temperature,26.519,27.11,0.98052,0.4143,healthy,0,0.98052,0.4143,0.591,-0.591,0.0195,2.18,0.9803,0.0017,0.3608,0.0003,1.6335
428,2026-09-25 02:20:00,T02,Temperature,27.409,27.294,0.97891,0.4483,healthy,0,0.97891,0.4483,0.115,0.115,0.0211,0.4213,0.9806,0.0012,0.361,-0.0016,0.3177
429,2026-09-25 02:25:00,T02,Temperature,27.225,27.408,0.98032,0.4362,healthy,0,0.98032,0.4362,0.183,-0.183,0.0197,0.6677,0.9804,0.0011,0.3346,0.0014,0.5453
430,2026-09-25 02:30:00,T02,Temperature,27.123,27.141,0.97818,0.451,healthy,0,0.97818,0.451,0.018,-0.018,0.0218,0.0663,0.9796,0.001,0.218,-0.0021,0.0822
431,2026-09-25 02:35:00,T02,Temperature,28.391,27.455,0.97983,0.3826,healthy,0,0.97983,0.3826,0.936,0.936,0.0202,3.4092,0.9796,0.001,0.3686,0.0016,2.5325
432,2026-09-25 02:40:00,T02,Temperature,27.275,27.353,0.98416,0.4095,healthy,0,0.98416,0.4095,0.078,-0.078,0.0158,0.2852,0.9803,0.0023,0.266,0.0043,0.2921
433,2026-09-25 02:45:00,T02,Temperature,26.547,27.317,0.98107,0.4607,healthy,0,0.98107,0.4607,0.77,-0.77,0.0189,2.8188,0.9807,0.0022,0.397,-0.0031,1.9347
434,2026-09-25 02:50:00,T02,Temperature,26.871,26.909,0.98304,0.5093,healthy,0,0.98304,0.5093,0.038,-0.038,0.017,0.1412,0.9813,0.0024,0.368,0.002,0.103
435,2026-09-25 02:55:00,T02,Temperature,27.072,27.457,0.97795,0.4222,healthy,0,0.97795,0.4222,0.385,-0.385,0.0221,1.4022,0.9812,0.0025,0.4414,-0.0051,0.8703
436,2026-09-25 03:00:00,T02,Temperature,27.851,27.067,0.98145,0.4198,healthy,0,0.98145,0.4198,0.784,0.784,0.0185,2.8965,0.9815,0.0024,0.411,0.0035,1.9029
437,2026-09-25 03:05:00,T02,Temperature,27.72,27.295,0.98217,0.4671,healthy,0,0.98217,0.4671,0.425,0.425,0.0178,1.5571,0.9811,0.0019,0.4804,0.0007,0.8828
438,2026-09-25 03:10:00,T02,Temperature,27.48,27.056,0.98289,0.4549,healthy,0,0.98289,0.4549,0.424,0.424,0.0171,1.5671,0.9815,0.0021,0.4112,0.0007,1.0286
439,2026-09-25 03:15:00,T02,Temperature,26.73,26.947,0.98036,0.4551,healthy,0,0.98036,0.4551,0.217,-0.217,0.0196,0.8053,0.981,0.0019,0.447,-0.0025,0.4844
440,2026-09-25 03:20:00,T02,Temperature,27.577,27.24,0.98308,0.4256,healthy,0,0.98308,0.4256,0.337,0.337,0.0169,1.2372,0.982,0.0011,0.4374,0.0027,0.7687
441,2026-09-25 03:25:00,T02,Temperature,27.575,26.971,0.98422,0.4775,healthy,0,0.98422,0.4775,0.604,0.604,0.0158,2.2394,0.9825,0.0014,0.4014,0.0011,1.501
442,2026-09-25 03:30:00,T02,Temperature,27.217,27.265,0.98078,0.4778,healthy,0,0.98078,0.4778,0.048,-0.048,0.0192,0.176,0.9823,0.0016,0.326,-0.0034,0.1468
443,2026-09-25 03:35:00,T02,Temperature,26.454,26.84,0.98089,0.4236,healthy,0,0.98089,0.4236,0.386,-0.386,0.0191,1.4382,0.9819,0.0017,0.3184,0.0001,1.2085
444,2026-09-25 03:40:00,T02,Temperature,26.93,27.206,0.97944,0.486,healthy,0,0.97944,0.486,0.276,-0.276,0.0206,1.0145,0.9817,0.0019,0.3302,-0.0015,0.8333
445,2026-09-25 03:45:00,T02,Temperature,26.463,26.98,0.9823,0.4598,healthy,0,0.9823,0.4598,0.517,-0.517,0.0177,1.9162,0.9815,0.0018,0.3662,0.0029,1.408
446,2026-09-25 03:50:00,T02,Temperature,27.282,27.072,0.98296,0.4332,healthy,0,0.98296,0.4332,0.21,0.21,0.017,0.7757,0.9813,0.0014,0.2874,0.0007,0.7282
447,2026-09-25 03:55:00,T02,Temperature,26.916,26.84,0.97973,0.4881,healthy,0,0.97973,0.4881,0.076,0.076,0.0203,0.2832,0.9811,0.0015,0.293,-0.0032,0.2585
448,2026-09-25 04:00:00,T02,Temperature,26.624,27.172,0.98085,0.5277,healthy,0,0.98085,0.5277,0.548,-0.548,0.0192,2.0168,0.9811,0.0015,0.3254,0.0011,1.6789
449,2026-09-25 04:05:00,T02,Temperature,26.51,26.862,0.97783,0.4144,healthy,0,0.97783,0.4144,0.352,-0.352,0.0222,1.3104,0.9807,0.0021,0.3406,-0.003,1.0304
450,2026-09-25 04:10:00,T02,Temperature,26.488,26.881,0.98045,0.465,healthy,0,0.98045,0.465,0.393,-0.393,0.0195,1.462,0.9804,0.0019,0.3158,0.0026,1.2405
451,2026-09-25 04:15:00,T02,Temperature,26.438,26.743,0.97807,0.4828,healthy,0,0.97807,0.4828,0.305,-0.305,0.0219,1.1405,0.9794,0.0014,0.3348,-0.0024,0.9083
452,2026-09-25 04:20:00,T02,Temperature,26.95,26.707,0.98112,0.4285,healthy,0,0.98112,0.4285,0.243,0.243,0.0189,0.9099,0.9797,0.0016,0.3682,0.003,0.6582
453,2026-09-25 04:25:00,T02,Temperature,26.24,26.966,0.98038,0.4816,healthy,0,0.98038,0.4816,0.726,-0.726,0.0196,2.6923,0.9796,0.0015,0.4038,-0.0007,1.7935
454,2026-09-25 04:30:00,T02,Temperature,26.623,26.55,0.98037,0.4131,healthy,0,0.98037,0.4131,0.073,0.073,0.0196,0.275,0.9801,0.0012,0.348,-0.0,0.2092
455,2026-09-25 04:35:00,T02,Temperature,26.812,26.747,0.97624,0.4084,healthy,0,0.97624,0.4084,0.065,0.065,0.0238,0.243,0.9792,0.002,0.2824,-0.0041,0.2294
456,2026-09-25 04:40:00,T02,Temperature,26.738,26.576,0.98148,0.4539,healthy,0,0.98148,0.4539,0.162,0.162,0.0185,0.6096,0.9799,0.0021,0.2538,0.0052,0.6358
457,2026-09-25 04:45:00,T02,Temperature,26.526,26.585,0.97917,0.4287,healthy,0,0.97917,0.4287,0.059,-0.059,0.0208,0.2219,0.9795,0.002,0.217,-0.0023,0.2706
458,2026-09-25 04:50:00,T02,Temperature,26.53,26.391,0.97868,0.4362,healthy,0,0.97868,0.4362,0.139,0.139,0.0213,0.5267,0.9792,0.002,0.0996,-0.0005,1.3817
459,2026-09-25 04:55:00,T02,Temperature,26.31,26.311,0.97963,0.3891,healthy,0,0.97963,0.3891,0.001,-0.001,0.0204,0.0038,0.979,0.0019,0.0852,0.001,0.0116
460,2026-09-25 05:00:00,T02,Temperature,25.69,26.038,0.98197,0.4392,healthy,0,0.98197,0.4392,0.348,-0.348,0.018,1.3365,0.9802,0.0015,0.1418,0.0023,2.437
461,2026-09-25 05:05:00,T02,Temperature,26.197,26.12,0.98254,0.4721,healthy,0,0.98254,0.4721,0.077,0.077,0.0175,0.2948,0.9804,0.0017,0.1248,0.0006,0.6121
462,2026-09-25 05:10:00,T02,Temperature,26.147,25.82,0.98324,0.4282,healthy,0,0.98324,0.4282,0.327,0.327,0.0168,1.2665,0.9812,0.002,0.1784,0.0007,1.8227
463,2026-09-25 05:15:00,T02,Temperature,26.141,25.915,0.98168,0.4957,healthy,0,0.98168,0.4957,0.226,0.226,0.0183,0.8721,0.9818,0.0014,0.1958,-0.0016,1.1484
464,2026-09-25 05:20:00,T02,Temperature,26.07,26.022,0.9798,0.4348,healthy,0,0.9798,0.4348,0.048,0.048,0.0202,0.1845,0.9818,0.0013,0.2052,-0.0019,0.2328
465,2026-09-25 05:25:00,T02,Temperature,26.097,25.747,0.98493,0.4153,healthy,0,0.98493,0.4153,0.35,0.35,0.0151,1.3594,0.9824,0.0019,0.2056,0.0051,1.6941
466,2026-09-25 05:30:00,T02,Temperature,25.917,25.812,0.98046,0.5018,healthy,0,0.98046,0.5018,0.105,0.105,0.0195,0.4068,0.982,0.0021,0.2112,-0.0045,0.4948
467,2026-09-25 05:35:00,T02,Temperature,25.701,25.525,0.98058,0.4436,healthy,0,0.98058,0.4436,0.176,0.176,0.0194,0.6895,0.9815,0.002,0.181,0.0001,0.967
468,2026-09-25 05:40:00,T02,Temperature,25.603,25.692,0.97828,0.4918,healthy,0,0.97828,0.4918,0.089,-0.089,0.0217,0.3464,0.9808,0.0025,0.1536,-0.0023,0.5757
469,2026-09-25 05:45:00,T02,Temperature,25.503,25.541,0.98123,0.4629,healthy,0,0.98123,0.4629,0.038,-0.038,0.0188,0.1488,0.9811,0.0024,0.1516,0.003,0.249
470,2026-09-25 05:50:00,T02,Temperature,24.987,25.29,0.97946,0.5048,healthy,0,0.97946,0.5048,0.303,-0.303,0.0205,1.1981,0.98,0.0012,0.1422,-0.0018,2.1159
471,2026-09-25 05:55:00,T02,Temperature,24.628,25.162,0.97847,0.4548,healthy,0,0.97847,0.4548,0.534,-0.534,0.0215,2.1222,0.9796,0.0013,0.228,-0.001,2.3319
472,2026-09-25 06:00:00,T02,Temperature,24.541,24.963,0.97948,0.4049,healthy,0,0.97948,0.4049,0.422,-0.422,0.0205,1.6905,0.9794,0.0012,0.2772,0.001,1.5169
473,2026-09-25 06:05:00,T02,Temperature,25.223,24.888,0.97831,0.4756,healthy,0,0.97831,0.4756,0.335,0.335,0.0217,1.346,0.9794,0.0012,0.3264,-0.0012,1.0232
474,2026-09-25 06:10:00,T02,Temperature,25.72,25.36,0.98376,0.4775,healthy,0,0.98376,0.4775,0.36,0.36,0.0162,1.4196,0.9799,0.0022,0.3908,0.0054,0.9188
475,2026-09-25 06:15:00,T02,Temperature,25.09,24.96,0.98104,0.518,healthy,0,0.98104,0.518,0.13,0.13,0.019,0.5208,0.9802,0.0023,0.3562,-0.0027,0.3639
476,2026-09-25 06:20:00,T02,Temperature,25.161,25.052,0.97813,0.4267,healthy,0,0.97813,0.4267,0.109,0.109,0.0219,0.4351,0.9801,0.0023,0.2712,-0.0029,0.4004
477,2026-09-25 06:25:00,T02,Temperature,24.85,24.79,0.97876,0.5343,healthy,0,0.97876,0.5343,0.06,0.06,0.0212,0.242,0.98,0.0024,0.1988,0.0006,0.3003
478,2026-09-25 06:30:00,T02,Temperature,24.666,24.601,0.9803,0.4509,healthy,0,0.9803,0.4509,0.065,0.065,0.0197,0.2642,0.9804,0.0022,0.1448,0.0015,0.4458
479,2026-09-25 06:35:00,T02,Temperature,24.829,24.315,0.98258,0.4972,healthy,0,0.98258,0.4972,0.514,0.514,0.0174,2.1139,0.9802,0.0018,0.1756,0.0023,2.9105
480,2026-09-25 06:40:00,T02,Temperature,24.859,24.567,0.98132,0.4197,healthy,0,0.98132,0.4197,0.292,0.292,0.0187,1.1886,0.9802,0.0018,0.208,-0.0013,1.3971
481,2026-09-25 06:45:00,T02,Temperature,24.789,24.473,0.97908,0.4803,healthy,0,0.97908,0.4803,0.316,0.316,0.0209,1.2912,0.9804,0.0016,0.2494,-0.0022,1.262
482,2026-09-25 06:50:00,T02,Temperature,24.794,24.359,0.98088,0.4139,healthy,0,0.98088,0.4139,0.435,0.435,0.0191,1.7858,0.9808,0.0013,0.3244,0.0018,1.3368
483,2026-09-25 06:55:00,T02,Temperature,24.502,24.112,0.97859,0.4522,healthy,0,0.97859,0.4522,0.39,0.39,0.0214,1.6175,0.9805,0.0016,0.3894,-0.0023,0.999
484,2026-09-25 07:00:00,T02,Temperature,23.796,24.387,0.97999,0.4771,healthy,0,0.97999,0.4771,0.591,-0.591,0.02,2.4234,0.98,0.0012,0.4048,0.0014,1.4564
485,2026-09-25 07:05:00,T02,Temperature,24.22,23.991,0.9786,0.4938,healthy,0,0.9786,0.4938,0.229,0.229,0.0214,0.9545,0.9794,0.001,0.3922,-0.0014,0.5824
486,2026-09-25 07:10:00,T02,Temperature,24.016,24.076,0.98056,0.5049,healthy,0,0.98056,0.5049,0.06,-0.06,0.0194,0.2492,0.9797,0.0011,0.341,0.002,0.1754
487,2026-09-25 07:15:00,T02,Temperature,24.077,23.743,0.98217,0.4564,healthy,0,0.98217,0.4564,0.334,0.334,0.0178,1.4067,0.98,0.0015,0.3208,0.0016,1.0379
488,2026-09-25 07:20:00,T02,Temperature,23.9,23.896,0.97832,0.4641,healthy,0,0.97832,0.4641,0.004,0.004,0.0217,0.0167,0.9799,0.0016,0.2436,-0.0039,0.0164
489,2026-09-25 07:25:00,T02,Temperature,23.97,23.87,0.98323,0.4115,healthy,0,0.98323,0.4115,0.1,0.1,0.0168,0.4189,0.9806,0.0022,0.1454,0.0049,0.6831
490,2026-09-25 07:30:00,T02,Temperature,23.642,23.631,0.97482,0.4483,healthy,0,0.97482,0.4483,0.011,0.011,0.0252,0.0465,0.9798,0.0034,0.1018,-0.0084,0.107
491,2026-09-25 07:35:00,T02,Temperature,23.535,23.823,0.97956,0.3979,healthy,0,0.97956,0.3979,0.288,-0.288,0.0204,1.2089,0.9796,0.0033,0.1474,0.0047,1.9407
492,2026-09-25 07:40:00,T02,Temperature,24.254,23.886,0.97833,0.5054,healthy,0,0.97833,0.5054,0.368,0.368,0.0217,1.5407,0.9789,0.003,0.1542,-0.0012,2.3711
493,2026-09-25 07:45:00,T02,Temperature,23.461,23.545,0.97854,0.4867,healthy,0,0.97854,0.4867,0.084,-0.084,0.0215,0.3568,0.9789,0.003,0.1702,0.0002,0.4907
494,2026-09-25 07:50:00,T02,Temperature,23.676,23.278,0.98112,0.4646,healthy,0,0.98112,0.4646,0.398,0.398,0.0189,1.7098,0.9785,0.0023,0.2298,0.0026,1.7244
495,2026-09-25 07:55:00,T02,Temperature,24.039,23.561,0.9789,0.4944,healthy,0,0.9789,0.4944,0.478,0.478,0.0211,2.0288,0.9793,0.0011,0.3232,-0.0022,1.4744
496,2026-09-25 08:00:00,T02,Temperature,23.282,23.495,0.98012,0.4037,healthy,0,0.98012,0.4037,0.213,-0.213,0.0199,0.9066,0.9794,0.0012,0.3082,0.0012,0.6889
497,2026-09-25 08:05:00,T02,Temperature,24.768,23.545,0.97889,0.399,healthy,0,0.97889,0.399,1.223,1.223,0.0211,5.1943,0.9795,0.0011,0.4792,-0.0012,2.5469
498,2026-09-25 08:10:00,T02,Temperature,23.087,23.117,0.98451,0.4392,healthy,0,0.98451,0.4392,0.03,-0.03,0.0155,0.1298,0.9807,0.0023,0.4684,0.0056,0.0639
499,2026-09-25 08:15:00,T02,Temperature,22.576,23.22,0.98157,0.3996,healthy,0,0.98157,0.3996,0.644,-0.644,0.0184,2.7735,0.9808,0.0023,0.5176,-0.0029,1.2418
500,2026-09-25 08:20:00,T02,Temperature,23.207,23.587,0.97839,0.4761,healthy,0,0.97839,0.4761,0.38,-0.38,0.0216,1.6111,0.9807,0.0025,0.498,-0.0032,0.7615
501,2026-09-25 08:25:00,T02,Temperature,22.725,23.401,0.98337,0.4316,healthy,0,0.98337,0.4316,0.676,-0.676,0.0166,2.8888,0.9813,0.0027,0.5906,0.005,1.1427
502,2026-09-25 08:30:00,T02,Temperature,23.472,23.548,0.98185,0.4334,healthy,0,0.98185,0.4334,0.076,-0.076,0.0182,0.3227,0.9819,0.0023,0.3612,-0.0015,0.2098
503,2026-09-25 08:35:00,T02,Temperature,22.541,23.037,0.98284,0.4313,healthy,0,0.98284,0.4313,0.496,-0.496,0.0172,2.1531,0.9816,0.0019,0.4544,0.001,1.0892
504,2026-09-25 08:40:00,T02,Temperature,23.101,23.252,0.97828,0.4139,healthy,0,0.97828,0.4139,0.151,-0.151,0.0217,0.6494,0.9809,0.0024,0.3558,-0.0046,0.4232
505,2026-09-25 08:45:00,T02,Temperature,23.453,23.216,0.97724,0.4985,healthy,0,0.97724,0.4985,0.237,0.237,0.0228,1.0208,0.9807,0.0028,0.3272,-0.001,0.7221
506,2026-09-25 08:50:00,T02,Temperature,23.443,23.128,0.97819,0.4469,healthy,0,0.97819,0.4469,0.315,0.315,0.0218,1.362,0.9797,0.0025,0.255,0.001,1.2305
507,2026-09-25 08:55:00,T02,Temperature,22.292,23.316,0.98212,0.4332,healthy,0,0.98212,0.4332,1.024,-1.024,0.0179,4.3918,0.9797,0.0026,0.4446,0.0039,2.298
508,2026-09-25 09:00:00,T02,Temperature,23.987,23.402,0.97967,0.4733,healthy,0,0.97967,0.4733,0.585,0.585,0.0203,2.4998,0.9791,0.0019,0.4624,-0.0024,1.2624
509,2026-09-25 09:05:00,T02,Temperature,24.09,23.612,0.9787,0.4547,healthy,0,0.9787,0.4547,0.478,0.478,0.0213,2.0244,0.9792,0.0019,0.5278,-0.001,0.9039
510,2026-09-25 09:10:00,T02,Temperature,23.034,23.044,0.97884,0.4294,healthy,0,0.97884,0.4294,0.01,-0.01,0.0212,0.0434,0.9795,0.0016,0.4824,0.0001,0.0207
511,2026-09-25 09:15:00,T02,Temperature,23.447,23.163,0.97881,0.4162,healthy,0,0.97881,0.4162,0.284,0.284,0.0212,1.2261,0.9796,0.0014,0.4762,-0.0,0.5951
512,2026-09-25 09:20:00,T02,Temperature,23.748,23.449,0.98297,0.4332,healthy,0,0.98297,0.4332,0.299,0.299,0.017,1.2751,0.9798,0.0018,0.3312,0.0042,0.9001
513,2026-09-25 09:25:00,T02,Temperature,23.057,23.273,0.97886,0.4757,healthy,0,0.97886,0.4757,0.216,-0.216,0.0211,0.9281,0.9796,0.0019,0.2574,-0.0041,0.8359
514,2026-09-25 09:30:00,T02,Temperature,23.276,23.187,0.97725,0.4338,healthy,0,0.97725,0.4338,0.089,0.089,0.0228,0.3838,0.9793,0.0021,0.1796,-0.0016,0.4928
515,2026-09-25 09:35:00,T02,Temperature,24.076,23.552,0.97929,0.4137,healthy,0,0.97929,0.4137,0.524,0.524,0.0207,2.2249,0.9794,0.0021,0.2824,0.002,1.849
516,2026-09-25 09:40:00,T02,Temperature,23.104,23.217,0.9765,0.4547,healthy,0,0.9765,0.4547,0.113,-0.113,0.0235,0.4867,0.979,0.0025,0.2482,-0.0028,0.4535
517,2026-09-25 09:45:00,T02,Temperature,23.416,23.74,0.98095,0.4449,healthy,0,0.98095,0.4449,0.324,-0.324,0.0191,1.3648,0.9786,0.0018,0.2532,0.0044,1.2746
518,2026-09-25 09:50:00,T02,Temperature,23.134,23.431,0.98291,0.4609,healthy,0,0.98291,0.4609,0.297,-0.297,0.0171,1.2676,0.9794,0.0026,0.2694,0.002,1.0984
519,2026-09-25 09:55:00,T02,Temperature,23.382,23.506,0.9799,0.4657,healthy,0,0.9799,0.4657,0.124,-0.124,0.0201,0.5275,0.9799,0.0024,0.2764,-0.003,0.447
520,2026-09-25 10:00:00,T02,Temperature,23.259,23.388,0.97916,0.483,healthy,0,0.97916,0.483,0.129,-0.129,0.0208,0.5516,0.9799,0.0024,0.1974,-0.0007,0.6502
521,2026-09-25 10:05:00,T02,Temperature,23.528,23.419,0.97812,0.4659,healthy,0,0.97812,0.4659,0.109,0.109,0.0219,0.4654,0.9802,0.0018,0.1966,-0.001,0.5516
522,2026-09-25 10:10:00,T02,Temperature,22.812,23.47,0.97858,0.5157,healthy,0,0.97858,0.5157,0.658,-0.658,0.0214,2.8036,0.9797,0.0019,0.2634,0.0005,2.4887
523,2026-09-25 10:15:00,T02,Temperature,23.965,23.687,0.98258,0.3315,healthy,0,0.98258,0.3315,0.278,0.278,0.0174,1.1736,0.9797,0.0018,0.2596,0.004,1.0668
524,2026-09-25 10:20:00,T02,Temperature,23.993,23.617,0.98051,0.4387,healthy,0,0.98051,0.4387,0.376,0.376,0.0195,1.5921,0.9798,0.0018,0.31,-0.0021,1.209
525,2026-09-25 10:25:00,T02,Temperature,24.436,23.777,0.98026,0.4185,healthy,0,0.98026,0.4185,0.659,0.659,0.0197,2.7716,0.98,0.0018,0.416,-0.0002,1.5803
526,2026-09-25 10:30:00,T02,Temperature,23.154,23.776,0.98458,0.5175,healthy,0,0.98458,0.5175,0.622,-0.622,0.0154,2.6161,0.9813,0.0023,0.5186,0.0043,1.1971
527,2026-09-25 10:35:00,T02,Temperature,23.789,23.723,0.97793,0.4483,healthy,0,0.97793,0.4483,0.066,0.066,0.0221,0.2782,0.9812,0.0025,0.4002,-0.0067,0.1645
528,2026-09-25 10:40:00,T02,Temperature,24.283,23.944,0.98211,0.5023,healthy,0,0.98211,0.5023,0.339,0.339,0.0179,1.4158,0.9811,0.0025,0.4124,0.0042,0.82
529,2026-09-25 10:45:00,T02,Temperature,24.024,23.875,0.97844,0.4501,healthy,0,0.97844,0.4501,0.149,0.149,0.0216,0.6241,0.9807,0.0027,0.367,-0.0037,0.4049
530,2026-09-25 10:50:00,T02,Temperature,23.874,24.012,0.97731,0.4739,healthy,0,0.97731,0.4739,0.138,-0.138,0.0227,0.5747,0.9801,0.0031,0.2628,-0.0011,0.5231
531,2026-09-25 10:55:00,T02,Temperature,23.915,24.043,0.97989,0.4416,healthy,0,0.97989,0.4416,0.128,-0.128,0.0201,0.5324,0.9791,0.0019,0.164,0.0026,0.7758
532,2026-09-25 11:00:00,T02,Temperature,24.061,23.968,0.97978,0.4746,healthy,0,0.97978,0.4746,0.093,0.093,0.0202,0.388,0.9795,0.0018,0.1694,-0.0001,0.5458
533,2026-09-25 11:05:00,T02,Temperature,24.349,24.435,0.97854,0.4053,healthy,0,0.97854,0.4053,0.086,-0.086,0.0215,0.352,0.9788,0.0011,0.1188,-0.0012,0.7179
534,2026-09-25 11:10:00,T02,Temperature,24.064,24.241,0.97898,0.4574,healthy,0,0.97898,0.4574,0.177,-0.177,0.021,0.7302,0.9789,0.0011,0.1244,0.0004,1.4115
535,2026-09-25 11:15:00,T02,Temperature,24.445,24.21,0.97888,0.4619,healthy,0,0.97888,0.4619,0.235,0.235,0.0211,0.9707,0.9792,0.0006,0.1438,-0.0001,1.6229
536,2026-09-25 11:20:00,T02,Temperature,24.768,24.626,0.98085,0.4441,healthy,0,0.98085,0.4441,0.142,0.142,0.0192,0.5766,0.9794,0.0009,0.1466,0.002,0.9621
537,2026-09-25 11:25:00,T02,Temperature,24.602,24.586,0.98023,0.4171,healthy,0,0.98023,0.4171,0.016,0.016,0.0198,0.0651,0.9795,0.001,0.1312,-0.0006,0.121
538,2026-09-25 11:30:00,T02,Temperature,24.778,24.744,0.98068,0.4049,healthy,0,0.98068,0.4049,0.034,0.034,0.0193,0.1374,0.9799,0.0009,0.1208,0.0004,0.2791
539,2026-09-25 11:35:00,T02,Temperature,25.108,24.511,0.98035,0.4255,healthy,0,0.98035,0.4255,0.597,0.597,0.0196,2.4356,0.9802,0.0008,0.2048,-0.0003,2.9009
540,2026-09-25 11:40:00,T02,Temperature,24.585,24.871,0.9816,0.5239,healthy,0,0.9816,0.5239,0.286,-0.286,0.0184,1.1499,0.9807,0.0005,0.215,0.0012,1.3241
541,2026-09-25 11:45:00,T02,Temperature,25.631,25.013,0.97763,0.4621,healthy,0,0.97763,0.4621,0.618,0.618,0.0224,2.4707,0.9801,0.0015,0.3102,-0.004,1.9859
542,2026-09-25 11:50:00,T02,Temperature,25.63,24.914,0.97823,0.4468,healthy,0,0.97823,0.4468,0.716,0.716,0.0218,2.8739,0.9797,0.0017,0.4502,0.0006,1.5869
543,2026-09-25 11:55:00,T02,Temperature,24.668,25.247,0.97819,0.5009,healthy,0,0.97819,0.5009,0.579,-0.579,0.0218,2.2933,0.9792,0.0017,0.5592,-0.0,1.0336
544,2026-09-25 12:00:00,T02,Temperature,24.997,25.574,0.98171,0.5117,healthy,0,0.98171,0.5117,0.577,-0.577,0.0183,2.2562,0.9795,0.002,0.5552,0.0035,1.0374
545,2026-09-25 12:05:00,T02,Temperature,24.864,25.318,0.97973,0.4148,healthy,0,0.97973,0.4148,0.454,-0.454,0.0203,1.7932,0.9791,0.0017,0.5888,-0.002,0.7698
546,2026-09-25 12:10:00,T02,Temperature,25.288,25.464,0.9812,0.4955,healthy,0,0.9812,0.4955,0.176,-0.176,0.0188,0.6912,0.9798,0.0016,0.5004,0.0015,0.351
547,2026-09-25 12:15:00,T02,Temperature,25.463,25.438,0.97724,0.5039,healthy,0,0.97724,0.5039,0.025,0.025,0.0228,0.0983,0.9796,0.0019,0.3622,-0.004,0.0688
548,2026-09-25 12:20:00,T02,Temperature,25.386,25.677,0.98152,0.5011,healthy,0,0.98152,0.5011,0.291,-0.291,0.0185,1.1333,0.9803,0.0019,0.3046,0.0043,0.9522
549,2026-09-25 12:25:00,T02,Temperature,25.466,25.758,0.97995,0.5237,healthy,0,0.97995,0.5237,0.292,-0.292,0.0201,1.1336,0.9799,0.0017,0.2476,-0.0016,1.1746
550,2026-09-25 12:30:00,T02,Temperature,25.946,25.927,0.9807,0.4604,healthy,0,0.9807,0.4604,0.019,0.019,0.0193,0.0733,0.9801,0.0017,0.1606,0.0008,0.1176
551,2026-09-25 12:35:00,T02,Temperature,26.469,26.042,0.98053,0.3966,healthy,0,0.98053,0.3966,0.427,0.427,0.0195,1.6397,0.98,0.0016,0.2108,-0.0002,2.0161
552,2026-09-25 12:40:00,T02,Temperature,25.73,26.071,0.98117,0.4105,healthy,0,0.98117,0.4105,0.341,-0.341,0.0188,1.308,0.9808,0.0006,0.274,0.0006,1.24
553,2026-09-25 12:45:00,T02,Temperature,25.041,25.643,0.98092,0.4028,healthy,0,0.98092,0.4028,0.602,-0.602,0.0191,2.3476,0.9807,0.0005,0.3362,-0.0002,1.7853
554,2026-09-25 12:50:00,T02,Temperature,26.228,26.275,0.98154,0.4383,healthy,0,0.98154,0.4383,0.047,-0.047,0.0185,0.1789,0.981,0.0004,0.2872,0.0006,0.1631
555,2026-09-25 12:55:00,T02,Temperature,25.825,25.71,0.98183,0.4258,healthy,0,0.98183,0.4258,0.115,0.115,0.0182,0.4473,0.9812,0.0005,0.3064,0.0003,0.3741
556,2026-09-25 13:00:00,T02,Temperature,25.291,25.773,0.98196,0.4237,healthy,0,0.98196,0.4237,0.482,-0.482,0.018,1.8702,0.9815,0.0004,0.3174,0.0001,1.5138
557,2026-09-25 13:05:00,T02,Temperature,26.077,26.224,0.97881,0.4876,healthy,0,0.97881,0.4876,0.147,-0.147,0.0212,0.5606,0.981,0.0013,0.2786,-0.0032,0.5258
558,2026-09-25 13:10:00,T02,Temperature,26.594,26.595,0.98066,0.4813,healthy,0,0.98066,0.4813,0.001,-0.001,0.0193,0.0038,0.981,0.0013,0.1584,0.0019,0.0063
559,2026-09-25 13:15:00,T02,Temperature,26.511,26.65,0.97769,0.454,healthy,0,0.97769,0.454,0.139,-0.139,0.0223,0.5216,0.9802,0.0019,0.1768,-0.003,0.7818
560,2026-09-25 13:20:00,T02,Temperature,26.288,26.74,0.983,0.45,healthy,0,0.983,0.45,0.452,-0.452,0.017,1.6904,0.9804,0.0022,0.2442,0.0053,1.8434
561,2026-09-25 13:25:00,T02,Temperature,26.471,26.637,0.97667,0.5069,healthy,0,0.97667,0.5069,0.166,-0.166,0.0233,0.6232,0.9794,0.0025,0.181,-0.0063,0.9121
562,2026-09-25 13:30:00,T02,Temperature,26.878,26.62,0.97864,0.4184,healthy,0,0.97864,0.4184,0.258,0.258,0.0214,0.9692,0.9793,0.0025,0.2032,0.002,1.2635
563,2026-09-25 13:35:00,T02,Temperature,26.958,26.659,0.98008,0.4149,healthy,0,0.98008,0.4149,0.299,0.299,0.0199,1.1216,0.9792,0.0025,0.2628,0.0014,1.1334
564,2026-09-25 13:40:00,T02,Temperature,26.876,26.912,0.97958,0.4944,healthy,0,0.97958,0.4944,0.036,-0.036,0.0204,0.1338,0.9796,0.0023,0.2422,-0.0005,0.148
565,2026-09-25 13:45:00,T02,Temperature,26.841,26.936,0.97675,0.4624,healthy,0,0.97675,0.4624,0.095,-0.095,0.0232,0.3527,0.9783,0.0016,0.1708,-0.0028,0.553
566,2026-09-25 13:50:00,T02,Temperature,27.094,26.879,0.98022,0.4544,healthy,0,0.98022,0.4544,0.215,0.215,0.0198,0.7999,0.9791,0.0014,0.1806,0.0035,1.1839
567,2026-09-25 13:55:00,T02,Temperature,26.308,26.801,0.98114,0.4931,healthy,0,0.98114,0.4931,0.493,-0.493,0.0189,1.8395,0.9796,0.0017,0.2276,0.0009,2.1566
568,2026-09-25 14:00:00,T02,Temperature,26.643,26.809,0.97852,0.4118,healthy,0,0.97852,0.4118,0.166,-0.166,0.0215,0.6192,0.9792,0.0017,0.201,-0.0026,0.8218
569,2026-09-25 14:05:00,T02,Temperature,27.056,27.169,0.9829,0.4537,healthy,0,0.9829,0.4537,0.113,-0.113,0.0171,0.4159,0.9799,0.0024,0.2164,0.0044,0.5198
570,2026-09-25 14:10:00,T02,Temperature,26.355,27.168,0.97527,0.4131,healthy,0,0.97527,0.4131,0.813,-0.813,0.0247,2.9925,0.9796,0.0029,0.36,-0.0076,2.2521
571,2026-09-25 14:15:00,T02,Temperature,25.91,26.876,0.97847,0.5017,healthy,0,0.97847,0.5017,0.966,-0.966,0.0215,3.5943,0.9793,0.0029,0.5102,0.0032,1.8897
572,2026-09-25 14:20:00,T02,Temperature,27.533,27.021,0.98124,0.4644,healthy,0,0.98124,0.4644,0.512,0.512,0.0188,1.8948,0.9793,0.0029,0.514,0.0028,0.9942
573,2026-09-25 14:25:00,T02,Temperature,26.805,27.151,0.98075,0.3857,healthy,0,0.98075,0.3857,0.346,-0.346,0.0192,1.2744,0.9797,0.003,0.55,-0.0005,0.6279
574,2026-09-25 14:30:00,T02,Temperature,26.945,26.835,0.98115,0.4622,healthy,0,0.98115,0.4622,0.11,0.11,0.0189,0.4099,0.9794,0.0026,0.5494,0.0004,0.1999
575,2026-09-25 14:35:00,T02,Temperature,26.78,27.014,0.97805,0.4573,healthy,0,0.97805,0.4573,0.234,-0.234,0.022,0.8662,0.9799,0.0015,0.4336,-0.0031,0.5384
576,2026-09-25 14:40:00,T02,Temperature,26.703,27.007,0.97898,0.4269,healthy,0,0.97898,0.4269,0.304,-0.304,0.021,1.1256,0.98,0.0014,0.3012,0.0009,1.006
577,2026-09-25 14:45:00,T02,Temperature,26.971,26.984,0.9809,0.5045,healthy,0,0.9809,0.5045,0.013,-0.013,0.0191,0.0482,0.98,0.0014,0.2014,0.0019,0.0642
578,2026-09-25 14:50:00,T02,Temperature,26.951,27.247,0.98107,0.4628,healthy,0,0.98107,0.4628,0.296,-0.296,0.0189,1.0864,0.98,0.0014,0.1914,0.0002,1.5385
579,2026-09-25 14:55:00,T02,Temperature,27.701,27.515,0.97849,0.4727,healthy,0,0.97849,0.4727,0.186,0.186,0.0215,0.676,0.9795,0.0014,0.2066,-0.0026,0.896
580,2026-09-25 15:00:00,T02,Temperature,26.92,26.873,0.97928,0.452,healthy,0,0.97928,0.452,0.047,0.047,0.0207,0.1749,0.9797,0.0012,0.1692,0.0008,0.2761
581,2026-09-25 15:05:00,T02,Temperature,27.391,27.267,0.98152,0.4497,healthy,0,0.98152,0.4497,0.124,0.124,0.0185,0.4548,0.9803,0.0013,0.1332,0.0022,0.924
582,2026-09-25 15:10:00,T02,Temperature,27.463,27.2,0.97797,0.4511,healthy,0,0.97797,0.4511,0.263,0.263,0.022,0.9669,0.9797,0.0016,0.1832,-0.0035,1.4278
583,2026-09-25 15:15:00,T02,Temperature,27.539,27.393,0.98107,0.4967,healthy,0,0.98107,0.4967,0.146,0.146,0.0189,0.533,0.9797,0.0016,0.1532,0.0031,0.9468
584,2026-09-25 15:20:00,T02,Temperature,27.591,27.337,0.98187,0.4422,healthy,0,0.98187,0.4422,0.254,0.254,0.0181,0.9291,0.9803,0.0017,0.1668,0.0008,1.5137
585,2026-09-25 15:25:00,T02,Temperature,27.371,27.004,0.9807,0.4702,healthy,0,0.9807,0.4702,0.367,0.367,0.0193,1.3591,0.9806,0.0015,0.2308,-0.0012,1.5833
586,2026-09-25 15:30:00,T02,Temperature,27.17,27.291,0.98213,0.4465,healthy,0,0.98213,0.4465,0.121,-0.121,0.0179,0.4434,0.9807,0.0017,0.2302,0.0014,0.5234
587,2026-09-25 15:35:00,T02,Temperature,27.541,27.075,0.98053,0.3867,healthy,0,0.98053,0.3867,0.466,0.466,0.0195,1.7211,0.9813,0.0007,0.2708,-0.0016,1.7145
588,2026-09-25 15:40:00,T02,Temperature,27.089,27.102,0.97917,0.3615,healthy,0,0.97917,0.3615,0.013,-0.013,0.0208,0.048,0.9809,0.0012,0.2442,-0.0014,0.053
589,2026-09-25 15:45:00,T02,Temperature,27.018,27.028,0.97821,0.4264,healthy,0,0.97821,0.4264,0.01,-0.01,0.0218,0.037,0.9801,0.0015,0.1954,-0.001,0.0509
590,2026-09-25 15:50:00,T02,Temperature,26.978,26.924,0.98114,0.4238,healthy,0,0.98114,0.4238,0.054,0.054,0.0189,0.2006,0.9802,0.0016,0.1328,0.0029,0.4036
591,2026-09-25 15:55:00,T02,Temperature,27.297,27.195,0.97993,0.4625,healthy,0,0.97993,0.4625,0.102,0.102,0.0201,0.3751,0.9798,0.0011,0.129,-0.0012,0.7846
592,2026-09-25 16:00:00,T02,Temperature,27.0,26.947,0.97987,0.43,healthy,0,0.97987,0.43,0.053,0.053,0.0201,0.1967,0.9797,0.0011,0.0464,-0.0001,1.1181
593,2026-09-25 16:05:00,T02,Temperature,26.342,26.851,0.98309,0.4784,healthy,0,0.98309,0.4784,0.509,-0.509,0.0169,1.8956,0.9804,0.0018,0.1456,0.0032,3.472
594,2026-09-25 16:10:00,T02,Temperature,26.543,26.607,0.97974,0.4362,healthy,0,0.97974,0.4362,0.064,-0.064,0.0203,0.2405,0.9808,0.0014,0.1564,-0.0033,0.4066
595,2026-09-25 16:15:00,T02,Temperature,27.42,26.913,0.98063,0.4607,healthy,0,0.98063,0.4607,0.507,0.507,0.0194,1.8838,0.9807,0.0014,0.247,0.0009,2.0444
596,2026-09-25 16:20:00,T02,Temperature,27.004,26.501,0.98021,0.4297,healthy,0,0.98021,0.4297,0.503,0.503,0.0198,1.898,0.9807,0.0014,0.3272,-0.0004,1.5326
597,2026-09-25 16:25:00,T02,Temperature,26.694,26.3,0.97567,0.4607,healthy,0,0.97567,0.4607,0.394,0.394,0.0243,1.4981,0.9799,0.0027,0.3954,-0.0045,0.9939
598,2026-09-25 16:30:00,T02,Temperature,26.33,26.761,0.9784,0.5027,healthy,0,0.9784,0.5027,0.431,-0.431,0.0216,1.6106,0.9789,0.002,0.3798,0.0027,1.1318
599,2026-09-25 16:35:00,T02,Temperature,27.015,26.791,0.9778,0.4377,healthy,0,0.9778,0.4377,0.224,0.224,0.0222,0.8361,0.9785,0.002,0.4118,-0.0006,0.5426
600,2026-09-25 16:40:00,T02,Temperature,26.287,26.239,0.98294,0.4375,healthy,0,0.98294,0.4375,0.048,0.048,0.0171,0.1829,0.979,0.0027,0.32,0.0051,0.1495
601,2026-09-25 16:45:00,T02,Temperature,27.205,26.631,0.97841,0.4871,healthy,0,0.97841,0.4871,0.574,0.574,0.0216,2.1554,0.9786,0.0027,0.3342,-0.0045,1.7124
602,2026-09-25 16:50:00,T02,Temperature,26.378,26.242,0.98274,0.3884,healthy,0,0.98274,0.3884,0.136,0.136,0.0173,0.5183,0.9801,0.0026,0.2826,0.0043,0.4795
603,2026-09-25 16:55:00,T02,Temperature,26.795,26.068,0.98189,0.4801,healthy,0,0.98189,0.4801,0.727,0.727,0.0181,2.7889,0.9808,0.0025,0.3418,-0.0008,2.1208
604,2026-09-25 17:00:00,T02,Temperature,26.655,26.457,0.97967,0.4121,healthy,0,0.97967,0.4121,0.198,0.198,0.0203,0.7484,0.9811,0.002,0.3366,-0.0022,0.5865
605,2026-09-25 17:05:00,T02,Temperature,26.886,26.12,0.9831,0.3742,healthy,0,0.9831,0.3742,0.766,0.766,0.0169,2.9326,0.9812,0.002,0.4802,0.0034,1.5919
606,2026-09-25 17:10:00,T02,Temperature,26.599,26.145,0.97837,0.4757,healthy,0,0.97837,0.4757,0.454,0.454,0.0216,1.7365,0.9812,0.002,0.4562,-0.0047,0.993
607,2026-09-25 17:15:00,T02,Temperature,26.355,25.992,0.97647,0.4397,healthy,0,0.97647,0.4397,0.363,0.363,0.0235,1.3966,0.9799,0.0027,0.5016,-0.0019,0.7222
608,2026-09-25 17:20:00,T02,Temperature,16.235,25.976,0.98408,0.4958,anomaly,1,0.98408,0.4958,9.741,-9.741,0.0159,37.5,0.9803,0.0032,2.3044,0.0076,4.2253
609,2026-09-25 17:25:00,T02,Temperature,15.775,25.867,0.98034,0.4533,anomaly,1,0.98034,0.4533,10.092,-10.092,0.0197,39.015,0.9805,0.0032,4.2832,-0.0037,2.3556
610,2026-09-25 17:30:00,T02,Temperature,25.237,25.471,0.97912,0.5071,healthy,0,0.97912,0.5071,0.234,-0.234,0.0209,0.9187,0.9797,0.0028,4.1768,-0.0012,0.056
611,2026-09-25 17:35:00,T02,Temperature,47.895,25.685,0.98521,0.4813,anomaly,1,0.98521,0.4813,22.21,22.21,0.0148,86.4707,0.981,0.0036,8.528,0.0061,2.6041
612,2026-09-25 17:40:00,T02,Temperature,25.325,25.372,0.97951,0.4486,healthy,0,0.97951,0.4486,0.047,-0.047,0.0205,0.1852,0.9817,0.0028,8.4648,-0.0057,0.0056
613,2026-09-25 17:45:00,T02,Temperature,39.388,25.146,0.9812,0.408,anomaly,1,0.9812,0.408,14.242,14.242,0.0188,56.6372,0.9811,0.0024,9.365,0.0017,1.5206
614,2026-09-25 17:50:00,T02,Temperature,25.389,25.46,0.97846,0.436,healthy,0,0.97846,0.436,0.071,-0.071,0.0215,0.2789,0.9807,0.0027,7.3608,-0.0027,0.0096
615,2026-09-25 17:55:00,T02,Temperature,25.056,25.289,0.9765,0.3965,healthy,0,0.9765,0.3965,0.233,-0.233,0.0235,0.9213,0.9802,0.0033,7.3606,-0.002,0.0317
616,2026-09-25 18:00:00,T02,Temperature,25.252,25.17,0.98177,0.4909,healthy,0,0.98177,0.4909,0.082,0.082,0.0182,0.3258,0.9795,0.0021,2.935,0.0053,0.0279
617,2026-09-25 18:05:00,T02,Temperature,25.411,24.924,0.97937,0.4835,healthy,0,0.97937,0.4835,0.487,0.487,0.0206,1.9539,0.9795,0.0021,3.023,-0.0024,0.161
618,2026-09-25 18:10:00,T02,Temperature,25.16,24.761,0.97497,0.4025,healthy,0,0.97497,0.4025,0.399,0.399,0.025,1.6114,0.9782,0.0026,0.2544,-0.0044,1.5623
619,2026-09-25 18:15:00,T02,Temperature,47.262,24.934,0.97823,0.475,anomaly,1,0.97823,0.475,22.328,22.328,0.0218,89.5484,0.9782,0.0026,4.7058,0.0033,4.7438
620,2026-09-25 18:20:00,T02,Temperature,25.227,24.85,0.97745,0.489,healthy,0,0.97745,0.489,0.377,0.377,0.0225,1.5171,0.9784,0.0025,4.7346,-0.0008,0.0796
621,2026-09-25 18:25:00,T02,Temperature,15.223,24.634,0.98047,0.4931,anomaly,1,0.98047,0.4931,9.411,-9.411,0.0195,38.2033,0.9781,0.0021,6.6004,0.003,1.4256
622,2026-09-25 18:30:00,T02,Temperature,46.644,24.585,0.978,0.4477,anomaly,1,0.978,0.4477,22.059,22.059,0.022,89.7254,0.9778,0.002,10.9148,-0.0025,2.0208
623,2026-09-25 18:35:00,T02,Temperature,25.814,24.742,0.981,0.4157,healthy,0,0.981,0.4157,1.072,1.072,0.019,4.3327,0.979,0.0016,11.0494,0.003,0.097
624,2026-09-25 18:40:00,T02,Temperature,24.481,24.553,0.9777,0.4635,healthy,0,0.9777,0.4635,0.072,-0.072,0.0223,0.2932,0.9789,0.0017,6.5982,-0.0033,0.0109
625,2026-09-25 18:45:00,T02,Temperature,24.072,24.124,0.98223,0.4217,healthy,0,0.98223,0.4217,0.052,-0.052,0.0178,0.2156,0.9799,0.002,6.5332,0.0045,0.008
626,2026-09-25 18:50:00,T02,Temperature,45.869,24.15,0.97873,0.472,anomaly,1,0.97873,0.472,21.719,21.719,0.0213,89.9337,0.9795,0.002,8.9948,-0.0035,2.4143
627,2026-09-25 18:55:00,T02,Temperature,24.782,24.213,0.98138,0.4142,healthy,0,0.98138,0.4142,0.569,0.569,0.0186,2.35,0.9802,0.0019,4.6968,0.0027,0.1211
628,2026-09-25 19:00:00,T02,Temperature,24.151,24.438,0.97911,0.4615,healthy,0,0.97911,0.4615,0.287,-0.287,0.0209,1.1744,0.9798,0.0019,4.5398,-0.0023,0.0632
629,2026-09-25 19:05:00,T02,Temperature,23.951,23.778,0.98146,0.461,healthy,0,0.98146,0.461,0.173,0.173,0.0185,0.7276,0.9806,0.0016,4.56,0.0023,0.0379
630,2026-09-25 19:10:00,T02,Temperature,23.483,23.721,0.97761,0.4395,healthy,0,0.97761,0.4395,0.238,-0.238,0.0224,1.0033,0.9797,0.0017,4.5972,-0.0039,0.0518
631,2026-09-25 19:15:00,T02,Temperature,14.083,23.966,0.9801,0.423,anomaly,1,0.9801,0.423,9.883,-9.883,0.0199,41.2376,0.9799,0.0016,2.23,0.0025,4.4299
632,2026-09-25 19:20:00,T02,Temperature,37.974,23.606,0.97293,0.4286,anomaly,1,0.97293,0.4286,14.368,14.368,0.0271,60.8659,0.9782,0.0033,4.9898,-0.0072,2.8789
633,2026-09-25 19:25:00,T02,Temperature,23.584,23.611,0.9817,0.5025,healthy,0,0.9817,0.5025,0.027,-0.027,0.0183,0.1144,0.9788,0.0036,4.9378,0.0088,0.0055
634,2026-09-25 19:30:00,T02,Temperature,23.505,23.561,0.97784,0.4106,healthy,0,0.97784,0.4106,0.056,-0.056,0.0222,0.2377,0.978,0.0033,4.9144,-0.0039,0.0114
635,2026-09-25 19:35:00,T02,Temperature,32.093,23.895,0.97308,0.4238,anomaly,1,0.97308,0.4238,8.198,8.198,0.0269,34.3084,0.9771,0.004,6.5064,-0.0048,1.2598
636,2026-09-25 19:40:00,T02,Temperature,46.105,23.976,0.98087,0.4669,anomaly,1,0.98087,0.4669,22.129,22.129,0.0191,92.2965,0.9773,0.0042,8.9556,0.0078,2.4707
637,2026-09-25 19:45:00,T02,Temperature,24.156,23.419,0.98003,0.4377,healthy,0,0.98003,0.4377,0.737,0.737,0.02,3.147,0.9787,0.0035,6.2294,-0.0008,0.1183
638,2026-09-25 19:50:00,T02,Temperature,45.552,23.48,0.97869,0.4952,anomaly,1,0.97869,0.4952,22.072,22.072,0.0213,94.0034,0.9781,0.003,10.6384,-0.0013,2.0746
639,2026-09-25 19:55:00,T02,Temperature,23.668,23.773,0.97945,0.4415,healthy,0,0.97945,0.4415,0.105,-0.105,0.0205,0.4417,0.9784,0.0031,10.6482,0.0008,0.0099
640,2026-09-25 20:00:00,T02,Temperature,24.44,23.5,0.97749,0.4377,healthy,0,0.97749,0.4377,0.94,0.94,0.0225,4.0,0.9793,0.0013,9.1966,-0.002,0.1022
641,2026-09-25 20:05:00,T02,Temperature,37.055,23.464,0.97892,0.5017,anomaly,1,0.97892,0.5017,13.591,13.591,0.0211,57.9228,0.9789,0.001,7.489,0.0014,1.8146
642,2026-09-25 20:10:00,T02,Temperature,23.71,23.413,0.97994,0.4911,healthy,0,0.97994,0.4911,0.297,0.297,0.0201,1.2685,0.9789,0.0009,7.401,0.001,0.0401
643,2026-09-25 20:15:00,T02,Temperature,37.739,23.303,0.97719,0.5212,anomaly,1,0.97719,0.5212,14.436,14.436,0.0228,61.9491,0.9786,0.0012,5.8738,-0.0028,2.4573
644,2026-09-25 20:20:00,T02,Temperature,23.248,23.18,0.97954,0.4913,healthy,0,0.97954,0.4913,0.068,0.068,0.0205,0.2934,0.9786,0.0012,5.8664,0.0023,0.0116
645,2026-09-25 20:25:00,T02,Temperature,23.131,23.368,0.97804,0.4261,healthy,0,0.97804,0.4261,0.237,-0.237,0.022,1.0142,0.9787,0.0011,5.7258,-0.0015,0.0414
646,2026-09-25 20:30:00,T02,Temperature,23.536,23.106,0.97823,0.4687,healthy,0,0.97823,0.4687,0.43,0.43,0.0218,1.861,0.9786,0.0011,3.0936,0.0002,0.139
647,2026-09-25 20:35:00,T02,Temperature,23.115,23.207,0.97763,0.425,healthy,0,0.97763,0.425,0.092,-0.092,0.0224,0.3964,0.9781,0.0009,3.0526,-0.0006,0.0301
648,2026-09-25 20:40:00,T02,Temperature,22.985,23.051,0.97866,0.4602,healthy,0,0.97866,0.4602,0.066,-0.066,0.0213,0.2863,0.9784,0.0007,0.1786,0.001,0.3675
649,2026-09-25 20:45:00,T02,Temperature,23.055,23.48,0.97959,0.4484,healthy,0,0.97959,0.4484,0.425,-0.425,0.0204,1.8101,0.9784,0.0007,0.25,0.0009,1.6932
650,2026-09-25 20:50:00,T02,Temperature,31.734,23.1,0.98066,0.4365,anomaly,1,0.98066,0.4365,8.634,8.634,0.0193,37.3766,0.979,0.0012,1.9294,0.0011,4.4726
651,2026-09-25 20:55:00,T02,Temperature,13.652,23.115,0.97911,0.4106,anomaly,1,0.97911,0.4106,9.463,-9.463,0.0209,40.9388,0.9791,0.0011,3.736,-0.0015,2.5322
652,2026-09-25 21:00:00,T02,Temperature,45.117,23.194,0.97611,0.492,anomaly,1,0.97611,0.492,21.923,21.923,0.0239,94.5201,0.9788,0.0017,8.1022,-0.003,2.7055
653,2026-09-25 21:05:00,T02,Temperature,45.353,23.307,0.98043,0.3784,anomaly,1,0.98043,0.3784,22.046,22.046,0.0196,94.5896,0.9792,0.0018,12.4982,0.0043,1.7638
654,2026-09-25 21:10:00,T02,Temperature,23.559,23.119,0.97774,0.4342,healthy,0,0.97774,0.4342,0.44,0.44,0.0223,1.9032,0.9788,0.0019,12.5012,-0.0027,0.0352
655,2026-09-25 21:15:00,T02,Temperature,22.867,23.258,0.97911,0.4764,healthy,0,0.97911,0.4764,0.391,-0.391,0.0209,1.6811,0.9785,0.0016,10.8526,0.0014,0.036
656,2026-09-25 21:20:00,T02,Temperature,23.637,23.184,0.98134,0.4534,healthy,0,0.98134,0.4534,0.453,0.453,0.0187,1.9539,0.9789,0.0021,9.0506,0.0022,0.05
657,2026-09-25 21:25:00,T02,Temperature,31.677,23.109,0.97452,0.4677,anomaly,1,0.97452,0.4677,8.568,8.568,0.0255,37.0765,0.9786,0.0027,6.3796,-0.0068,1.3428
658,2026-09-25 21:30:00,T02,Temperature,23.405,23.348,0.98175,0.3978,healthy,0,0.98175,0.3978,0.057,0.057,0.0182,0.2441,0.9789,0.0029,1.9818,0.0072,0.0287
659,2026-09-25 21:35:00,T02,Temperature,24.401,23.721,0.9795,0.4727,healthy,0,0.9795,0.4727,0.68,0.68,0.0205,2.8667,0.9792,0.0029,2.0298,-0.0022,0.3348
660,2026-09-25 21:40:00,T02,Temperature,12.988,23.221,0.98441,0.3823,anomaly,1,0.98441,0.3823,10.233,-10.233,0.0156,44.0679,0.9803,0.0037,3.9982,0.0049,2.5588
661,2026-09-25 21:45:00,T02,Temperature,22.887,23.051,0.97922,0.4849,healthy,0,0.97922,0.4849,0.164,-0.164,0.0208,0.7115,0.9799,0.0037,3.9404,-0.0052,0.0416
662,2026-09-25 21:50:00,T02,Temperature,23.395,23.291,0.97769,0.4117,healthy,0,0.97769,0.4117,0.104,0.104,0.0223,0.4465,0.9805,0.0026,2.2476,-0.0015,0.0463
663,2026-09-25 21:55:00,T02,Temperature,22.856,23.427,0.97402,0.4435,healthy,0,0.97402,0.4435,0.571,-0.571,0.026,2.4374,0.979,0.0037,2.3504,-0.0037,0.2428
664,2026-09-25 22:00:00,T02,Temperature,23.657,23.598,0.98163,0.4803,healthy,0,0.98163,0.4803,0.059,0.059,0.0184,0.25,0.9794,0.0039,2.2262,0.0076,0.0265
665,2026-09-25 22:05:00,T02,Temperature,23.251,23.334,0.98349,0.4826,healthy,0,0.98349,0.4826,0.083,-0.083,0.0165,0.3557,0.9792,0.0037,0.1962,0.0019,0.4209
666,2026-09-25 22:10:00,T02,Temperature,37.825,23.501,0.98073,0.4113,anomaly,1,0.98073,0.4113,14.324,14.324,0.0193,60.9506,0.9795,0.0037,3.0282,-0.0028,4.7286
667,2026-09-25 22:15:00,T02,Temperature,32.189,23.708,0.97349,0.4589,anomaly,1,0.97349,0.4589,8.481,8.481,0.0265,35.7727,0.9787,0.0046,4.7036,-0.0072,1.8027
668,2026-09-25 22:20:00,T02,Temperature,32.517,23.321,0.97199,0.4021,anomaly,1,0.97199,0.4021,9.196,9.196,0.028,39.4323,0.9783,0.0052,6.4286,-0.0015,1.4303
669,2026-09-25 22:25:00,T02,Temperature,24.165,23.501,0.98009,0.441,healthy,0,0.98009,0.441,0.664,0.664,0.0199,2.8254,0.978,0.005,6.5496,0.0081,0.1014
670,2026-09-25 22:30:00,T02,Temperature,23.75,23.813,0.98133,0.4532,healthy,0,0.98133,0.4532,0.063,-0.063,0.0187,0.2646,0.9775,0.0044,6.5456,0.0012,0.0096
671,2026-09-25 22:35:00,T02,Temperature,23.286,23.784,0.97854,0.4413,healthy,0,0.97854,0.4413,0.498,-0.498,0.0215,2.0938,0.9771,0.0041,3.7804,-0.0028,0.1317
672,2026-09-25 22:40:00,T02,Temperature,46.328,23.982,0.98159,0.4846,anomaly,1,0.98159,0.4846,22.346,22.346,0.0184,93.1782,0.9787,0.0039,6.5534,0.003,3.4093
673,2026-09-25 22:45:00,T02,Temperature,23.964,24.018,0.97752,0.4617,healthy,0,0.97752,0.4617,0.054,-0.054,0.0225,0.2248,0.9798,0.0018,4.725,-0.0041,0.0114
674,2026-09-25 22:50:00,T02,Temperature,13.981,24.032,0.97248,0.4349,anomaly,1,0.97248,0.4349,10.051,-10.051,0.0275,41.8234,0.9783,0.0037,6.6024,-0.005,1.5221
675,2026-09-25 22:55:00,T02,Temperature,24.284,24.139,0.98006,0.4569,healthy,0,0.98006,0.4569,0.145,0.145,0.0199,0.6007,0.978,0.0035,6.6188,0.0076,0.0219
676,2026-09-25 23:00:00,T02,Temperature,32.602,24.052,0.98095,0.4551,anomaly,1,0.98095,0.4551,8.55,8.55,0.0191,35.548,0.9785,0.0037,8.2292,0.0009,1.0389
677,2026-09-25 23:05:00,T02,Temperature,23.782,24.08,0.97873,0.4476,healthy,0,0.97873,0.4476,0.298,-0.298,0.0213,1.2375,0.9779,0.0033,3.8196,-0.0022,0.078
678,2026-09-25 23:10:00,T02,Temperature,24.107,24.269,0.9811,0.492,healthy,0,0.9811,0.492,0.162,-0.162,0.0189,0.6675,0.9787,0.0036,3.8412,0.0024,0.0422
679,2026-09-25 23:15:00,T02,Temperature,38.224,24.29,0.97929,0.4644,anomaly,1,0.97929,0.4644,13.934,13.934,0.0207,57.3652,0.98,0.001,4.6178,-0.0018,3.0168
680,2026-09-25 23:20:00,T02,Temperature,23.946,24.378,0.98,0.4552,warning,0,0.98,0.4552,0.432,-0.432,0.02,1.7721,0.98,0.001,4.6752,0.0007,0.0924
681,2026-09-25 23:25:00,T02,Temperature,24.604,24.802,0.98147,0.4689,warning,0,0.98147,0.4689,0.198,-0.198,0.0185,0.7983,0.9801,0.0012,3.0048,0.0015,0.0659
682,2026-09-25 23:30:00,T02,Temperature,25.547,24.774,0.98294,0.3936,warning,0,0.98294,0.3936,0.773,0.773,0.0171,3.1202,0.981,0.0014,3.0998,0.0015,0.2493
683,2026-09-25 23:35:00,T02,Temperature,25.83,24.893,0.98441,0.4277,warning,0,0.98441,0.4277,0.937,0.937,0.0156,3.7641,0.9816,0.0021,3.2548,0.0015,0.2878
684,2026-09-25 23:40:00,T02,Temperature,24.548,24.787,0.98588,0.5184,warning,0,0.98588,0.5184,0.239,-0.239,0.0141,0.9642,0.9829,0.0023,0.5158,0.0015,0.4625
685,2026-09-25 23:45:00,T02,Temperature,26.157,25.018,0.98735,0.4347,warning,0,0.98735,0.4347,1.139,1.139,0.0127,4.5527,0.9844,0.0023,0.6572,0.0015,1.7305
686,2026-09-25 23:50:00,T02,Temperature,24.992,25.052,0.98882,0.4279,warning,0,0.98882,0.4279,0.06,-0.06,0.0112,0.2395,0.9859,0.0023,0.6296,0.0015,0.0951
687,2026-09-25 23:55:00,T02,Temperature,25.074,25.103,0.99029,0.3969,warning,0,0.99029,0.3969,0.029,-0.029,0.0097,0.1155,0.9874,0.0023,0.4808,0.0015,0.0602
688,2026-09-26 00:00:00,T02,Temperature,26.131,25.154,0.99176,0.4469,warning,0,0.99176,0.4469,0.977,0.977,0.0082,3.8841,0.9888,0.0023,0.4888,0.0015,1.9947
689,2026-09-26 00:05:00,T02,Temperature,24.266,25.454,0.99323,0.4589,warning,0,0.99323,0.4589,1.188,-1.188,0.0068,4.6672,0.9903,0.0023,0.6786,0.0015,1.7481
690,2026-09-26 00:10:00,T02,Temperature,25.57,25.379,0.9947,0.3936,warning,0,0.9947,0.3936,0.191,0.191,0.0053,0.7526,0.9918,0.0023,0.489,0.0015,0.3898
691,2026-09-26 00:15:00,T02,Temperature,26.423,25.522,0.99617,0.4938,warning,0,0.99617,0.4938,0.901,0.901,0.0038,3.5303,0.9932,0.0023,0.6572,0.0015,1.3689
692,2026-09-26 00:20:00,T02,Temperature,25.96,25.74,0.99764,0.4241,warning,0,0.99764,0.4241,0.22,0.22,0.0024,0.8547,0.9947,0.0023,0.6954,0.0015,0.3159
693,2026-09-26 00:25:00,T02,Temperature,25.6,25.595,0.99911,0.4391,warning,0,0.99911,0.4391,0.005,0.005,0.0009,0.0195,0.9962,0.0023,0.501,0.0015,0.01
694,2026-09-26 00:30:00,T02,Temperature,26.263,26.104,1.00058,0.4023,warning,0,1.00058,0.4023,0.159,0.159,0.0006,0.6091,0.9976,0.0023,0.2952,0.0015,0.5368
695,2026-09-26 00:35:00,T02,Temperature,26.049,25.772,1.00205,0.4798,warning,0,1.00205,0.4798,0.277,0.277,0.0021,1.0748,0.9991,0.0023,0.3124,0.0015,0.8839
696,2026-09-26 00:40:00,T02,Temperature,26.958,25.949,1.00352,0.5193,warning,0,1.00352,0.5193,1.009,1.009,0.0035,3.8884,1.0006,0.0023,0.334,0.0015,3.0119
697,2026-09-26 00:45:00,T02,Temperature,26.347,25.784,1.00499,0.4339,warning,0,1.00499,0.4339,0.563,0.563,0.005,2.1835,1.0021,0.0023,0.4026,0.0015,1.3949
698,2026-09-26 00:50:00,T02,Temperature,26.16,26.041,1.00646,0.4187,warning,0,1.00646,0.4187,0.119,0.119,0.0065,0.457,1.0035,0.0023,0.4254,0.0015,0.2791
699,2026-09-26 00:55:00,T02,Temperature,27.155,26.063,1.00793,0.4258,warning,0,1.00793,0.4258,1.092,1.092,0.0079,4.1898,1.005,0.0023,0.612,0.0015,1.7814
700,2026-09-26 01:00:00,T02,Temperature,27.401,26.024,1.0094,0.3812,warning,0,1.0094,0.3812,1.377,1.377,0.0094,5.2913,1.0065,0.0023,0.832,0.0015,1.6531
701,2026-09-26 01:05:00,T02,Temperature,26.822,26.185,1.01087,0.401,warning,0,1.01087,0.401,0.637,0.637,0.0109,2.4327,1.0079,0.0023,0.7576,0.0015,0.8397
702,2026-09-26 01:10:00,T02,Temperature,26.529,26.21,1.01234,0.4302,warning,0,1.01234,0.4302,0.319,0.319,0.0123,1.2171,1.0094,0.0023,0.7088,0.0015,0.4494
703,2026-09-26 01:15:00,T02,Temperature,27.419,26.175,1.01381,0.4174,warning,0,1.01381,0.4174,1.244,1.244,0.0138,4.7526,1.0109,0.0023,0.9338,0.0015,1.3308
704,2026-09-26 01:20:00,T02,Temperature,27.329,26.561,1.01528,0.4821,warning,0,1.01528,0.4821,0.768,0.768,0.0153,2.8915,1.0123,0.0023,0.869,0.0015,0.8828
705,2026-09-26 01:25:00,T02,Temperature,27.236,26.307,1.01675,0.4266,warning,0,1.01675,0.4266,0.929,0.929,0.0168,3.5314,1.0138,0.0023,0.7794,0.0015,1.1904
706,2026-09-26 01:30:00,T02,Temperature,27.577,26.777,1.01822,0.4946,warning,0,1.01822,0.4946,0.8,0.8,0.0182,2.9876,1.0153,0.0023,0.812,0.0015,0.984
707,2026-09-26 01:35:00,T02,Temperature,27.39,26.754,1.01969,0.3878,warning,0,1.01969,0.3878,0.636,0.636,0.0197,2.3772,1.0167,0.0023,0.8754,0.0015,0.7257
708,2026-09-26 01:40:00,T02,Temperature,28.057,26.875,1.02116,0.4117,warning,0,1.02116,0.4117,1.182,1.182,0.0212,4.3981,1.0182,0.0023,0.863,0.0015,1.3681
709,2026-09-26 01:45:00,T02,Temperature,27.823,26.723,1.02263,0.4166,warning,0,1.02263,0.4166,1.1,1.1,0.0226,4.1163,1.0197,0.0023,0.9294,0.0015,1.1823
710,2026-09-26 01:50:00,T02,Temperature,27.613,26.786,1.0241,0.4525,warning,0,1.0241,0.4525,0.827,0.827,0.0241,3.0874,1.0212,0.0023,0.909,0.0015,0.9088
711,2026-09-26 01:55:00,T02,Temperature,27.847,26.719,1.02557,0.4338,warning,0,1.02557,0.4338,1.128,1.128,0.0256,4.2217,1.0226,0.0023,0.9746,0.0015,1.1562
712,2026-09-26 02:00:00,T02,Temperature,27.889,27.227,1.02704,0.5024,warning,0,1.02704,0.5024,0.662,0.662,0.027,2.4314,1.0241,0.0023,0.9798,0.0015,0.675
713,2026-09-26 02:05:00,T02,Temperature,27.301,26.99,1.02851,0.4458,warning,0,1.02851,0.4458,0.311,0.311,0.0285,1.1523,1.0256,0.0023,0.8056,0.0015,0.3856
714,2026-09-26 02:10:00,T02,Temperature,27.282,26.934,1.02998,0.535,warning,0,1.02998,0.535,0.348,0.348,0.03,1.292,1.027,0.0023,0.6552,0.0015,0.5303
715,2026-09-26 02:15:00,T02,Temperature,28.31,26.817,1.03145,0.4912,warning,0,1.03145,0.4912,1.493,1.493,0.0314,5.5674,1.0285,0.0023,0.7884,0.0015,1.8913
716,2026-09-26 02:20:00,T02,Temperature,28.493,27.324,1.03292,0.4507,warning,0,1.03292,0.4507,1.169,1.169,0.0329,4.2783,1.03,0.0023,0.7966,0.0015,1.4656
717,2026-09-26 02:25:00,T02,Temperature,28.191,26.947,1.03439,0.449,warning,0,1.03439,0.449,1.244,1.244,0.0344,4.6165,1.0314,0.0023,0.913,0.0015,1.3611
718,2026-09-26 02:30:00,T02,Temperature,27.936,27.218,1.03586,0.4959,warning,0,1.03586,0.4959,0.718,0.718,0.0359,2.638,1.0329,0.0023,0.9944,0.0015,0.7213
719,2026-09-26 02:35:00,T02,Temperature,27.678,27.105,1.03733,0.427,warning,0,1.03733,0.427,0.573,0.573,0.0373,2.114,1.0344,0.0023,1.0394,0.0015,0.5507
720,2026-09-26 02:40:00,T02,Temperature,29.593,27.482,1.0388,0.4667,warning,0,1.0388,0.4667,2.111,2.111,0.0388,7.6814,1.0359,0.0023,1.163,0.0015,1.8136
721,2026-09-26 02:45:00,T02,Temperature,29.425,27.319,1.04027,0.4479,warning,0,1.04027,0.4479,2.106,2.106,0.0403,7.7089,1.0373,0.0023,1.3504,0.0015,1.5584
722,2026-09-26 02:50:00,T02,Temperature,28.995,27.297,1.04174,0.4353,warning,0,1.04174,0.4353,1.698,1.698,0.0417,6.2205,1.0388,0.0023,1.4412,0.0015,1.1774
723,2026-09-26 02:55:00,T02,Temperature,28.902,27.204,1.04321,0.4926,warning,0,1.04321,0.4926,1.698,1.698,0.0432,6.2417,1.0403,0.0023,1.6372,0.0015,1.0365
724,2026-09-26 03:00:00,T02,Temperature,28.491,27.159,1.04468,0.4746,warning,0,1.04468,0.4746,1.332,1.332,0.0447,4.9045,1.0417,0.0023,1.789,0.0015,0.7441
725,2026-09-26 03:05:00,T02,Temperature,28.668,27.442,1.04615,0.4795,warning,0,1.04615,0.4795,1.226,1.226,0.0461,4.4676,1.0432,0.0023,1.612,0.0015,0.7601
726,2026-09-26 03:10:00,T02,Temperature,28.96,27.143,1.04762,0.4475,warning,0,1.04762,0.4475,1.817,1.817,0.0476,6.6942,1.0447,0.0023,1.5542,0.0015,1.1683
727,2026-09-26 03:15:00,T02,Temperature,27.885,27.234,1.04909,0.4474,warning,0,1.04909,0.4474,0.651,0.651,0.0491,2.3904,1.0462,0.0023,1.3448,0.0015,0.4837
728,2026-09-26 03:20:00,T02,Temperature,28.365,27.183,1.05056,0.4774,warning,0,1.05056,0.4774,1.182,1.182,0.0506,4.3483,1.0476,0.0023,1.2416,0.0015,0.9512
729,2026-09-26 03:25:00,T02,Temperature,29.87,27.27,1.05203,0.4966,warning,0,1.05203,0.4966,2.6,2.6,0.052,9.5343,1.0491,0.0023,1.4952,0.0015,1.7377
730,2026-09-26 03:30:00,T02,Temperature,28.658,26.957,1.0535,0.3657,warning,0,1.0535,0.3657,1.701,1.701,0.0535,6.31,1.0506,0.0023,1.5902,0.0015,1.069
731,2026-09-26 03:35:00,T02,Temperature,29.202,26.779,1.05497,0.3804,warning,0,1.05497,0.3804,2.423,2.423,0.055,9.0481,1.052,0.0023,1.7114,0.0015,1.415
732,2026-09-26 03:40:00,T02,Temperature,28.565,27.088,1.05644,0.4775,warning,0,1.05644,0.4775,1.477,1.477,0.0564,5.4526,1.0535,0.0023,1.8766,0.0015,0.7866
733,2026-09-26 03:45:00,T02,Temperature,28.657,26.924,1.05791,0.3948,warning,0,1.05791,0.3948,1.733,1.733,0.0579,6.4366,1.055,0.0023,1.9868,0.0015,0.8718
734,2026-09-26 03:50:00,T02,Temperature,29.773,27.26,1.05938,0.4884,warning,0,1.05938,0.4884,2.513,2.513,0.0594,9.2186,1.0564,0.0023,1.9694,0.0015,1.2754
735,2026-09-26 03:55:00,T02,Temperature,29.889,27.241,1.06085,0.4241,warning,0,1.06085,0.4241,2.648,2.648,0.0609,9.7206,1.0579,0.0023,2.1588,0.0015,1.226
736,2026-09-26 04:00:00,T02,Temperature,29.067,27.416,1.06232,0.413,warning,0,1.06232,0.413,1.651,1.651,0.0623,6.022,1.0594,0.0023,2.0044,0.0015,0.8233
737,2026-09-26 04:05:00,T02,Temperature,29.336,27.078,1.06379,0.4492,warning,0,1.06379,0.4492,2.258,2.258,0.0638,8.3389,1.0608,0.0023,2.1606,0.0015,1.0446
738,2026-09-26 04:10:00,T02,Temperature,28.049,26.82,1.06526,0.4563,warning,0,1.06526,0.4563,1.229,1.229,0.0653,4.5824,1.0623,0.0023,2.0598,0.0015,0.5964
739,2026-09-26 04:15:00,T02,Temperature,28.358,26.63,1.06673,0.4514,warning,0,1.06673,0.4514,1.728,1.728,0.0667,6.4889,1.0638,0.0023,1.9028,0.0015,0.9077
740,2026-09-26 04:20:00,T02,Temperature,33.869,26.948,1.1956,0.4744,unhealthy,0,1.1956,0.4744,6.921,6.921,0.1956,25.6828,1.0907,0.0586,2.7574,0.1289,2.5091
741,2026-09-26 04:25:00,T02,Temperature,34.408,26.796,1.19723,0.4083,unhealthy,0,1.19723,0.4083,7.612,7.612,0.1972,28.4072,1.1177,0.0718,3.9496,0.0016,1.9268
742,2026-09-26 04:30:00,T02,Temperature,33.917,26.257,1.19887,0.4865,unhealthy,0,1.19887,0.4865,7.66,7.66,0.1989,29.1732,1.1447,0.0719,5.03,0.0016,1.5226
743,2026-09-26 04:35:00,T02,Temperature,33.654,26.537,1.2005,0.45,unhealthy,0,1.2005,0.45,7.117,7.117,0.2005,26.8192,1.1718,0.0588,6.2076,0.0016,1.1463
744,2026-09-26 04:40:00,T02,Temperature,30.97,26.491,1.20213,0.5276,unhealthy,0,1.20213,0.5276,4.479,4.479,0.2021,16.9076,1.1989,0.0026,6.7578,0.0016,0.6627
745,2026-09-26 04:45:00,T02,Temperature,33.049,26.704,1.20377,0.4396,unhealthy,0,1.20377,0.4396,6.345,6.345,0.2038,23.7605,1.2005,0.0026,6.6426,0.0016,0.9551
746,2026-09-26 04:50:00,T02,Temperature,33.859,26.222,1.2054,0.4523,unhealthy,0,1.2054,0.4523,7.637,7.637,0.2054,29.1244,1.2021,0.0026,6.6476,0.0016,1.1487
747,2026-09-26 04:55:00,T02,Temperature,32.287,26.368,1.20703,0.4538,unhealthy,0,1.20703,0.4538,5.919,5.919,0.207,22.4477,1.2038,0.0026,6.2994,0.0016,0.9395
748,2026-09-26 05:00:00,T02,Temperature,32.253,26.329,1.20867,0.4357,unhealthy,0,1.20867,0.4357,5.924,5.924,0.2087,22.4999,1.2054,0.0026,6.0608,0.0016,0.9773
749,2026-09-26 05:05:00,T02,Temperature,34.69,26.479,1.2103,0.4118,unhealthy,0,1.2103,0.4118,8.211,8.211,0.2103,31.0095,1.207,0.0026,6.8072,0.0016,1.206
750,2026-09-26 05:10:00,T02,Temperature,33.397,26.081,1.21193,0.396,unhealthy,0,1.21193,0.396,7.316,7.316,0.2119,28.0511,1.2087,0.0026,7.0014,0.0016,1.0448
751,2026-09-26 05:15:00,T02,Temperature,31.636,26.02,1.21357,0.4282,unhealthy,0,1.21357,0.4282,5.616,5.616,0.2136,21.5834,1.2103,0.0026,6.5972,0.0016,0.8511
752,2026-09-26 05:20:00,T02,Temperature,31.058,25.713,1.2152,0.4144,unhealthy,0,1.2152,0.4144,5.345,5.345,0.2152,20.7872,1.2119,0.0026,6.4824,0.0016,0.8244
753,2026-09-26 05:25:00,T02,Temperature,33.767,26.028,1.21683,0.3628,unhealthy,0,1.21683,0.3628,7.739,7.739,0.2168,29.7334,1.2136,0.0026,6.8454,0.0016,1.1304
754,2026-09-26 05:30:00,T02,Temperature,34.073,25.946,1.21847,0.4376,unhealthy,0,1.21847,0.4376,8.127,8.127,0.2185,31.3227,1.2152,0.0026,6.8286,0.0016,1.19
755,2026-09-26 05:35:00,T02,Temperature,33.13,25.584,1.2201,0.4438,unhealthy,0,1.2201,0.4438,7.546,7.546,0.2201,29.495,1.2168,0.0026,6.8746,0.0016,1.0975
756,2026-09-26 05:40:00,T02,Temperature,32.524,25.59,1.22173,0.4665,unhealthy,0,1.22173,0.4665,6.934,6.934,0.2217,27.0965,1.2185,0.0026,7.1382,0.0016,0.9713
757,2026-09-26 05:45:00,T02,Temperature,32.382,25.468,1.22337,0.448,unhealthy,0,1.22337,0.448,6.914,6.914,0.2234,27.1478,1.2201,0.0026,7.452,0.0016,0.9277
758,2026-09-26 05:50:00,T02,Temperature,31.39,25.37,1.225,0.4364,unhealthy,0,1.225,0.4364,6.02,6.02,0.225,23.7288,1.2217,0.0026,7.1082,0.0016,0.8468
759,2026-09-26 05:55:00,T02,Temperature,33.398,25.285,1.22663,0.4675,unhealthy,0,1.22663,0.4675,8.113,8.113,0.2266,32.0862,1.2234,0.0026,7.1054,0.0016,1.1416
760,2026-09-26 06:00:00,T02,Temperature,31.726,25.111,1.22827,0.476,unhealthy,0,1.22827,0.476,6.615,6.615,0.2283,26.343,1.225,0.0026,6.9192,0.0016,0.9559
761,2026-09-26 06:05:00,T02,Temperature,31.7,25.209,1.2299,0.4861,unhealthy,0,1.2299,0.4861,6.491,6.491,0.2299,25.7487,1.2266,0.0026,6.8306,0.0016,0.9501
762,2026-09-26 06:10:00,T02,Temperature,31.79,24.915,1.23153,0.4496,unhealthy,0,1.23153,0.4496,6.875,6.875,0.2315,27.5938,1.2283,0.0026,6.8228,0.0016,1.0075
763,2026-09-26 06:15:00,T02,Temperature,33.002,24.972,1.23317,0.4273,unhealthy,0,1.23317,0.4273,8.03,8.03,0.2332,32.156,1.2299,0.0026,7.2248,0.0016,1.1113
764,2026-09-26 06:20:00,T02,Temperature,31.782,24.942,1.2348,0.4823,unhealthy,0,1.2348,0.4823,6.84,6.84,0.2348,27.4236,1.2315,0.0026,6.9702,0.0016,0.9812
765,2026-09-26 06:25:00,T02,Temperature,32.754,24.561,1.23643,0.475,unhealthy,0,1.23643,0.475,8.193,8.193,0.2364,33.3578,1.2332,0.0026,7.2858,0.0016,1.1244
766,2026-09-26 06:30:00,T02,Temperature,31.859,24.874,1.23807,0.4823,unhealthy,0,1.23807,0.4823,6.985,6.985,0.2381,28.0815,1.2348,0.0026,7.3846,0.0016,0.9458
767,2026-09-26 06:35:00,T02,Temperature,31.357,24.425,1.2397,0.4444,unhealthy,0,1.2397,0.4444,6.932,6.932,0.2397,28.3808,1.2364,0.0026,7.396,0.0016,0.9371
768,2026-09-26 06:40:00,T02,Temperature,32.402,24.764,1.24133,0.5141,unhealthy,0,1.24133,0.5141,7.638,7.638,0.2413,30.8432,1.2381,0.0026,7.3176,0.0016,1.0436
769,2026-09-26 06:45:00,T02,Temperature,30.965,24.424,1.24297,0.4059,unhealthy,0,1.24297,0.4059,6.541,6.541,0.243,26.781,1.2397,0.0026,7.2578,0.0016,0.9011
770,2026-09-26 06:50:00,T02,Temperature,30.904,24.385,1.2446,0.4267,unhealthy,0,1.2446,0.4267,6.519,6.519,0.2446,26.7336,1.2413,0.0026,6.923,0.0016,0.9415
771,2026-09-26 06:55:00,T02,Temperature,34.491,24.442,1.24623,0.4918,unhealthy,0,1.24623,0.4918,10.049,10.049,0.2462,41.1137,1.243,0.0026,7.5358,0.0016,1.3333
772,2026-09-26 07:00:00,T02,Temperature,32.614,24.161,1.24787,0.5006,unhealthy,0,1.24787,0.5006,8.453,8.453,0.2479,34.9861,1.2446,0.0026,7.84,0.0016,1.0781
773,2026-09-26 07:05:00,T02,Temperature,31.881,23.982,1.2495,0.4234,unhealthy,0,1.2495,0.4234,7.899,7.899,0.2495,32.9372,1.2462,0.0026,7.8922,0.0016,1.0007
774,2026-09-26 07:10:00,T02,Temperature,33.939,24.181,1.25113,0.4342,unhealthy,0,1.25113,0.4342,9.758,9.758,0.2511,40.354,1.2479,0.0026,8.5356,0.0016,1.1431
775,2026-09-26 07:15:00,T02,Temperature,31.426,24.002,1.25277,0.3894,unhealthy,0,1.25277,0.3894,7.424,7.424,0.2528,30.9308,1.2495,0.0026,8.7166,0.0016,0.8516
776,2026-09-26 07:20:00,T02,Temperature,32.48,23.729,1.2544,0.4149,unhealthy,0,1.2544,0.4149,8.751,8.751,0.2544,36.8789,1.2511,0.0026,8.457,0.0016,1.0346
777,2026-09-26 07:25:00,T02,Temperature,30.551,23.952,1.25603,0.4064,unhealthy,0,1.25603,0.4064,6.599,6.599,0.256,27.5509,1.2528,0.0026,8.0862,0.0016,0.816
778,2026-09-26 07:30:00,T02,Temperature,29.905,23.875,1.25767,0.425,unhealthy,0,1.25767,0.425,6.03,6.03,0.2577,25.2565,1.2544,0.0026,7.7124,0.0016,0.7818
779,2026-09-26 07:35:00,T02,Temperature,30.138,23.722,1.2593,0.4914,unhealthy,0,1.2593,0.4914,6.416,6.416,0.2593,27.0466,1.256,0.0026,7.044,0.0016,0.9107
780,2026-09-26 07:40:00,T02,Temperature,30.739,23.59,1.26093,0.4514,unhealthy,0,1.26093,0.4514,7.149,7.149,0.2609,30.3052,1.2577,0.0026,6.989,0.0016,1.0227
781,2026-09-26 07:45:00,T02,Temperature,31.008,23.438,1.26257,0.4216,unhealthy,0,1.26257,0.4216,7.57,7.57,0.2626,32.298,1.2593,0.0026,6.7528,0.0016,1.1209
782,2026-09-26 07:50:00,T02,Temperature,31.607,23.605,1.2642,0.4286,unhealthy,0,1.2642,0.4286,8.002,8.002,0.2642,33.8996,1.2609,0.0026,7.0334,0.0016,1.1376
783,2026-09-26 07:55:00,T02,Temperature,31.142,23.344,1.26583,0.4763,unhealthy,0,1.26583,0.4763,7.798,7.798,0.2658,33.4047,1.2626,0.0026,7.387,0.0016,1.0555
784,2026-09-26 08:00:00,T02,Temperature,29.412,23.141,1.26747,0.4157,unhealthy,0,1.26747,0.4157,6.271,6.271,0.2675,27.0991,1.2642,0.0026,7.358,0.0016,0.8522
785,2026-09-26 08:05:00,T02,Temperature,30.484,23.489,1.2691,0.4139,unhealthy,0,1.2691,0.4139,6.995,6.995,0.2691,29.7799,1.2658,0.0026,7.3272,0.0016,0.9545
786,2026-09-26 08:10:00,T02,Temperature,29.133,23.288,1.27073,0.4301,unhealthy,0,1.27073,0.4301,5.845,5.845,0.2707,25.0988,1.2675,0.0026,6.9822,0.0016,0.837
787,2026-09-26 08:15:00,T02,Temperature,32.527,23.618,1.27237,0.4696,unhealthy,0,1.27237,0.4696,8.909,8.909,0.2724,37.7212,1.2691,0.0026,7.1636,0.0016,1.2435
788,2026-09-26 08:20:00,T02,Temperature,29.87,23.472,1.274,0.4514,unhealthy,0,1.274,0.4514,6.398,6.398,0.274,27.258,1.2707,0.0026,6.8836,0.0016,0.9293
789,2026-09-26 08:25:00,T02,Temperature,30.705,23.452,1.27563,0.4111,unhealthy,0,1.27563,0.4111,7.253,7.253,0.2756,30.927,1.2724,0.0026,7.08,0.0016,1.0243
790,2026-09-26 08:30:00,T02,Temperature,31.696,23.041,1.27727,0.4672,unhealthy,0,1.27727,0.4672,8.655,8.655,0.2773,37.5635,1.274,0.0026,7.412,0.0016,1.1675
791,2026-09-26 08:35:00,T02,Temperature,29.945,23.243,1.2789,0.4361,unhealthy,0,1.2789,0.4361,6.702,6.702,0.2789,28.8345,1.2756,0.0026,7.5834,0.0016,0.8837
792,2026-09-26 08:40:00,T02,Temperature,31.832,23.404,1.28053,0.4129,unhealthy,0,1.28053,0.4129,8.428,8.428,0.2805,36.0109,1.2773,0.0026,7.4872,0.0016,1.1255
793,2026-09-26 08:45:00,T02,Temperature,31.036,23.232,1.28217,0.3961,unhealthy,0,1.28217,0.3961,7.804,7.804,0.2822,33.5916,1.2789,0.0026,7.7684,0.0016,1.0045
794,2026-09-26 08:50:00,T02,Temperature,32.131,23.034,1.2838,0.467,unhealthy,0,1.2838,0.467,9.097,9.097,0.2838,39.4938,1.2805,0.0026,8.1372,0.0016,1.1178
795,2026-09-26 08:55:00,T02,Temperature,29.99,23.012,1.28543,0.4274,unhealthy,0,1.28543,0.4274,6.978,6.978,0.2854,30.3233,1.2822,0.0026,7.8018,0.0016,0.8943
796,2026-09-26 09:00:00,T02,Temperature,32.534,23.475,1.28707,0.4422,unhealthy,0,1.28707,0.4422,9.059,9.059,0.2871,38.59,1.2838,0.0026,8.2732,0.0016,1.0948
797,2026-09-26 09:05:00,T02,Temperature,31.693,23.382,1.2887,0.4641,unhealthy,0,1.2887,0.4641,8.311,8.311,0.2887,35.5444,1.2854,0.0026,8.2498,0.0016,1.0073
798,2026-09-26 09:10:00,T02,Temperature,31.067,23.202,1.29033,0.4539,unhealthy,0,1.29033,0.4539,7.865,7.865,0.2903,33.8979,1.2871,0.0026,8.262,0.0016,0.9518
799,2026-09-26 09:15:00,T02,Temperature,31.047,23.233,1.29197,0.5522,unhealthy,0,1.29197,0.5522,7.814,7.814,0.292,33.6332,1.2887,0.0026,8.0054,0.0016,0.976
800,2026-09-25 00:00:00,LDR,Light_LDR,122.377,121.765,0.99914,0.3532,healthy,0,0.99914,0.3532,0.612,0.612,0.0009,0.5026,0.9991,0.0,0.612,0.0,0.9984
801,2026-09-25 00:05:00,LDR,Light_LDR,118.043,119.612,0.99849,-0.3155,healthy,0,0.99849,-0.3155,1.569,-1.569,0.0015,1.3117,0.9988,0.0005,1.0905,-0.0007,1.4375
802,2026-09-25 00:10:00,LDR,Light_LDR,116.111,120.488,0.99834,-0.0437,healthy,0,0.99834,-0.0437,4.377,-4.377,0.0017,3.6327,0.9987,0.0004,2.186,-0.0001,2.0014
803,2026-09-25 00:15:00,LDR,Light_LDR,119.724,122.765,1.00189,-0.2817,healthy,0,1.00189,-0.2817,3.041,-3.041,0.0019,2.4771,0.9995,0.0017,2.3997,0.0035,1.2667
804,2026-09-25 00:20:00,LDR,Light_LDR,116.412,122.023,1.00253,0.5947,healthy,0,1.00253,0.5947,5.611,-5.611,0.0025,4.5983,1.0001,0.002,3.042,0.0006,1.8439
805,2026-09-25 00:25:00,LDR,Light_LDR,126.109,124.09,0.99988,-0.0169,healthy,0,0.99988,-0.0169,2.019,2.019,0.0001,1.627,1.0002,0.0019,3.3234,-0.0026,0.6073
806,2026-09-25 00:30:00,LDR,Light_LDR,127.368,121.523,1.00219,0.5696,healthy,0,1.00219,0.5696,5.845,5.845,0.0022,4.8098,1.001,0.0018,4.1786,0.0023,1.3985
807,2026-09-25 00:35:00,LDR,Light_LDR,116.138,119.199,0.99954,-0.7741,healthy,0,0.99954,-0.7741,3.061,-3.061,0.0005,2.568,1.0012,0.0014,3.9154,-0.0026,0.7816
808,2026-09-25 00:40:00,LDR,Light_LDR,116.758,118.488,1.0009,0.0877,healthy,0,1.0009,0.0877,1.73,-1.73,0.0009,1.4601,1.001,0.0013,3.6532,0.0014,0.4734
809,2026-09-25 00:45:00,LDR,Light_LDR,117.774,122.091,1.00063,-0.4046,healthy,0,1.00063,-0.4046,4.317,-4.317,0.0006,3.5359,1.0006,0.001,3.3944,-0.0003,1.2714
810,2026-09-25 00:50:00,LDR,Light_LDR,120.115,121.652,0.99959,-0.2329,healthy,0,0.99959,-0.2329,1.537,-1.537,0.0004,1.2634,1.0006,0.0011,3.298,-0.001,0.4659
811,2026-09-25 00:55:00,LDR,Light_LDR,125.717,125.476,1.00193,0.5802,healthy,0,1.00193,0.5802,0.241,0.241,0.0019,0.1921,1.0005,0.001,2.1772,0.0023,0.1106
812,2026-09-25 01:00:00,LDR,Light_LDR,124.016,125.495,1.00038,-0.6697,healthy,0,1.00038,-0.6697,1.479,-1.479,0.0004,1.1785,1.0007,0.0009,1.8608,-0.0015,0.7944
813,2026-09-25 01:05:00,LDR,Light_LDR,123.55,124.428,0.99898,-0.0164,healthy,0,0.99898,-0.0164,0.878,-0.878,0.001,0.7056,1.0003,0.0011,1.6904,-0.0014,0.5191
814,2026-09-25 01:10:00,LDR,Light_LDR,113.057,123.534,0.9997,-0.2556,healthy,0,0.9997,-0.2556,10.477,-10.477,0.0003,8.4811,1.0001,0.0011,2.9224,0.0007,3.5838
815,2026-09-25 01:15:00,LDR,Light_LDR,113.341,123.05,1.00018,0.4368,healthy,0,1.00018,0.4368,9.709,-9.709,0.0002,7.8903,1.0002,0.0011,4.5568,0.0005,2.1302
816,2026-09-25 01:20:00,LDR,Light_LDR,122.75,124.43,1.00086,0.3513,healthy,0,1.00086,0.3513,1.68,-1.68,0.0009,1.3502,1.0,0.0007,4.8446,0.0007,0.3467
817,2026-09-25 01:25:00,LDR,Light_LDR,128.555,125.12,1.00244,0.3184,healthy,0,1.00244,0.3184,3.435,3.435,0.0024,2.7454,1.0004,0.0013,5.2358,0.0016,0.6559
818,2026-09-25 01:30:00,LDR,Light_LDR,130.377,125.852,1.00223,-0.778,healthy,0,1.00223,-0.778,4.525,4.525,0.0022,3.5955,1.0011,0.0012,5.9652,-0.0002,0.7584
819,2026-09-25 01:35:00,LDR,Light_LDR,119.689,126.945,1.00026,-0.3781,healthy,0,1.00026,-0.3781,7.256,-7.256,0.0003,5.7159,1.0012,0.0011,5.321,-0.002,1.3634
820,2026-09-25 01:40:00,LDR,Light_LDR,129.949,127.569,1.0011,0.2811,healthy,0,1.0011,0.2811,2.38,2.38,0.0011,1.8657,1.0014,0.0009,3.8552,0.0008,0.6172
821,2026-09-25 01:45:00,LDR,Light_LDR,124.21,128.353,0.99815,0.307,healthy,0,0.99815,0.307,4.143,-4.143,0.0019,3.2278,1.0008,0.0017,4.3478,-0.003,0.9527
822,2026-09-25 01:50:00,LDR,Light_LDR,133.542,130.078,0.99983,-0.0203,healthy,0,0.99983,-0.0203,3.464,3.464,0.0002,2.663,1.0003,0.0015,4.3536,0.0017,0.7955
823,2026-09-25 01:55:00,LDR,Light_LDR,133.15,130.099,1.00154,-0.3282,healthy,0,1.00154,-0.3282,3.051,3.051,0.0015,2.3451,1.0002,0.0013,4.0588,0.0017,0.7515
824,2026-09-25 02:00:00,LDR,Light_LDR,126.31,126.684,1.00158,-0.5701,healthy,0,1.00158,-0.5701,0.374,-0.374,0.0016,0.2952,1.0004,0.0015,2.6824,0.0,0.1394
825,2026-09-25 02:05:00,LDR,Light_LDR,127.67,126.874,1.00174,0.4461,healthy,0,1.00174,0.4461,0.796,0.796,0.0017,0.6274,1.0006,0.0016,2.3656,0.0002,0.3363
826,2026-09-25 02:10:00,LDR,Light_LDR,129.182,129.033,1.00141,0.4484,healthy,0,1.00141,0.4484,0.149,0.149,0.0014,0.1155,1.0012,0.0008,1.5668,-0.0003,0.095
827,2026-09-25 02:15:00,LDR,Light_LDR,131.508,127.87,1.00129,-0.7435,healthy,0,1.00129,-0.7435,3.638,3.638,0.0013,2.8451,1.0015,0.0002,1.6016,-0.0001,2.2701
828,2026-09-25 02:20:00,LDR,Light_LDR,125.939,127.601,0.99952,0.3664,healthy,0,0.99952,0.3664,1.662,-1.662,0.0005,1.3025,1.0011,0.0009,1.3238,-0.0018,1.2545
829,2026-09-25 02:25:00,LDR,Light_LDR,131.696,130.451,1.00228,0.044,healthy,0,1.00228,0.044,1.245,1.245,0.0023,0.9544,1.0012,0.001,1.498,0.0028,0.8306
830,2026-09-25 02:30:00,LDR,Light_LDR,127.859,129.034,1.00023,-0.4466,healthy,0,1.00023,-0.4466,1.175,-1.175,0.0002,0.9106,1.0009,0.0011,1.5738,-0.0021,0.7461
831,2026-09-25 02:35:00,LDR,Light_LDR,127.852,126.796,0.9982,-0.8012,healthy,0,0.9982,-0.8012,1.056,1.056,0.0018,0.8328,1.0003,0.0016,1.7552,-0.002,0.6013
832,2026-09-25 02:40:00,LDR,Light_LDR,137.34,132.837,0.99909,0.3861,healthy,0,0.99909,0.3861,4.503,4.503,0.0009,3.3899,0.9999,0.0015,1.9282,0.0009,2.3341
833,2026-09-25 02:45:00,LDR,Light_LDR,126.75,127.12,0.99803,0.3963,healthy,0,0.99803,0.3963,0.37,-0.37,0.002,0.2911,0.9996,0.0018,1.6698,-0.0011,0.2215
834,2026-09-25 02:50:00,LDR,Light_LDR,123.806,126.982,0.99873,0.1679,healthy,0,0.99873,0.1679,3.176,-3.176,0.0013,2.5011,0.9989,0.0009,2.056,0.0007,1.544
835,2026-09-25 02:55:00,LDR,Light_LDR,124.079,124.042,0.99936,-0.0964,healthy,0,0.99936,-0.0964,0.037,0.037,0.0006,0.0298,0.9987,0.0006,1.8284,0.0006,0.0202
836,2026-09-25 03:00:00,LDR,Light_LDR,136.34,132.118,1.00011,0.0972,healthy,0,1.00011,0.0972,4.222,4.222,0.0001,3.1956,0.9991,0.0008,2.4616,0.0008,1.7144
837,2026-09-25 03:05:00,LDR,Light_LDR,125.875,129.612,1.00427,-0.5055,healthy,0,1.00427,-0.5055,3.737,-3.737,0.0043,2.8832,1.0001,0.0025,2.3084,0.0042,1.6182
838,2026-09-25 03:10:00,LDR,Light_LDR,126.749,130.791,1.00251,-0.0803,healthy,0,1.00251,-0.0803,4.042,-4.042,0.0025,3.0904,1.001,0.0023,3.0428,-0.0018,1.3279
839,2026-09-25 03:15:00,LDR,Light_LDR,138.296,133.04,0.99842,0.1356,healthy,0,0.99842,0.1356,5.256,5.256,0.0016,3.9507,1.0009,0.0024,3.4588,-0.0041,1.5192
840,2026-09-25 03:20:00,LDR,Light_LDR,132.177,128.571,0.99876,-0.2215,healthy,0,0.99876,-0.2215,3.606,3.606,0.0012,2.8047,1.0008,0.0025,4.1726,0.0003,0.864
841,2026-09-25 03:25:00,LDR,Light_LDR,131.621,131.493,1.00007,0.7532,healthy,0,1.00007,0.7532,0.128,0.128,0.0001,0.0973,1.0008,0.0025,3.3538,0.0013,0.0382
842,2026-09-25 03:30:00,LDR,Light_LDR,138.138,131.858,0.99914,0.9335,healthy,0,0.99914,0.9335,6.28,6.28,0.0009,4.7627,0.9998,0.0016,3.8624,-0.0009,1.6255
843,2026-09-25 03:35:00,LDR,Light_LDR,135.112,128.9,1.00287,0.5536,healthy,0,1.00287,0.5536,6.212,6.212,0.0029,4.8192,0.9999,0.0018,4.2964,0.0037,1.4455
844,2026-09-25 03:40:00,LDR,Light_LDR,125.941,124.057,1.00144,0.2169,healthy,0,1.00144,0.2169,1.884,1.884,0.0014,1.5187,1.0005,0.0017,3.622,-0.0014,0.52
845,2026-09-25 03:45:00,LDR,Light_LDR,131.464,129.306,1.0005,0.5133,healthy,0,1.0005,0.5133,2.158,2.158,0.0005,1.6689,1.0008,0.0014,3.3324,-0.0009,0.6474
846,2026-09-25 03:50:00,LDR,Light_LDR,131.189,129.134,1.00228,0.1672,healthy,0,1.00228,0.1672,2.055,2.055,0.0023,1.5914,1.0012,0.0015,3.7178,0.0018,0.5526
847,2026-09-25 03:55:00,LDR,Light_LDR,132.539,132.249,0.99913,-0.6063,healthy,0,0.99913,-0.6063,0.29,0.29,0.0009,0.2193,1.0012,0.0015,2.5198,-0.0032,0.115
848,2026-09-25 04:00:00,LDR,Light_LDR,131.763,128.743,1.00144,0.0429,healthy,0,1.00144,0.0429,3.02,3.02,0.0014,2.3458,1.001,0.0012,1.8814,0.0023,1.6043
849,2026-09-25 04:05:00,LDR,Light_LDR,132.588,133.106,1.0016,0.3909,healthy,0,1.0016,0.3909,0.518,-0.518,0.0016,0.3892,1.001,0.0012,1.6082,0.0002,0.3219
850,2026-09-25 04:10:00,LDR,Light_LDR,114.772,125.093,0.9954,-0.2075,healthy,0,0.9954,-0.2075,10.321,-10.321,0.0046,8.2507,1.0,0.0028,3.2408,-0.0062,3.1837
851,2026-09-25 04:15:00,LDR,Light_LDR,129.167,128.643,0.99923,-0.5253,healthy,0,0.99923,-0.5253,0.524,0.524,0.0008,0.4073,0.9994,0.0025,2.9346,0.0038,0.1785
852,2026-09-25 04:20:00,LDR,Light_LDR,123.069,125.877,1.0009,0.2831,healthy,0,1.0009,0.2831,2.808,-2.808,0.0009,2.2307,0.9997,0.0026,3.4382,0.0017,0.8165
853,2026-09-25 04:25:00,LDR,Light_LDR,127.463,126.603,1.00043,-0.5628,healthy,0,1.00043,-0.5628,0.86,0.86,0.0004,0.6793,0.9995,0.0025,3.0062,-0.0005,0.286
854,2026-09-25 04:30:00,LDR,Light_LDR,118.18,123.926,1.00113,-0.1741,healthy,0,1.00113,-0.1741,5.746,-5.746,0.0011,4.6366,0.9994,0.0024,4.0518,0.0007,1.4178
855,2026-09-25 04:35:00,LDR,Light_LDR,126.019,125.326,0.99892,0.4274,healthy,0,0.99892,0.4274,0.693,0.693,0.0011,0.553,1.0001,0.001,2.1262,-0.0022,0.3258
856,2026-09-25 04:40:00,LDR,Light_LDR,122.913,124.258,1.0033,0.2506,healthy,0,1.0033,0.2506,1.345,-1.345,0.0033,1.0824,1.0009,0.0016,2.2904,0.0044,0.587
857,2026-09-25 04:45:00,LDR,Light_LDR,124.213,122.736,0.99915,-0.0882,healthy,0,0.99915,-0.0882,1.477,1.477,0.0009,1.2034,1.0006,0.0018,2.0242,-0.0042,0.7293
858,2026-09-25 04:50:00,LDR,Light_LDR,127.555,126.721,1.00161,-0.6446,healthy,0,1.00161,-0.6446,0.834,0.834,0.0016,0.6581,1.0008,0.0018,2.019,0.0025,0.4129
859,2026-09-25 04:55:00,LDR,Light_LDR,122.348,124.839,1.00536,0.0259,healthy,0,1.00536,0.0259,2.491,-2.491,0.0054,1.9954,1.0017,0.0027,1.368,0.0038,1.8196
860,2026-09-25 05:00:00,LDR,Light_LDR,126.654,125.021,0.99998,-0.7956,healthy,0,0.99998,-0.7956,1.633,1.633,0.0,1.3062,1.0019,0.0025,1.556,-0.0054,1.0488
861,2026-09-25 05:05:00,LDR,Light_LDR,119.436,123.812,0.99995,-0.3494,healthy,0,0.99995,-0.3494,4.376,-4.376,0.0,3.5344,1.0012,0.0025,2.1622,-0.0,2.0229
862,2026-09-25 05:10:00,LDR,Light_LDR,118.572,125.815,1.00222,0.1672,healthy,0,1.00222,0.1672,7.243,-7.243,0.0022,5.7569,1.0018,0.0022,3.3154,0.0023,2.184
863,2026-09-25 05:15:00,LDR,Light_LDR,128.102,124.64,0.99641,-0.2645,healthy,0,0.99641,-0.2645,3.462,3.462,0.0036,2.7776,1.0008,0.0033,3.841,-0.0058,0.9011
864,2026-09-25 05:20:00,LDR,Light_LDR,126.839,124.599,1.00091,0.5252,healthy,0,1.00091,0.5252,2.24,2.24,0.0009,1.7978,0.9999,0.0022,3.7908,0.0045,0.5907
865,2026-09-25 05:25:00,LDR,Light_LDR,118.214,118.849,0.99926,-0.0166,healthy,0,0.99926,-0.0166,0.635,-0.635,0.0007,0.5343,0.9998,0.0022,3.5912,-0.0016,0.1768
866,2026-09-25 05:30:00,LDR,Light_LDR,119.695,121.25,0.99794,0.9603,healthy,0,0.99794,0.9603,1.555,-1.555,0.0021,1.2825,0.9993,0.0023,3.027,-0.0013,0.5135
867,2026-09-25 05:35:00,LDR,Light_LDR,127.7,126.781,0.99772,0.2628,healthy,0,0.99772,0.2628,0.919,0.919,0.0023,0.7249,0.9984,0.0017,1.7622,-0.0002,0.5212
868,2026-09-25 05:40:00,LDR,Light_LDR,116.447,119.823,0.99906,-0.0061,healthy,0,0.99906,-0.0061,3.376,-3.376,0.0009,2.8175,0.999,0.0013,1.745,0.0013,1.9336
869,2026-09-25 05:45:00,LDR,Light_LDR,125.649,120.741,0.99527,0.2846,healthy,0,0.99527,0.2846,4.908,4.908,0.0047,4.0649,0.9978,0.0016,2.2786,-0.0038,2.153
870,2026-09-25 05:50:00,LDR,Light_LDR,126.317,121.745,1.00453,0.2728,healthy,0,1.00453,0.2728,4.572,4.572,0.0045,3.7554,0.9989,0.0034,3.066,0.0093,1.4907
871,2026-09-25 05:55:00,LDR,Light_LDR,117.364,122.895,0.9945,0.1695,healthy,0,0.9945,0.1695,5.531,-5.531,0.0055,4.5006,0.9982,0.004,3.8612,-0.01,1.4321
872,2026-09-25 06:00:00,LDR,Light_LDR,120.24,117.638,0.99799,-0.1251,healthy,0,0.99799,-0.1251,2.602,2.602,0.002,2.2119,0.9983,0.004,4.1978,0.0035,0.6197
873,2026-09-25 06:05:00,LDR,Light_LDR,123.583,120.449,0.99997,0.2891,healthy,0,0.99997,0.2891,3.134,3.134,0.0,2.6019,0.9985,0.004,4.1494,0.002,0.7551
874,2026-09-25 06:10:00,LDR,Light_LDR,120.154,120.049,0.99655,-0.2957,healthy,0,0.99655,-0.2957,0.105,0.105,0.0034,0.0875,0.9987,0.0038,3.1888,-0.0034,0.0329
875,2026-09-25 06:15:00,LDR,Light_LDR,113.951,120.214,0.99734,-0.0045,healthy,0,0.99734,-0.0045,6.263,-6.263,0.0027,5.2099,0.9973,0.002,3.527,0.0008,1.7752
876,2026-09-25 06:20:00,LDR,Light_LDR,114.974,120.385,1.00048,-0.5385,healthy,0,1.00048,-0.5385,5.411,-5.411,0.0005,4.4947,0.9985,0.0017,3.503,0.0031,1.5442
877,2026-09-25 06:25:00,LDR,Light_LDR,121.843,118.697,1.00275,-0.4387,healthy,0,1.00275,-0.4387,3.146,3.146,0.0028,2.6504,0.9994,0.0025,3.6118,0.0023,0.8708
878,2026-09-25 06:30:00,LDR,Light_LDR,117.052,116.431,1.00165,0.2733,healthy,0,1.00165,0.2733,0.621,0.621,0.0016,0.5334,0.9998,0.0027,3.1092,-0.0011,0.1997
879,2026-09-25 06:35:00,LDR,Light_LDR,115.086,113.444,1.00136,0.2008,healthy,0,1.00136,0.2008,1.642,1.642,0.0014,1.4474,1.0007,0.0021,3.4166,-0.0003,0.4805
880,2026-09-25 06:40:00,LDR,Light_LDR,120.701,117.108,0.99824,0.4332,healthy,0,0.99824,0.4332,3.593,3.593,0.0018,3.0681,1.0009,0.0017,2.8826,-0.0031,1.246
881,2026-09-25 06:45:00,LDR,Light_LDR,114.692,114.175,1.00263,0.0527,healthy,0,1.00263,0.0527,0.517,0.517,0.0026,0.4528,1.0013,0.0018,1.9038,0.0044,0.2714
882,2026-09-25 06:50:00,LDR,Light_LDR,119.722,115.59,0.99984,0.5484,healthy,0,0.99984,0.5484,4.132,4.132,0.0002,3.5747,1.0007,0.0017,2.101,-0.0028,1.9657
883,2026-09-25 06:55:00,LDR,Light_LDR,114.254,117.591,1.00037,0.3557,healthy,0,1.00037,0.3557,3.337,-3.337,0.0004,2.8378,1.0005,0.0016,2.6442,0.0005,1.2615
884,2026-09-25 07:00:00,LDR,Light_LDR,110.022,116.367,0.99969,-0.8239,healthy,0,0.99969,-0.8239,6.345,-6.345,0.0003,5.4526,1.0002,0.0016,3.5848,-0.0007,1.7695
885,2026-09-25 07:05:00,LDR,Light_LDR,111.151,113.516,1.00083,-0.2648,healthy,0,1.00083,-0.2648,2.365,-2.365,0.0008,2.0834,1.0007,0.0012,3.3392,0.0011,0.708
886,2026-09-25 07:10:00,LDR,Light_LDR,120.681,116.02,0.99889,0.5323,healthy,0,0.99889,0.5323,4.661,4.661,0.0011,4.0174,0.9999,0.0007,4.168,-0.0019,1.118
887,2026-09-25 07:15:00,LDR,Light_LDR,113.217,114.2,1.00151,0.2469,healthy,0,1.00151,0.2469,0.983,-0.983,0.0015,0.8608,1.0003,0.001,3.5382,0.0026,0.2777
888,2026-09-25 07:20:00,LDR,Light_LDR,116.167,115.553,1.00202,-0.381,healthy,0,1.00202,-0.381,0.614,0.614,0.002,0.5314,1.0006,0.0013,2.9936,0.0005,0.205
889,2026-09-25 07:25:00,LDR,Light_LDR,111.408,113.799,1.0017,-0.1775,healthy,0,1.0017,-0.1775,2.391,-2.391,0.0017,2.1011,1.001,0.0013,2.2028,-0.0003,1.0849
890,2026-09-25 07:30:00,LDR,Light_LDR,109.451,113.55,1.00236,-0.4798,healthy,0,1.00236,-0.4798,4.099,-4.099,0.0024,3.6099,1.0013,0.0014,2.5496,0.0007,1.6071
891,2026-09-25 07:35:00,LDR,Light_LDR,117.874,111.881,0.99931,-0.7062,healthy,0,0.99931,-0.7062,5.993,5.993,0.0007,5.3566,1.0014,0.0012,2.816,-0.003,2.1274
892,2026-09-25 07:40:00,LDR,Light_LDR,115.257,112.385,0.99944,0.6491,healthy,0,0.99944,0.6491,2.872,2.872,0.0006,2.5555,1.001,0.0015,3.1938,0.0001,0.899
893,2026-09-25 07:45:00,LDR,Light_LDR,117.106,111.313,1.00033,-0.0167,healthy,0,1.00033,-0.0167,5.793,5.793,0.0003,5.2042,1.0006,0.0014,4.2296,0.0009,1.3693
894,2026-09-25 07:50:00,LDR,Light_LDR,117.702,111.801,0.99712,-0.7509,healthy,0,0.99712,-0.7509,5.901,5.901,0.0029,5.2781,0.9997,0.0019,4.9316,-0.0032,1.1963
895,2026-09-25 07:55:00,LDR,Light_LDR,108.66,110.326,1.00134,0.0287,healthy,0,1.00134,0.0287,1.666,-1.666,0.0013,1.5101,0.9995,0.0016,4.445,0.0042,0.3747
896,2026-09-25 08:00:00,LDR,Light_LDR,109.621,111.166,1.00317,-0.5792,healthy,0,1.00317,-0.5792,1.545,-1.545,0.0032,1.3898,1.0003,0.0022,3.5554,0.0018,0.4344
897,2026-09-25 08:05:00,LDR,Light_LDR,116.867,113.298,0.99743,0.5269,healthy,0,0.99743,0.5269,3.569,3.569,0.0026,3.1501,0.9999,0.0026,3.6948,-0.0057,0.9657
898,2026-09-25 08:10:00,LDR,Light_LDR,114.671,111.843,0.99899,-0.5646,healthy,0,0.99899,-0.5646,2.828,2.828,0.001,2.5285,0.9996,0.0026,3.1018,0.0016,0.9114
899,2026-09-25 08:15:00,LDR,Light_LDR,118.458,116.628,1.00029,-0.7304,healthy,0,1.00029,-0.7304,1.83,1.83,0.0003,1.5691,1.0002,0.0022,2.2876,0.0013,0.7996
900,2026-09-25 08:20:00,LDR,Light_LDR,109.71,112.699,0.99816,-0.2582,healthy,0,0.99816,-0.2582,2.989,-2.989,0.0018,2.6522,0.9996,0.0023,2.5522,-0.0021,1.1707
901,2026-09-25 08:25:00,LDR,Light_LDR,104.838,109.782,0.99966,-0.3444,healthy,0,0.99966,-0.3444,4.944,-4.944,0.0003,4.5035,0.9989,0.0011,3.232,0.0015,1.5292
902,2026-09-25 08:30:00,LDR,Light_LDR,111.409,111.076,0.99963,-0.1745,healthy,0,0.99963,-0.1745,0.333,0.333,0.0004,0.2998,0.9993,0.0008,2.5848,-0.0,0.1288
903,2026-09-25 08:35:00,LDR,Light_LDR,108.545,107.587,1.00053,-0.1663,healthy,0,1.00053,-0.1663,0.958,0.958,0.0005,0.8904,0.9997,0.0009,2.2108,0.0009,0.4331
904,2026-09-25 08:40:00,LDR,Light_LDR,115.612,111.345,1.00226,0.0412,healthy,0,1.00226,0.0412,4.267,4.267,0.0023,3.8322,1.0,0.0015,2.6982,0.0017,1.5808
905,2026-09-25 08:45:00,LDR,Light_LDR,112.935,109.838,0.99945,-0.0364,healthy,0,0.99945,-0.0364,3.097,3.097,0.0006,2.8196,1.0003,0.0012,2.7198,-0.0028,1.1383
906,2026-09-25 08:50:00,LDR,Light_LDR,114.151,111.698,1.00027,-0.4911,healthy,0,1.00027,-0.4911,2.453,2.453,0.0003,2.1961,1.0004,0.0011,2.2216,0.0008,1.1037
907,2026-09-25 08:55:00,LDR,Light_LDR,108.354,108.686,0.99817,-0.4554,healthy,0,0.99817,-0.4554,0.332,-0.332,0.0018,0.3055,1.0001,0.0015,2.2214,-0.0021,0.1494
908,2026-09-25 09:00:00,LDR,Light_LDR,116.463,112.823,0.99807,0.6714,healthy,0,0.99807,0.6714,3.64,3.64,0.0019,3.2263,0.9996,0.0017,2.7578,-0.0001,1.3194
909,2026-09-25 09:05:00,LDR,Light_LDR,110.14,107.48,0.99923,-0.4161,healthy,0,0.99923,-0.4161,2.66,2.66,0.0008,2.4749,0.999,0.0009,2.4364,0.0012,1.0913
910,2026-09-25 09:10:00,LDR,Light_LDR,113.138,108.46,0.99676,-0.1303,healthy,0,0.99676,-0.1303,4.678,4.678,0.0032,4.3131,0.9985,0.0013,2.7526,-0.0025,1.6989
911,2026-09-25 09:15:00,LDR,Light_LDR,104.048,110.097,1.0008,0.1749,healthy,0,1.0008,0.1749,6.049,-6.049,0.0008,5.4942,0.9986,0.0015,3.4718,0.004,1.7418
912,2026-09-25 09:20:00,LDR,Light_LDR,115.565,108.747,1.00001,-0.2229,healthy,0,1.00001,-0.2229,6.818,6.818,0.0,6.2696,0.999,0.0016,4.769,-0.0008,1.4294
913,2026-09-25 09:25:00,LDR,Light_LDR,105.659,108.171,0.99818,0.1162,healthy,0,0.99818,0.1162,2.512,-2.512,0.0018,2.3222,0.999,0.0016,4.5434,-0.0018,0.5528
914,2026-09-25 09:30:00,LDR,Light_LDR,107.187,104.943,1.00387,-0.4297,healthy,0,1.00387,-0.4297,2.244,2.244,0.0039,2.1383,0.9999,0.0027,4.4602,0.0057,0.503
915,2026-09-25 09:35:00,LDR,Light_LDR,105.373,108.338,0.99827,-0.6492,healthy,0,0.99827,-0.6492,2.965,-2.965,0.0017,2.7368,1.0002,0.0023,4.1176,-0.0056,0.7199
916,2026-09-25 09:40:00,LDR,Light_LDR,103.924,109.69,0.99973,-0.149,healthy,0,0.99973,-0.149,5.766,-5.766,0.0003,5.2566,1.0,0.0023,4.061,0.0015,1.4195
917,2026-09-25 09:45:00,LDR,Light_LDR,111.906,110.083,1.00289,0.5314,healthy,0,1.00289,0.5314,1.823,1.823,0.0029,1.656,1.0006,0.0026,3.062,0.0032,0.5952
918,2026-09-25 09:50:00,LDR,Light_LDR,115.202,112.626,1.00412,0.2285,healthy,0,1.00412,0.2285,2.576,2.576,0.0041,2.2872,1.0018,0.0026,3.0748,0.0012,0.8375
919,2026-09-25 09:55:00,LDR,Light_LDR,105.126,108.356,0.99777,-0.0131,healthy,0,0.99777,-0.0131,3.23,-3.23,0.0022,2.9809,1.0006,0.0028,3.272,-0.0063,0.9869
920,2026-09-25 10:00:00,LDR,Light_LDR,106.525,109.69,0.99824,-0.5694,healthy,0,0.99824,-0.5694,3.165,-3.165,0.0018,2.8854,1.0006,0.0028,3.312,0.0005,0.9553
921,2026-09-25 10:05:00,LDR,Light_LDR,115.127,112.582,1.00359,0.3188,healthy,0,1.00359,0.3188,2.545,2.545,0.0036,2.2606,1.0013,0.0031,2.6678,0.0053,0.9536
922,2026-09-25 10:10:00,LDR,Light_LDR,110.052,108.889,1.00024,-0.0268,healthy,0,1.00024,-0.0268,1.163,1.163,0.0002,1.0681,1.0008,0.003,2.5358,-0.0033,0.4585
923,2026-09-25 10:15:00,LDR,Light_LDR,112.263,111.662,1.00332,0.0211,healthy,0,1.00332,0.0211,0.601,0.601,0.0033,0.5382,1.0006,0.0027,2.1408,0.0031,0.2806
924,2026-09-25 10:20:00,LDR,Light_LDR,110.943,108.721,0.99979,0.4597,healthy,0,0.99979,0.4597,2.222,2.222,0.0002,2.0438,1.001,0.0023,1.9392,-0.0035,1.1452
925,2026-09-25 10:25:00,LDR,Light_LDR,108.008,108.611,0.9991,0.6928,healthy,0,0.9991,0.6928,0.603,-0.603,0.0009,0.5552,1.0012,0.0021,1.4268,-0.0007,0.4223
926,2026-09-25 10:30:00,LDR,Light_LDR,117.021,113.857,1.00324,-0.0618,healthy,0,1.00324,-0.0618,3.164,3.164,0.0032,2.7789,1.0011,0.002,1.5506,0.0041,2.0392
927,2026-09-25 10:35:00,LDR,Light_LDR,112.147,114.337,1.00125,0.1517,healthy,0,1.00125,0.1517,2.19,-2.19,0.0012,1.9154,1.0013,0.0019,1.756,-0.002,1.2464
928,2026-09-25 10:40:00,LDR,Light_LDR,117.912,112.934,0.99829,-0.6559,healthy,0,0.99829,-0.6559,4.978,4.978,0.0017,4.4079,1.0003,0.002,2.6314,-0.003,1.891
929,2026-09-25 10:45:00,LDR,Light_LDR,114.39,114.176,1.00239,0.6261,healthy,0,1.00239,0.6261,0.214,0.214,0.0024,0.1874,1.0009,0.0021,2.2298,0.0041,0.0959
930,2026-09-25 10:50:00,LDR,Light_LDR,103.946,111.867,0.99961,-0.2685,healthy,0,0.99961,-0.2685,7.921,-7.921,0.0004,7.0807,1.001,0.002,3.6934,-0.0028,2.1441
931,2026-09-25 10:55:00,LDR,Light_LDR,110.752,113.838,0.99986,-0.2573,healthy,0,0.99986,-0.2573,3.086,-3.086,0.0001,2.7109,1.0003,0.0016,3.6778,0.0002,0.8389
932,2026-09-25 11:00:00,LDR,Light_LDR,117.759,112.645,1.00039,0.7477,healthy,0,1.00039,0.7477,5.114,5.114,0.0004,4.5399,1.0001,0.0015,4.2626,0.0005,1.1995
933,2026-09-25 11:05:00,LDR,Light_LDR,109.656,116.874,1.00135,-0.0531,healthy,0,1.00135,-0.0531,7.218,-7.218,0.0013,6.1759,1.0007,0.0011,4.7106,0.001,1.532
934,2026-09-25 11:10:00,LDR,Light_LDR,120.137,115.204,0.99806,0.0619,healthy,0,0.99806,0.0619,4.933,4.933,0.0019,4.282,0.9999,0.0012,5.6544,-0.0033,0.8723
935,2026-09-25 11:15:00,LDR,Light_LDR,120.524,120.273,1.00013,-0.6669,healthy,0,1.00013,-0.6669,0.251,0.251,0.0001,0.2087,1.0,0.0012,4.1204,0.0021,0.0609
936,2026-09-25 11:20:00,LDR,Light_LDR,117.162,116.896,1.00136,-0.0077,healthy,0,1.00136,-0.0077,0.266,0.266,0.0014,0.2276,1.0003,0.0013,3.5564,0.0012,0.0748
937,2026-09-25 11:25:00,LDR,Light_LDR,107.815,115.849,0.99938,0.2053,healthy,0,0.99938,0.2053,8.034,-8.034,0.0006,6.9349,1.0001,0.0014,4.1404,-0.002,1.9399
938,2026-09-25 11:30:00,LDR,Light_LDR,115.287,116.881,1.00138,0.6563,healthy,0,1.00138,0.6563,1.594,-1.594,0.0014,1.3638,1.0001,0.0014,3.0156,0.002,0.5284
939,2026-09-25 11:35:00,LDR,Light_LDR,118.06,120.293,1.00338,-0.1542,healthy,0,1.00338,-0.1542,2.233,-2.233,0.0034,1.8563,1.0011,0.0015,2.4756,0.002,0.9016
940,2026-09-25 11:40:00,LDR,Light_LDR,114.874,117.969,0.99984,0.4363,healthy,0,0.99984,0.4363,3.095,-3.095,0.0002,2.6236,1.0011,0.0016,3.0444,-0.0035,1.0163
941,2026-09-25 11:45:00,LDR,Light_LDR,123.918,121.823,0.9984,-0.5058,healthy,0,0.9984,-0.5058,2.095,2.095,0.0016,1.7197,1.0005,0.0019,3.4102,-0.0014,0.6142
942,2026-09-25 11:50:00,LDR,Light_LDR,129.442,121.624,1.00036,0.174,healthy,0,1.00036,0.174,7.818,7.818,0.0004,6.428,1.0007,0.0019,3.367,0.002,2.3213
943,2026-09-25 11:55:00,LDR,Light_LDR,126.451,122.071,1.00006,-0.1725,healthy,0,1.00006,-0.1725,4.38,4.38,0.0001,3.5881,1.0004,0.0018,3.9242,-0.0003,1.1159
944,2026-09-25 12:00:00,LDR,Light_LDR,121.353,121.659,1.00084,-0.1308,healthy,0,1.00084,-0.1308,0.306,-0.306,0.0008,0.2515,0.9999,0.0009,3.5388,0.0008,0.0864
945,2026-09-25 12:05:00,LDR,Light_LDR,121.185,120.124,0.99938,-0.2405,healthy,0,0.99938,-0.2405,1.061,1.061,0.0006,0.8833,0.9998,0.0009,3.132,-0.0015,0.3387
946,2026-09-25 12:10:00,LDR,Light_LDR,117.145,119.544,1.00035,-0.8399,healthy,0,1.00035,-0.8399,2.399,-2.399,0.0004,2.0068,1.0002,0.0005,3.1928,0.001,0.7511
947,2026-09-25 12:15:00,LDR,Light_LDR,120.181,123.45,0.9982,0.2368,healthy,0,0.9982,0.2368,3.269,-3.269,0.0018,2.648,0.9998,0.001,2.283,-0.0022,1.4313
948,2026-09-25 12:20:00,LDR,Light_LDR,123.436,123.219,0.99941,-0.1347,healthy,0,0.99941,-0.1347,0.217,0.217,0.0006,0.1761,0.9996,0.001,1.4504,0.0012,0.1495
949,2026-09-25 12:25:00,LDR,Light_LDR,117.951,119.391,1.00194,0.5214,healthy,0,1.00194,0.5214,1.44,-1.44,0.0019,1.2061,0.9999,0.0014,1.6772,0.0025,0.8581
950,2026-09-25 12:30:00,LDR,Light_LDR,119.1,123.533,1.00156,-0.0365,healthy,0,1.00156,-0.0365,4.433,-4.433,0.0016,3.5885,1.0003,0.0015,2.3516,-0.0004,1.8843
951,2026-09-25 12:35:00,LDR,Light_LDR,132.63,126.075,0.99921,-0.2437,healthy,0,0.99921,-0.2437,6.555,6.555,0.0008,5.1993,1.0001,0.0016,3.1828,-0.0023,2.0589
952,2026-09-25 12:40:00,LDR,Light_LDR,127.715,124.504,1.00051,-0.3883,healthy,0,1.00051,-0.3883,3.211,3.211,0.0005,2.579,1.0005,0.0012,3.1712,0.0013,1.0122
953,2026-09-25 12:45:00,LDR,Light_LDR,132.351,129.467,1.00176,0.1984,healthy,0,1.00176,0.1984,2.884,2.884,0.0018,2.2276,1.001,0.0011,3.7046,0.0012,0.7783
954,2026-09-25 12:50:00,LDR,Light_LDR,121.101,123.401,0.99932,-0.1402,healthy,0,0.99932,-0.1402,2.3,-2.3,0.0007,1.8638,1.0005,0.0012,3.8766,-0.0024,0.5932
955,2026-09-25 12:55:00,LDR,Light_LDR,122.637,123.728,0.99929,-0.0979,healthy,0,0.99929,-0.0979,1.091,-1.091,0.0007,0.8818,1.0,0.0011,3.2082,-0.0,0.34
956,2026-09-25 13:00:00,LDR,Light_LDR,131.375,125.286,1.00016,0.0669,healthy,0,1.00016,0.0669,6.089,6.089,0.0002,4.8601,1.0002,0.001,3.115,0.0009,1.9541
957,2026-09-25 13:05:00,LDR,Light_LDR,123.523,125.312,1.00442,0.1411,healthy,0,1.00442,0.1411,1.789,-1.789,0.0044,1.4276,1.001,0.0022,2.8306,0.0043,0.6318
958,2026-09-25 13:10:00,LDR,Light_LDR,128.189,128.206,0.99984,-0.9575,healthy,0,0.99984,-0.9575,0.017,-0.017,0.0002,0.0133,1.0006,0.0022,2.2572,-0.0046,0.0075
959,2026-09-25 13:15:00,LDR,Light_LDR,124.015,125.346,1.00321,-0.359,healthy,0,1.00321,-0.359,1.331,-1.331,0.0032,1.0619,1.0014,0.0023,2.0634,0.0034,0.6447
960,2026-09-25 13:20:00,LDR,Light_LDR,125.68,128.706,1.00079,-0.0686,healthy,0,1.00079,-0.0686,3.026,-3.026,0.0008,2.3511,1.0017,0.002,2.4504,-0.0024,1.2344
961,2026-09-25 13:25:00,LDR,Light_LDR,124.326,127.189,0.99994,-0.3071,healthy,0,0.99994,-0.3071,2.863,-2.863,0.0001,2.251,1.0016,0.0021,1.8052,-0.0009,1.5851
962,2026-09-25 13:30:00,LDR,Light_LDR,128.357,125.159,0.99801,0.3736,healthy,0,0.99801,0.3736,3.198,3.198,0.002,2.5551,1.0004,0.0019,2.087,-0.0019,1.5316
963,2026-09-25 13:35:00,LDR,Light_LDR,128.052,128.949,1.00001,-0.0971,healthy,0,1.00001,-0.0971,0.897,-0.897,0.0,0.6956,1.0004,0.0019,2.263,0.002,0.3962
964,2026-09-25 13:40:00,LDR,Light_LDR,125.847,129.396,0.99636,-0.2058,healthy,0,0.99636,-0.2058,3.549,-3.549,0.0036,2.7427,0.999,0.0018,2.7066,-0.0037,1.3108
965,2026-09-25 13:45:00,LDR,Light_LDR,131.23,130.336,0.99905,-0.6544,healthy,0,0.99905,-0.6544,0.894,0.894,0.001,0.6859,0.9987,0.0015,2.2802,0.0027,0.3919
966,2026-09-25 13:50:00,LDR,Light_LDR,124.326,127.124,0.99889,-0.264,healthy,0,0.99889,-0.264,2.798,-2.798,0.0011,2.201,0.9985,0.0014,2.2672,-0.0002,1.2336
967,2026-09-25 13:55:00,LDR,Light_LDR,125.121,129.514,1.00045,-0.0792,healthy,0,1.00045,-0.0792,4.393,-4.393,0.0005,3.3919,0.999,0.0016,2.5062,0.0016,1.7522
968,2026-09-25 14:00:00,LDR,Light_LDR,128.62,127.976,1.00052,0.1195,healthy,0,1.00052,0.1195,0.644,0.644,0.0005,0.5032,0.9991,0.0017,2.4556,0.0001,0.2622
969,2026-09-25 14:05:00,LDR,Light_LDR,121.432,126.67,0.99519,0.7198,healthy,0,0.99519,0.7198,5.238,-5.238,0.0048,4.1352,0.9988,0.0022,2.7934,-0.0053,1.8745
970,2026-09-25 14:10:00,LDR,Light_LDR,121.551,124.771,1.00026,-0.6834,healthy,0,1.00026,-0.6834,3.22,-3.22,0.0003,2.5807,0.9991,0.0023,3.2586,0.0051,0.9879
971,2026-09-25 14:15:00,LDR,Light_LDR,128.21,129.967,1.00355,0.155,healthy,0,1.00355,0.155,1.757,-1.757,0.0035,1.3519,1.0,0.003,3.0504,0.0033,0.5758
972,2026-09-25 14:20:00,LDR,Light_LDR,127.119,128.918,0.99638,-0.1803,healthy,0,0.99638,-0.1803,1.799,-1.799,0.0036,1.3955,0.9992,0.0034,2.5316,-0.0072,0.7103
973,2026-09-25 14:25:00,LDR,Light_LDR,127.832,129.462,1.00388,-0.7747,healthy,0,1.00388,-0.7747,1.63,-1.63,0.0039,1.2591,0.9999,0.004,2.7288,0.0075,0.5971
974,2026-09-25 14:30:00,LDR,Light_LDR,119.628,125.606,0.99899,-0.3458,healthy,0,0.99899,-0.3458,5.978,-5.978,0.001,4.7593,1.0006,0.0032,2.8768,-0.0049,2.0773
975,2026-09-25 14:35:00,LDR,Light_LDR,129.072,131.199,1.00051,0.3183,healthy,0,1.00051,0.3183,2.127,-2.127,0.0005,1.6212,1.0007,0.0032,2.6582,0.0015,0.7999
976,2026-09-25 14:40:00,LDR,Light_LDR,132.545,129.313,1.00319,-0.0011,healthy,0,1.00319,-0.0011,3.232,3.232,0.0032,2.4994,1.0006,0.0031,2.9532,0.0027,1.094
977,2026-09-25 14:45:00,LDR,Light_LDR,120.697,128.283,1.00143,-0.2196,healthy,0,1.00143,-0.2196,7.586,-7.586,0.0014,5.9135,1.0016,0.002,4.1106,-0.0018,1.845
978,2026-09-25 14:50:00,LDR,Light_LDR,130.314,129.548,0.99906,-0.6499,healthy,0,0.99906,-0.6499,0.766,0.766,0.0009,0.5913,1.0006,0.0018,3.9378,-0.0024,0.1945
979,2026-09-25 14:55:00,LDR,Light_LDR,122.952,127.804,1.00619,-0.5858,healthy,0,1.00619,-0.5858,4.852,-4.852,0.0062,3.7964,1.0021,0.0027,3.7126,0.0071,1.3065
980,2026-09-25 15:00:00,LDR,Light_LDR,132.861,131.339,0.99973,0.3397,healthy,0,0.99973,0.3397,1.522,1.522,0.0003,1.1588,1.0019,0.0029,3.5916,-0.0065,0.4236
981,2026-09-25 15:05:00,LDR,Light_LDR,123.272,128.426,0.99724,0.4284,healthy,0,0.99724,0.4284,5.154,-5.154,0.0028,4.0132,1.0007,0.0034,3.976,-0.0025,1.296
982,2026-09-25 15:10:00,LDR,Light_LDR,129.465,130.681,1.00184,-0.0508,healthy,0,1.00184,-0.0508,1.216,-1.216,0.0018,0.9305,1.0008,0.0034,2.702,0.0046,0.4499
983,2026-09-25 15:15:00,LDR,Light_LDR,130.413,127.55,1.00093,-1.2184,healthy,0,1.00093,-1.2184,2.863,2.863,0.0009,2.2446,1.0012,0.0033,3.1214,-0.0009,0.9169
984,2026-09-25 15:20:00,LDR,Light_LDR,124.199,129.693,0.99955,0.0969,healthy,0,0.99955,0.0969,5.494,-5.494,0.0004,4.2362,0.9999,0.0017,3.2498,-0.0014,1.69
985,2026-09-25 15:25:00,LDR,Light_LDR,117.589,124.546,1.00094,0.5266,healthy,0,1.00094,0.5266,6.957,-6.957,0.0009,5.5859,1.0001,0.0018,4.3368,0.0014,1.6038
986,2026-09-25 15:30:00,LDR,Light_LDR,139.02,127.168,1.0015,0.1436,healthy,0,1.0015,0.1436,11.852,11.852,0.0015,9.32,1.001,0.0009,5.6764,0.0006,2.0876
987,2026-09-25 15:35:00,LDR,Light_LDR,133.406,131.307,1.00167,-0.3055,healthy,0,1.00167,-0.3055,2.099,2.099,0.0017,1.5985,1.0009,0.0008,5.853,0.0002,0.3586
988,2026-09-25 15:40:00,LDR,Light_LDR,132.577,132.012,0.99967,-0.0469,healthy,0,0.99967,-0.0469,0.565,0.565,0.0003,0.428,1.0007,0.001,5.3934,-0.002,0.1047
989,2026-09-25 15:45:00,LDR,Light_LDR,133.46,127.54,1.00054,0.0976,healthy,0,1.00054,0.0976,5.92,5.92,0.0005,4.6417,1.0009,0.0008,5.4786,0.0009,1.0804
990,2026-09-25 15:50:00,LDR,Light_LDR,130.881,128.322,1.00135,-0.0638,healthy,0,1.00135,-0.0638,2.559,2.559,0.0013,1.9942,1.0009,0.0008,4.599,0.0008,0.5563
991,2026-09-25 15:55:00,LDR,Light_LDR,123.749,128.015,1.00115,0.2913,healthy,0,1.00115,0.2913,4.266,-4.266,0.0011,3.3324,1.0009,0.0008,3.0818,-0.0002,1.3838
992,2026-09-25 16:00:00,LDR,Light_LDR,127.679,130.519,0.99967,-0.1879,healthy,0,0.99967,-0.1879,2.84,-2.84,0.0003,2.1759,1.0005,0.0008,3.23,-0.0015,0.879
993,2026-09-25 16:05:00,LDR,Light_LDR,130.254,128.693,0.99999,0.1483,healthy,0,0.99999,0.1483,1.561,1.561,0.0,1.213,1.0005,0.0007,3.4292,0.0003,0.4551
994,2026-09-25 16:10:00,LDR,Light_LDR,126.143,129.081,1.00555,0.0159,healthy,0,1.00555,0.0159,2.938,-2.938,0.0055,2.2761,1.0015,0.0024,2.8328,0.0056,1.0368
995,2026-09-25 16:15:00,LDR,Light_LDR,126.456,123.577,0.99761,0.4941,healthy,0,0.99761,0.4941,2.879,2.879,0.0024,2.3297,1.0008,0.0029,2.8968,-0.0079,0.9935
996,2026-09-25 16:20:00,LDR,Light_LDR,126.495,124.654,1.00493,0.1307,healthy,0,1.00493,0.1307,1.841,1.841,0.0049,1.4769,1.0016,0.0035,2.4118,0.0073,0.763
997,2026-09-25 16:25:00,LDR,Light_LDR,134.883,131.566,1.00348,0.3125,healthy,0,1.00348,0.3125,3.317,3.317,0.0035,2.5212,1.0023,0.0034,2.5072,-0.0015,1.3225
998,2026-09-25 16:30:00,LDR,Light_LDR,130.931,128.634,0.99952,0.1147,healthy,0,0.99952,0.1147,2.297,2.297,0.0005,1.7857,1.0022,0.0035,2.6544,-0.004,0.865
999,2026-09-25 16:35:00,LDR,Light_LDR,122.28,126.232,0.99807,-0.1065,healthy,0,0.99807,-0.1065,3.952,-3.952,0.0019,3.1307,1.0007,0.0033,2.8572,-0.0014,1.3827
1000,2026-09-25 16:40:00,LDR,Light_LDR,119.774,126.3,0.99644,0.1364,healthy,0,0.99644,0.1364,6.526,-6.526,0.0036,5.1671,1.0005,0.0036,3.5866,-0.0016,1.819
1001,2026-09-25 16:45:00,LDR,Light_LDR,127.727,125.037,1.00101,0.3165,healthy,0,1.00101,0.3165,2.69,2.69,0.001,2.1514,0.9997,0.0027,3.7564,0.0046,0.7159
1002,2026-09-25 16:50:00,LDR,Light_LDR,121.76,126.146,0.99776,0.3922,healthy,0,0.99776,0.3922,4.386,-4.386,0.0022,3.4769,0.9986,0.0018,3.9702,-0.0032,1.1045
1003,2026-09-25 16:55:00,LDR,Light_LDR,127.447,127.347,1.00126,0.5436,healthy,0,1.00126,0.5436,0.1,0.1,0.0013,0.0785,0.9989,0.0021,3.5308,0.0035,0.0283
1004,2026-09-25 17:00:00,LDR,Light_LDR,116.615,123.162,0.99741,-0.4726,healthy,0,0.99741,-0.4726,6.547,-6.547,0.0026,5.3158,0.9988,0.0022,4.0498,-0.0039,1.6162
1005,2026-09-25 17:05:00,LDR,Light_LDR,126.185,126.317,1.00213,0.2215,healthy,0,1.00213,0.2215,0.132,-0.132,0.0021,0.1045,0.9999,0.0022,2.771,0.0047,0.0476
1006,2026-09-25 17:10:00,LDR,Light_LDR,127.988,128.179,0.9998,0.0884,healthy,0,0.9998,0.0884,0.191,-0.191,0.0002,0.149,0.9997,0.0021,2.2712,-0.0023,0.0841
1007,2026-09-25 17:15:00,LDR,Light_LDR,120.195,122.997,1.00126,-0.2534,healthy,0,1.00126,-0.2534,2.802,-2.802,0.0013,2.2781,1.0004,0.0019,1.9544,0.0015,1.433
1008,2026-09-25 17:20:00,LDR,Light_LDR,123.281,124.646,0.999,0.0534,healthy,0,0.999,0.0534,1.365,-1.365,0.001,1.0951,0.9999,0.0019,2.2074,-0.0023,0.6181
1009,2026-09-25 17:25:00,LDR,Light_LDR,124.672,122.864,1.00133,-0.306,healthy,0,1.00133,-0.306,1.808,1.808,0.0013,1.4715,1.0007,0.0013,1.2596,0.0023,1.4342
1010,2026-09-25 17:30:00,LDR,Light_LDR,125.447,121.92,1.00205,-0.184,healthy,0,1.00205,-0.184,3.527,3.527,0.0021,2.8929,1.0007,0.0012,1.9386,0.0007,1.8184
1011,2026-09-25 17:35:00,LDR,Light_LDR,121.184,122.05,0.99667,-0.1166,healthy,0,0.99667,-0.1166,0.866,-0.866,0.0033,0.7095,1.0001,0.0022,2.0736,-0.0054,0.4174
1012,2026-09-25 17:40:00,LDR,Light_LDR,123.197,122.207,1.00098,-0.5063,healthy,0,1.00098,-0.5063,0.99,0.99,0.001,0.8101,1.0,0.0022,1.7112,0.0043,0.5782
1013,2026-09-25 17:45:00,LDR,Light_LDR,115.157,118.254,1.00019,-0.551,healthy,0,1.00019,-0.551,3.097,-3.097,0.0002,2.6189,1.0002,0.0021,2.0576,-0.0008,1.5044
1014,2026-09-25 17:50:00,LDR,Light_LDR,40.319,120.725,1.01337,-0.7354,anomaly,1,1.01337,-0.7354,80.406,-80.406,0.0134,66.6026,1.0027,0.0063,17.7772,0.0132,4.5227
1015,2026-09-25 17:55:00,LDR,Light_LDR,125.413,121.115,0.9982,-0.1951,healthy,0,0.9982,-0.1951,4.298,4.298,0.0018,3.5487,1.0019,0.0066,17.9314,-0.0152,0.2397
1016,2026-09-25 18:00:00,LDR,Light_LDR,779.814,123.946,0.9987,0.4136,anomaly,1,0.9987,0.4136,655.868,655.868,0.0013,529.1562,1.0023,0.0063,148.9318,0.0005,4.4038
1017,2026-09-25 18:05:00,LDR,Light_LDR,909.705,117.104,0.9956,0.0134,anomaly,1,0.9956,0.0134,792.601,792.601,0.0044,676.8351,1.0012,0.007,307.254,-0.0031,2.5796
1018,2026-09-25 18:10:00,LDR,Light_LDR,119.435,120.648,0.99872,0.0867,healthy,0,0.99872,0.0867,1.213,-1.213,0.0013,1.0054,1.0009,0.0071,306.8772,0.0031,0.004
1019,2026-09-25 18:15:00,LDR,Light_LDR,514.061,121.794,0.99942,-0.6889,anomaly,1,0.99942,-0.6889,392.267,392.267,0.0006,322.0742,0.9981,0.0015,369.2494,0.0007,1.0623
1020,2026-09-25 18:20:00,LDR,Light_LDR,520.759,116.51,0.99963,-0.5353,anomaly,1,0.99963,-0.5353,404.249,404.249,0.0004,346.9651,0.9984,0.0016,449.2396,0.0002,0.8998
1021,2026-09-25 18:25:00,LDR,Light_LDR,516.844,120.709,0.99805,0.3491,anomaly,1,0.99805,0.3491,396.135,396.135,0.002,328.1735,0.9983,0.0016,397.293,-0.0016,0.9971
1022,2026-09-25 18:30:00,LDR,Light_LDR,114.213,113.818,0.99966,0.0758,healthy,0,0.99966,0.0758,0.395,0.395,0.0003,0.347,0.9991,0.0007,238.8518,0.0016,0.0017
1023,2026-09-25 18:35:00,LDR,Light_LDR,115.144,115.986,1.00346,-0.334,healthy,0,1.00346,-0.334,0.842,-0.842,0.0035,0.7259,1.0,0.002,238.7776,0.0038,0.0035
1024,2026-09-25 18:40:00,LDR,Light_LDR,517.092,116.45,1.00864,-0.0721,anomaly,1,1.00864,-0.0721,400.642,400.642,0.0086,344.0464,1.0019,0.0043,240.4526,0.0052,1.6662
1025,2026-09-25 18:45:00,LDR,Light_LDR,112.777,115.429,1.00233,-0.1016,healthy,0,1.00233,-0.1016,2.652,-2.652,0.0023,2.2975,1.0024,0.0041,160.1332,-0.0063,0.0166
1026,2026-09-25 18:50:00,LDR,Light_LDR,516.915,113.589,1.00631,-0.2266,anomaly,1,1.00631,-0.2266,403.326,403.326,0.0063,355.0749,1.0041,0.0035,161.5714,0.004,2.4963
1027,2026-09-25 18:55:00,LDR,Light_LDR,766.649,117.321,0.99033,0.3057,anomaly,1,0.99033,0.3057,649.328,649.328,0.0097,553.4627,1.0022,0.0071,291.358,-0.016,2.2286
1028,2026-09-25 19:00:00,LDR,Light_LDR,758.146,113.661,0.99153,0.5456,anomaly,1,0.99153,0.5456,644.485,644.485,0.0085,567.0239,0.9998,0.0084,420.0866,0.0012,1.5342
1029,2026-09-25 19:05:00,LDR,Light_LDR,114.659,116.233,1.0002,-0.1352,healthy,0,1.0002,-0.1352,1.574,-1.574,0.0002,1.3542,0.9981,0.007,340.273,0.0087,0.0046
1030,2026-09-25 19:10:00,LDR,Light_LDR,115.107,116.314,0.99805,0.3345,healthy,0,0.99805,0.3345,1.207,-1.207,0.002,1.0377,0.9973,0.0066,339.984,-0.0021,0.0036
1031,2026-09-25 19:15:00,LDR,Light_LDR,110.208,114.318,0.99922,-0.6906,healthy,0,0.99922,-0.6906,4.11,-4.11,0.0008,3.5952,0.9959,0.0046,260.1408,0.0012,0.0158
1032,2026-09-25 19:20:00,LDR,Light_LDR,17.953,112.857,1.00643,-0.3477,anomaly,1,1.00643,-0.3477,94.904,-94.904,0.0064,84.0923,0.9991,0.0053,149.256,0.0072,0.6358
1033,2026-09-25 19:25:00,LDR,Light_LDR,111.207,111.172,1.00455,-0.0958,healthy,0,1.00455,-0.0958,0.035,0.035,0.0046,0.0315,1.0017,0.0036,20.366,-0.0019,0.0017
1034,2026-09-25 19:30:00,LDR,Light_LDR,115.392,112.305,1.00345,-0.3549,healthy,0,1.00345,-0.3549,3.087,3.087,0.0034,2.7488,1.0023,0.0036,20.6686,-0.0011,0.1493
1035,2026-09-25 19:35:00,LDR,Light_LDR,104.947,110.21,1.00083,0.256,healthy,0,1.00083,0.256,5.263,-5.263,0.0008,4.7754,1.0029,0.0029,21.4798,-0.0026,0.245
1036,2026-09-25 19:40:00,LDR,Light_LDR,112.907,109.556,0.99892,0.1546,healthy,0,0.99892,0.1546,3.351,3.351,0.0011,3.0587,1.0028,0.003,21.328,-0.0019,0.1571
1037,2026-09-25 19:45:00,LDR,Light_LDR,114.749,109.49,0.99988,-0.5859,healthy,0,0.99988,-0.5859,5.259,5.259,0.0001,4.8032,1.0015,0.0024,3.399,0.001,1.5468
1038,2026-09-25 19:50:00,LDR,Light_LDR,108.616,108.101,0.99434,0.3256,healthy,0,0.99434,0.3256,0.515,0.515,0.0057,0.4764,0.9995,0.0033,3.495,-0.0055,0.1473
1039,2026-09-25 19:55:00,LDR,Light_LDR,35.953,115.401,0.99648,-0.0934,anomaly,1,0.99648,-0.0934,79.448,-79.448,0.0035,68.8452,0.9981,0.0026,18.7672,0.0021,4.2331
1040,2026-09-25 20:00:00,LDR,Light_LDR,113.075,110.093,0.99972,0.5055,healthy,0,0.99972,0.5055,2.982,2.982,0.0003,2.7086,0.9979,0.0024,18.311,0.0032,0.1628
1041,2026-09-25 20:05:00,LDR,Light_LDR,506.159,111.44,0.99914,0.3735,anomaly,1,0.99914,0.3735,394.719,394.719,0.0009,354.1987,0.9979,0.0024,96.5846,-0.0006,4.0867
1042,2026-09-25 20:10:00,LDR,Light_LDR,112.255,110.652,0.99768,0.0791,healthy,0,0.99768,0.0791,1.603,1.603,0.0023,1.4487,0.9975,0.0022,95.8534,-0.0015,0.0167
1043,2026-09-25 20:15:00,LDR,Light_LDR,12.893,109.418,1.00234,0.2609,anomaly,1,1.00234,0.2609,96.525,-96.525,0.0023,88.2167,0.9991,0.0022,115.0554,0.0047,0.8389
1044,2026-09-25 20:20:00,LDR,Light_LDR,760.664,110.939,0.99825,-0.3786,anomaly,1,0.99825,-0.3786,649.725,649.725,0.0018,585.6597,0.9994,0.0018,229.1108,-0.0041,2.8358
1045,2026-09-25 20:25:00,LDR,Light_LDR,909.664,112.639,0.996,-0.2697,anomaly,1,0.996,-0.2697,797.025,797.025,0.004,707.5924,0.9987,0.0023,387.9194,-0.0022,2.0546
1046,2026-09-25 20:30:00,LDR,Light_LDR,109.093,110.187,0.99789,0.4262,healthy,0,0.99789,0.4262,1.094,-1.094,0.0021,0.9929,0.9984,0.0023,309.1944,0.0019,0.0035
1047,2026-09-25 20:35:00,LDR,Light_LDR,115.911,112.755,1.00255,0.3163,healthy,0,1.00255,0.3163,3.156,3.156,0.0026,2.799,0.9994,0.0029,309.505,0.0047,0.0102
1048,2026-09-25 20:40:00,LDR,Light_LDR,508.866,111.072,1.00012,0.0296,anomaly,1,1.00012,0.0296,397.794,397.794,0.0001,358.1407,0.999,0.0025,369.7588,-0.0024,1.0758
1049,2026-09-25 20:45:00,LDR,Light_LDR,20.693,109.265,1.00137,0.1639,anomaly,1,1.00137,0.1639,88.572,-88.572,0.0014,81.0616,0.9996,0.0026,257.5282,0.0013,0.3439
1050,2026-09-25 20:50:00,LDR,Light_LDR,105.145,107.861,1.00076,-0.0404,healthy,0,1.00076,-0.0404,2.716,-2.716,0.0008,2.5181,1.0005,0.0017,98.6664,-0.0006,0.0275
1051,2026-09-25 20:55:00,LDR,Light_LDR,760.821,107.344,0.99477,1.2905,anomaly,1,0.99477,1.2905,653.477,653.477,0.0052,608.769,0.9999,0.003,229.143,-0.006,2.8518
1052,2026-09-25 21:00:00,LDR,Light_LDR,111.2,112.414,1.00104,0.0105,healthy,0,1.00104,0.0105,1.214,-1.214,0.001,1.0799,0.9996,0.0027,228.7546,0.0063,0.0053
1053,2026-09-25 21:05:00,LDR,Light_LDR,116.817,108.829,1.0,0.0139,healthy,0,1.0,0.0139,7.988,7.988,0.0,7.34,0.9996,0.0027,150.7934,-0.001,0.053
1054,2026-09-25 21:10:00,LDR,Light_LDR,109.952,108.059,0.9999,-0.4184,healthy,0,0.9999,-0.4184,1.893,1.893,0.0001,1.7518,0.9993,0.0026,133.4576,-0.0001,0.0142
1055,2026-09-25 21:15:00,LDR,Light_LDR,760.54,108.314,1.00145,0.0088,anomaly,1,1.00145,0.0088,652.226,652.226,0.0014,602.1622,0.9994,0.0027,263.3596,0.0015,2.4766
1056,2026-09-25 21:20:00,LDR,Light_LDR,116.979,108.744,1.00125,0.1607,healthy,0,1.00125,0.1607,8.235,8.235,0.0012,7.5728,1.0007,0.0007,134.3112,-0.0002,0.0613
1057,2026-09-25 21:25:00,LDR,Light_LDR,911.594,111.135,1.0009,-0.4162,anomaly,1,1.0009,-0.4162,800.459,800.459,0.0009,720.2582,1.0007,0.0007,294.1602,-0.0004,2.7212
1058,2026-09-25 21:30:00,LDR,Light_LDR,108.263,111.511,0.99868,0.1003,healthy,0,0.99868,0.1003,3.248,-3.248,0.0013,2.9127,1.0004,0.0011,293.2122,-0.0022,0.0111
1059,2026-09-25 21:35:00,LDR,Light_LDR,112.189,109.513,1.00144,-0.508,healthy,0,1.00144,-0.508,2.676,2.676,0.0014,2.4435,1.0007,0.0012,293.3688,0.0028,0.0091
1060,2026-09-25 21:40:00,LDR,Light_LDR,757.385,111.501,1.00577,-0.08,anomaly,1,1.00577,-0.08,645.884,645.884,0.0058,579.263,1.0016,0.0026,292.1004,0.0043,2.2112
1061,2026-09-25 21:45:00,LDR,Light_LDR,110.369,110.825,0.99846,0.0594,healthy,0,0.99846,0.0594,0.456,-0.456,0.0015,0.4115,1.001,0.0029,290.5446,-0.0073,0.0016
1062,2026-09-25 21:50:00,LDR,Light_LDR,763.882,108.537,1.0019,-0.8733,anomaly,1,1.0019,-0.8733,655.345,655.345,0.0019,603.7987,1.0013,0.003,261.5218,0.0034,2.5059
1063,2026-09-25 21:55:00,LDR,Light_LDR,518.569,113.902,1.00199,-0.1357,anomaly,1,1.00199,-0.1357,404.667,404.667,0.002,355.2765,1.0019,0.0026,341.8056,0.0001,1.1839
1064,2026-09-25 22:00:00,LDR,Light_LDR,122.452,112.117,1.00041,0.3202,healthy,0,1.00041,0.3202,10.335,10.335,0.0004,9.218,1.0017,0.0027,343.3374,-0.0016,0.0301
1065,2026-09-25 22:05:00,LDR,Light_LDR,112.053,114.401,0.99932,0.094,healthy,0,0.99932,0.094,2.348,-2.348,0.0007,2.0524,1.0004,0.0016,214.6302,-0.0011,0.0109
1066,2026-09-25 22:10:00,LDR,Light_LDR,21.639,113.128,1.00335,-0.406,anomaly,1,1.00335,-0.406,91.489,-91.489,0.0033,80.8721,1.0014,0.0016,232.8368,0.004,0.3929
1067,2026-09-25 22:15:00,LDR,Light_LDR,910.566,113.398,1.00477,-0.5582,anomaly,1,1.00477,-0.5582,797.168,797.168,0.0048,702.9824,1.002,0.0022,261.2014,0.0014,3.0519
1068,2026-09-25 22:20:00,LDR,Light_LDR,20.535,110.797,0.99198,-0.2316,anomaly,1,0.99198,-0.2316,90.262,-90.262,0.008,81.4661,1.0,0.005,198.3204,-0.0128,0.4551
1069,2026-09-25 22:25:00,LDR,Light_LDR,111.804,110.144,1.0006,-0.142,healthy,0,1.0006,-0.142,1.66,1.66,0.0006,1.5071,1.0,0.005,196.5854,0.0086,0.0084
1070,2026-09-25 22:30:00,LDR,Light_LDR,514.735,115.853,0.99208,0.251,anomaly,1,0.99208,0.251,398.882,398.882,0.0079,344.3001,0.9986,0.0061,275.8922,-0.0085,1.4458
1071,2026-09-25 22:35:00,LDR,Light_LDR,513.32,113.743,0.9998,0.2233,anomaly,1,0.9998,0.2233,399.577,399.577,0.0002,351.2981,0.9978,0.0056,337.5098,0.0077,1.1839
1072,2026-09-25 22:40:00,LDR,Light_LDR,26.424,115.842,1.00549,-0.1513,anomaly,1,1.00549,-0.1513,89.418,-89.418,0.0055,77.1896,0.998,0.0059,195.9598,0.0057,0.4563
1073,2026-09-25 22:45:00,LDR,Light_LDR,111.093,113.396,1.00057,0.4044,healthy,0,1.00057,0.4044,2.303,-2.303,0.0006,2.0309,0.9997,0.0048,178.368,-0.0049,0.0129
1074,2026-09-25 22:50:00,LDR,Light_LDR,914.374,115.175,1.00125,0.2395,anomaly,1,1.00125,0.2395,799.199,799.199,0.0012,693.8997,0.9998,0.0049,337.8758,0.0007,2.3654
1075,2026-09-25 22:55:00,LDR,Light_LDR,116.801,114.445,0.99824,0.0747,healthy,0,0.99824,0.0747,2.356,2.356,0.0018,2.0586,1.0011,0.0027,258.5706,-0.003,0.0091
1076,2026-09-25 23:00:00,LDR,Light_LDR,112.761,110.844,0.99894,-0.2247,healthy,0,0.99894,-0.2247,1.917,1.917,0.0011,1.7295,1.0009,0.0028,179.0386,0.0007,0.0107
1077,2026-09-25 23:05:00,LDR,Light_LDR,122.71,120.243,0.99953,0.0441,healthy,0,0.99953,0.0441,2.467,2.467,0.0005,2.0517,0.9997,0.0012,161.6484,0.0006,0.0153
1078,2026-09-25 23:10:00,LDR,Light_LDR,917.118,117.684,0.99294,0.0523,anomaly,1,0.99294,0.0523,799.434,799.434,0.0071,679.3056,0.9982,0.0031,321.0746,-0.0066,2.4899
1079,2026-09-25 23:15:00,LDR,Light_LDR,514.333,115.849,0.99065,0.3436,anomaly,1,0.99065,0.3436,398.484,398.484,0.0093,343.9684,0.9961,0.004,240.9316,-0.0023,1.6539
1080,2026-09-25 23:20:00,LDR,Light_LDR,114.087,116.806,1.0,1.0377,warning,0,1.0,1.0377,2.719,-2.719,0.0,2.3278,0.9964,0.0043,241.0042,0.0093,0.0113
1081,2026-09-25 23:25:00,LDR,Light_LDR,114.852,116.126,1.0015,-0.6733,warning,0,1.0015,-0.6733,1.274,-1.274,0.0015,1.0971,0.9969,0.0048,240.8756,0.0015,0.0053
1082,2026-09-25 23:30:00,LDR,Light_LDR,121.671,118.684,1.003,-0.2978,warning,0,1.003,-0.2978,2.987,2.987,0.003,2.5168,0.9976,0.0055,240.9796,0.0015,0.0124
1083,2026-09-25 23:35:00,LDR,Light_LDR,119.135,116.324,1.0045,0.2437,warning,0,1.0045,0.2437,2.811,2.811,0.0045,2.4165,0.9999,0.0055,81.655,0.0015,0.0344
1084,2026-09-25 23:40:00,LDR,Light_LDR,119.231,117.399,1.006,-0.1699,warning,0,1.006,-0.1699,1.832,1.832,0.006,1.5605,1.003,0.0024,2.3246,0.0015,0.7878
1085,2026-09-25 23:45:00,LDR,Light_LDR,120.214,117.902,1.0075,-0.0696,warning,0,1.0075,-0.0696,2.312,2.312,0.0075,1.961,1.0045,0.0024,2.2432,0.0015,1.0302
1086,2026-09-25 23:50:00,LDR,Light_LDR,116.549,117.137,1.009,-0.002,warning,0,1.009,-0.002,0.588,-0.588,0.009,0.502,1.006,0.0024,2.106,0.0015,0.2791
1087,2026-09-25 23:55:00,LDR,Light_LDR,121.013,117.648,1.0105,-0.2646,warning,0,1.0105,-0.2646,3.365,3.365,0.0105,2.8602,1.0075,0.0024,2.1816,0.0015,1.5417
1088,2026-09-26 00:00:00,LDR,Light_LDR,113.088,117.247,1.012,0.1524,warning,0,1.012,0.1524,4.159,-4.159,0.012,3.5472,1.009,0.0024,2.4512,0.0015,1.696
1089,2026-09-26 00:05:00,LDR,Light_LDR,124.906,121.625,1.0135,-0.1098,warning,0,1.0135,-0.1098,3.281,3.281,0.0135,2.6976,1.0105,0.0024,2.741,0.0015,1.1966
1090,2026-09-26 00:10:00,LDR,Light_LDR,122.619,123.501,1.015,0.0451,warning,0,1.015,0.0451,0.882,-0.882,0.015,0.7142,1.012,0.0024,2.455,0.0015,0.3591
1091,2026-09-26 00:15:00,LDR,Light_LDR,122.932,118.991,1.0165,0.4007,warning,0,1.0165,0.4007,3.941,3.941,0.0165,3.312,1.0135,0.0024,3.1256,0.0015,1.2605
1092,2026-09-26 00:20:00,LDR,Light_LDR,116.984,121.863,1.018,0.3461,warning,0,1.018,0.3461,4.879,-4.879,0.018,4.0037,1.015,0.0024,3.4284,0.0015,1.4227
1093,2026-09-26 00:25:00,LDR,Light_LDR,119.79,122.807,1.0195,0.3528,warning,0,1.0195,0.3528,3.017,-3.017,0.0195,2.4567,1.0165,0.0024,3.2,0.0015,0.9425
1094,2026-09-26 00:30:00,LDR,Light_LDR,136.618,121.48,1.021,-0.0204,warning,0,1.021,-0.0204,15.138,15.138,0.021,12.4613,1.018,0.0024,5.5714,0.0015,2.7166
1095,2026-09-26 00:35:00,LDR,Light_LDR,125.517,124.676,1.0225,0.1885,warning,0,1.0225,0.1885,0.841,0.841,0.0225,0.6745,1.0195,0.0024,5.5632,0.0015,0.1511
1096,2026-09-26 00:40:00,LDR,Light_LDR,123.794,122.916,1.024,0.1557,warning,0,1.024,0.1557,0.878,0.878,0.024,0.7143,1.021,0.0024,4.9506,0.0015,0.1773
1097,2026-09-26 00:45:00,LDR,Light_LDR,132.458,122.486,1.0255,0.5134,warning,0,1.0255,0.5134,9.972,9.972,0.0255,8.1413,1.0225,0.0024,5.9692,0.0015,1.6703
1098,2026-09-26 00:50:00,LDR,Light_LDR,127.39,121.539,1.027,0.4095,warning,0,1.027,0.4095,5.851,5.851,0.027,4.8141,1.024,0.0024,6.536,0.0015,0.8951
1099,2026-09-26 00:55:00,LDR,Light_LDR,130.668,123.52,1.0285,0.1461,warning,0,1.0285,0.1461,7.148,7.148,0.0285,5.7869,1.0255,0.0024,4.938,0.0015,1.4473
1100,2026-09-26 01:00:00,LDR,Light_LDR,123.496,126.918,1.03,0.1918,warning,0,1.03,0.1918,3.422,-3.422,0.03,2.6962,1.027,0.0024,5.4542,0.0015,0.6273
1101,2026-09-26 01:05:00,LDR,Light_LDR,125.997,124.855,1.0315,-0.0512,warning,0,1.0315,-0.0512,1.142,1.142,0.0315,0.9147,1.0285,0.0024,5.507,0.0015,0.2073
1102,2026-09-26 01:10:00,LDR,Light_LDR,134.718,124.853,1.033,0.0887,warning,0,1.033,0.0887,9.865,9.865,0.033,7.9013,1.03,0.0024,5.4856,0.0015,1.798
1103,2026-09-26 01:15:00,LDR,Light_LDR,136.136,124.467,1.0345,-1.1318,warning,0,1.0345,-1.1318,11.669,11.669,0.0345,9.3752,1.0315,0.0024,6.6492,0.0015,1.7547
1104,2026-09-26 01:20:00,LDR,Light_LDR,122.867,122.026,1.036,0.1756,warning,0,1.036,0.1756,0.841,0.841,0.036,0.6892,1.033,0.0024,5.3878,0.0015,0.1561
1105,2026-09-26 01:25:00,LDR,Light_LDR,127.299,128.767,1.0375,0.1161,warning,0,1.0375,0.1161,1.468,-1.468,0.0375,1.14,1.0345,0.0024,4.997,0.0015,0.2937
1106,2026-09-26 01:30:00,LDR,Light_LDR,131.988,127.078,1.039,0.7432,warning,0,1.039,0.7432,4.91,4.91,0.039,3.8638,1.036,0.0024,5.7506,0.0015,0.8537
1107,2026-09-26 01:35:00,LDR,Light_LDR,129.61,126.407,1.0405,0.2506,warning,0,1.0405,0.2506,3.203,3.203,0.0405,2.5339,1.0375,0.0024,4.4182,0.0015,0.7248
1108,2026-09-26 01:40:00,LDR,Light_LDR,120.505,125.599,1.042,0.1251,warning,0,1.042,0.1251,5.094,-5.094,0.042,4.0558,1.039,0.0024,3.1032,0.0015,1.641
1109,2026-09-26 01:45:00,LDR,Light_LDR,124.505,127.727,1.0435,0.2086,warning,0,1.0435,0.2086,3.222,-3.222,0.0435,2.5226,1.0405,0.0024,3.5794,0.0015,0.8999
1110,2026-09-26 01:50:00,LDR,Light_LDR,129.07,125.902,1.045,0.5377,warning,0,1.045,0.5377,3.168,3.168,0.045,2.5162,1.042,0.0024,3.9194,0.0015,0.8081
1111,2026-09-26 01:55:00,LDR,Light_LDR,137.657,130.552,1.0465,-0.1307,warning,0,1.0465,-0.1307,7.105,7.105,0.0465,5.4423,1.0435,0.0024,4.3584,0.0015,1.6298
1112,2026-09-26 02:00:00,LDR,Light_LDR,132.887,127.203,1.048,0.3149,warning,0,1.048,0.3149,5.684,5.684,0.048,4.4684,1.045,0.0024,4.8546,0.0015,1.1706
1113,2026-09-26 02:05:00,LDR,Light_LDR,136.337,129.504,1.0495,-0.025,warning,0,1.0495,-0.025,6.833,6.833,0.0495,5.2763,1.0465,0.0024,5.2024,0.0015,1.3132
1114,2026-09-26 02:10:00,LDR,Light_LDR,120.245,125.513,1.051,-0.9886,warning,0,1.051,-0.9886,5.268,-5.268,0.051,4.1972,1.048,0.0024,5.6116,0.0015,0.9386
1115,2026-09-26 02:15:00,LDR,Light_LDR,143.008,130.964,1.0525,-0.5048,warning,0,1.0525,-0.5048,12.044,12.044,0.0525,9.1964,1.0495,0.0024,7.3868,0.0015,1.6303
1116,2026-09-26 02:20:00,LDR,Light_LDR,133.464,130.038,1.054,0.093,warning,0,1.054,0.093,3.426,3.426,0.054,2.6346,1.051,0.0024,6.651,0.0015,0.515
1117,2026-09-26 02:25:00,LDR,Light_LDR,147.934,129.215,1.0555,-0.6454,warning,0,1.0555,-0.6454,18.719,18.719,0.0555,14.4867,1.0525,0.0024,9.258,0.0015,2.0217
1118,2026-09-26 02:30:00,LDR,Light_LDR,143.035,127.525,1.057,-0.3368,warning,0,1.057,-0.3368,15.51,15.51,0.057,12.1623,1.054,0.0024,10.9934,0.0015,1.4107
1119,2026-09-26 02:35:00,LDR,Light_LDR,123.567,128.332,1.0585,-0.7206,warning,0,1.0585,-0.7206,4.765,-4.765,0.0585,3.713,1.0555,0.0024,10.8928,0.0015,0.4374
1120,2026-09-26 02:40:00,LDR,Light_LDR,135.308,130.313,1.06,-0.0887,warning,0,1.06,-0.0887,4.995,4.995,0.06,3.8331,1.057,0.0024,9.483,0.0015,0.5267
1121,2026-09-26 02:45:00,LDR,Light_LDR,135.823,130.999,1.0615,-0.7943,warning,0,1.0615,-0.7943,4.824,4.824,0.0615,3.6825,1.0585,0.0024,9.7626,0.0015,0.4941
1122,2026-09-26 02:50:00,LDR,Light_LDR,134.994,127.023,1.063,-0.7608,warning,0,1.063,-0.7608,7.971,7.971,0.063,6.2752,1.06,0.0024,7.613,0.0015,1.0469
1123,2026-09-26 02:55:00,LDR,Light_LDR,137.173,130.044,1.0645,0.0013,warning,0,1.0645,0.0013,7.129,7.129,0.0645,5.482,1.0615,0.0024,5.9368,0.0015,1.2006
1124,2026-09-26 03:00:00,LDR,Light_LDR,145.807,128.726,1.066,-0.309,warning,0,1.066,-0.309,17.081,17.081,0.066,13.2693,1.063,0.0024,8.4,0.0015,2.0332
1125,2026-09-26 03:05:00,LDR,Light_LDR,151.074,130.893,1.0675,0.0342,warning,0,1.0675,0.0342,20.181,20.181,0.0675,15.4179,1.0645,0.0024,11.4372,0.0015,1.7644
1126,2026-09-26 03:10:00,LDR,Light_LDR,136.782,126.097,1.069,0.0346,warning,0,1.069,0.0346,10.685,10.685,0.069,8.4736,1.066,0.0024,12.6094,0.0015,0.8473
1127,2026-09-26 03:15:00,LDR,Light_LDR,138.817,129.6,1.0705,-0.0106,warning,0,1.0705,-0.0106,9.217,9.217,0.0705,7.1119,1.0675,0.0024,12.8586,0.0015,0.7167
1128,2026-09-26 03:20:00,LDR,Light_LDR,136.075,130.708,1.072,0.1808,warning,0,1.072,0.1808,5.367,5.367,0.072,4.1061,1.069,0.0024,12.5062,0.0015,0.4291
1129,2026-09-26 03:25:00,LDR,Light_LDR,138.385,129.167,1.0735,-0.3321,warning,0,1.0735,-0.3321,9.218,9.218,0.0735,7.1365,1.0705,0.0024,10.9336,0.0015,0.843
1130,2026-09-26 03:30:00,LDR,Light_LDR,143.848,130.886,1.075,0.023,warning,0,1.075,0.023,12.962,12.962,0.075,9.9033,1.072,0.0024,9.4898,0.0015,1.3657
1131,2026-09-26 03:35:00,LDR,Light_LDR,145.315,131.537,1.0765,0.4245,warning,0,1.0765,0.4245,13.778,13.778,0.0765,10.4746,1.0735,0.0024,10.1084,0.0015,1.3629
1132,2026-09-26 03:40:00,LDR,Light_LDR,152.163,129.172,1.078,0.0987,warning,0,1.078,0.0987,22.991,22.991,0.078,17.7987,1.075,0.0024,12.8632,0.0015,1.7872
1133,2026-09-26 03:45:00,LDR,Light_LDR,125.869,128.201,1.0795,-0.005,warning,0,1.0795,-0.005,2.332,-2.332,0.0795,1.819,1.0765,0.0024,12.2562,0.0015,0.1903
1134,2026-09-26 03:50:00,LDR,Light_LDR,137.622,130.199,1.081,-0.2939,warning,0,1.081,-0.2939,7.423,7.423,0.081,5.7013,1.078,0.0024,11.8972,0.0015,0.6239
1135,2026-09-26 03:55:00,LDR,Light_LDR,130.951,126.641,1.0825,0.2441,warning,0,1.0825,0.2441,4.31,4.31,0.0825,3.4033,1.0795,0.0024,10.1668,0.0015,0.4239
1136,2026-09-26 04:00:00,LDR,Light_LDR,142.283,129.491,1.084,-0.1348,warning,0,1.084,-0.1348,12.792,12.792,0.084,9.8787,1.081,0.0024,9.9696,0.0015,1.283
1137,2026-09-26 04:05:00,LDR,Light_LDR,136.045,128.949,1.0855,0.573,warning,0,1.0855,0.573,7.096,7.096,0.0855,5.503,1.0825,0.0024,6.7906,0.0015,1.0448
1138,2026-09-26 04:10:00,LDR,Light_LDR,134.244,126.975,1.087,0.2528,warning,0,1.087,0.2528,7.269,7.269,0.087,5.7247,1.084,0.0024,7.778,0.0015,0.9344
1139,2026-09-26 04:15:00,LDR,Light_LDR,132.878,129.732,1.0885,0.4794,warning,0,1.0885,0.4794,3.146,3.146,0.0885,2.425,1.0855,0.0024,6.9226,0.0015,0.4544
1140,2026-09-26 04:20:00,LDR,Light_LDR,158.466,127.15,1.22,-0.4889,unhealthy,0,1.22,-0.4889,31.316,31.316,0.22,24.6292,1.113,0.0598,12.3238,0.1315,2.5409
1141,2026-09-26 04:25:00,LDR,Light_LDR,154.817,123.568,1.22167,-0.335,unhealthy,0,1.22167,-0.335,31.249,31.249,0.2217,25.2889,1.1405,0.0733,16.0152,0.0017,1.9511
1142,2026-09-26 04:30:00,LDR,Light_LDR,143.573,122.927,1.22333,1.0205,unhealthy,0,1.22333,1.0205,20.646,20.646,0.2233,16.7953,1.1681,0.0734,18.7252,0.0017,1.1025
1143,2026-09-26 04:35:00,LDR,Light_LDR,165.466,129.294,1.225,-0.2215,unhealthy,0,1.225,-0.2215,36.172,36.172,0.225,27.9765,1.1957,0.06,24.5058,0.0017,1.476
1144,2026-09-26 04:40:00,LDR,Light_LDR,180.812,128.908,1.22667,-0.8242,unhealthy,0,1.22667,-0.8242,51.904,51.904,0.2267,40.2644,1.2233,0.0026,34.2574,0.0017,1.5151
1145,2026-09-26 04:45:00,LDR,Light_LDR,136.804,121.854,1.22833,0.0906,unhealthy,0,1.22833,0.0906,14.95,14.95,0.2283,12.2688,1.225,0.0026,30.9842,0.0017,0.4825
1146,2026-09-26 04:50:00,LDR,Light_LDR,151.269,127.49,1.23,0.1018,unhealthy,0,1.23,0.1018,23.779,23.779,0.23,18.6517,1.2267,0.0026,29.4902,0.0017,0.8063
1147,2026-09-26 04:55:00,LDR,Light_LDR,133.725,120.248,1.23167,0.5755,unhealthy,0,1.23167,0.5755,13.477,13.477,0.2317,11.2077,1.2283,0.0026,28.0564,0.0017,0.4803
1148,2026-09-26 05:00:00,LDR,Light_LDR,162.267,125.671,1.23333,-0.2344,unhealthy,0,1.23333,-0.2344,36.596,36.596,0.2333,29.1205,1.23,0.0026,28.1412,0.0017,1.3004
1149,2026-09-26 05:05:00,LDR,Light_LDR,172.143,124.122,1.235,0.9749,unhealthy,0,1.235,0.9749,48.021,48.021,0.235,38.6885,1.2317,0.0026,27.3646,0.0017,1.7548
1150,2026-09-26 05:10:00,LDR,Light_LDR,166.94,124.268,1.23667,0.2897,unhealthy,0,1.23667,0.2897,42.672,42.672,0.2367,34.3387,1.2333,0.0026,32.909,0.0017,1.2966
1151,2026-09-26 05:15:00,LDR,Light_LDR,164.019,122.885,1.23833,0.3243,unhealthy,0,1.23833,0.3243,41.134,41.134,0.2383,33.4736,1.235,0.0026,36.38,0.0017,1.1306
1152,2026-09-26 05:20:00,LDR,Light_LDR,152.269,123.345,1.24,-0.2298,unhealthy,0,1.24,-0.2298,28.924,28.924,0.24,23.4497,1.2367,0.0026,39.4694,0.0017,0.7328
1153,2026-09-26 05:25:00,LDR,Light_LDR,144.625,117.793,1.24167,0.0678,unhealthy,0,1.24167,0.0678,26.832,26.832,0.2417,22.7789,1.2383,0.0026,37.5166,0.0017,0.7152
1154,2026-09-26 05:30:00,LDR,Light_LDR,162.677,123.548,1.24333,-0.294,unhealthy,0,1.24333,-0.294,39.129,39.129,0.2433,31.6711,1.24,0.0026,35.7382,0.0017,1.0948
1155,2026-09-26 05:35:00,LDR,Light_LDR,150.802,120.339,1.245,0.1567,unhealthy,0,1.245,0.1567,30.463,30.463,0.245,25.3143,1.2417,0.0026,33.2964,0.0017,0.9149
1156,2026-09-26 05:40:00,LDR,Light_LDR,153.614,120.074,1.24667,0.6326,unhealthy,0,1.24667,0.6326,33.54,33.54,0.2467,27.9328,1.2433,0.0026,31.7776,0.0017,1.0554
1157,2026-09-26 05:45:00,LDR,Light_LDR,157.067,124.166,1.24833,0.2041,unhealthy,0,1.24833,0.2041,32.901,32.901,0.2483,26.4976,1.245,0.0026,32.573,0.0017,1.01
1158,2026-09-26 05:50:00,LDR,Light_LDR,149.629,121.456,1.25,-0.1604,unhealthy,0,1.25,-0.1604,28.173,28.173,0.25,23.1961,1.2467,0.0026,32.8412,0.0017,0.8578
1159,2026-09-26 05:55:00,LDR,Light_LDR,148.55,119.069,1.25167,-0.2014,unhealthy,0,1.25167,-0.2014,29.481,29.481,0.2517,24.7596,1.2483,0.0026,30.9116,0.0017,0.9537
1160,2026-09-26 06:00:00,LDR,Light_LDR,161.914,121.224,1.25333,-0.7899,unhealthy,0,1.25333,-0.7899,40.69,40.69,0.2533,33.566,1.25,0.0026,32.957,0.0017,1.2346
1161,2026-09-26 06:05:00,LDR,Light_LDR,160.795,120.159,1.255,0.4678,unhealthy,0,1.255,0.4678,40.636,40.636,0.255,33.8185,1.2517,0.0026,34.3762,0.0017,1.1821
1162,2026-09-26 06:10:00,LDR,Light_LDR,157.591,118.438,1.25667,-0.242,unhealthy,0,1.25667,-0.242,39.153,39.153,0.2567,33.0578,1.2533,0.0026,35.6266,0.0017,1.099
1163,2026-09-26 06:15:00,LDR,Light_LDR,160.907,120.683,1.25833,-0.6445,unhealthy,0,1.25833,-0.6445,40.224,40.224,0.2583,33.3303,1.255,0.0026,38.0368,0.0017,1.0575
1164,2026-09-26 06:20:00,LDR,Light_LDR,162.25,119.362,1.26,0.4453,unhealthy,0,1.26,0.4453,42.888,42.888,0.26,35.931,1.2567,0.0026,40.7182,0.0017,1.0533
1165,2026-09-26 06:25:00,LDR,Light_LDR,164.18,113.763,1.26167,-0.4318,unhealthy,0,1.26167,-0.4318,50.417,50.417,0.2617,44.3176,1.2583,0.0026,42.6636,0.0017,1.1817
1166,2026-09-26 06:30:00,LDR,Light_LDR,162.327,119.161,1.26333,0.4483,unhealthy,0,1.26333,0.4483,43.166,43.166,0.2633,36.2249,1.26,0.0026,43.1696,0.0017,0.9999
1167,2026-09-26 06:35:00,LDR,Light_LDR,125.801,113.663,1.265,0.5571,unhealthy,0,1.265,0.5571,12.138,12.138,0.265,10.6789,1.2617,0.0026,37.7666,0.0017,0.3214
1168,2026-09-26 06:40:00,LDR,Light_LDR,161.1,120.744,1.26667,0.3058,unhealthy,0,1.26667,0.3058,40.356,40.356,0.2667,33.4228,1.2633,0.0026,37.793,0.0017,1.0678
1169,2026-09-26 06:45:00,LDR,Light_LDR,148.668,116.841,1.26833,-0.0679,unhealthy,0,1.26833,-0.0679,31.827,31.827,0.2683,27.2396,1.265,0.0026,35.5808,0.0017,0.8945
1170,2026-09-26 06:50:00,LDR,Light_LDR,151.315,117.891,1.27,0.7629,unhealthy,0,1.27,0.7629,33.424,33.424,0.27,28.3516,1.2667,0.0026,32.1822,0.0017,1.0386
1171,2026-09-26 06:55:00,LDR,Light_LDR,144.486,114.254,1.27167,0.5486,unhealthy,0,1.27167,0.5486,30.232,30.232,0.2717,26.4603,1.2683,0.0026,29.5954,0.0017,1.0215
1172,2026-09-26 07:00:00,LDR,Light_LDR,152.234,116.509,1.27333,0.0701,unhealthy,0,1.27333,0.0701,35.725,35.725,0.2733,30.6629,1.27,0.0026,34.3128,0.0017,1.0411
1173,2026-09-26 07:05:00,LDR,Light_LDR,160.554,117.105,1.275,-0.2789,unhealthy,0,1.275,-0.2789,43.449,43.449,0.275,37.1026,1.2717,0.0026,34.9314,0.0017,1.2438
1174,2026-09-26 07:10:00,LDR,Light_LDR,150.568,116.945,1.27667,-0.4022,unhealthy,0,1.27667,-0.4022,33.623,33.623,0.2767,28.7511,1.2733,0.0026,35.2906,0.0017,0.9527
1175,2026-09-26 07:15:00,LDR,Light_LDR,146.226,113.554,1.27833,-0.2676,unhealthy,0,1.27833,-0.2676,32.672,32.672,0.2783,28.7722,1.275,0.0026,35.1402,0.0017,0.9297
1176,2026-09-26 07:20:00,LDR,Light_LDR,145.489,112.34,1.28,0.1346,unhealthy,0,1.28,0.1346,33.149,33.149,0.28,29.5077,1.2767,0.0026,35.7236,0.0017,0.9279
1177,2026-09-26 07:25:00,LDR,Light_LDR,146.807,111.106,1.28167,-0.3593,unhealthy,0,1.28167,-0.3593,35.701,35.701,0.2817,32.1324,1.2783,0.0026,35.7188,0.0017,0.9995
1178,2026-09-26 07:30:00,LDR,Light_LDR,163.336,112.895,1.28333,0.2481,unhealthy,0,1.28333,0.2481,50.441,50.441,0.2833,44.6796,1.28,0.0026,37.1172,0.0017,1.3589
1179,2026-09-26 07:35:00,LDR,Light_LDR,149.91,111.097,1.285,0.142,unhealthy,0,1.285,0.142,38.813,38.813,0.285,34.9361,1.2817,0.0026,38.1552,0.0017,1.0172
1180,2026-09-26 07:40:00,LDR,Light_LDR,140.072,110.988,1.28667,-0.1395,unhealthy,0,1.28667,-0.1395,29.084,29.084,0.2867,26.2046,1.2833,0.0026,37.4376,0.0017,0.7768
1181,2026-09-26 07:45:00,LDR,Light_LDR,144.983,111.799,1.28833,0.0167,unhealthy,0,1.28833,0.0167,33.184,33.184,0.2883,29.6818,1.285,0.0026,37.4446,0.0017,0.8862
1182,2026-09-26 07:50:00,LDR,Light_LDR,121.057,107.288,1.29,0.2571,unhealthy,0,1.29,0.2571,13.769,13.769,0.29,12.8337,1.2867,0.0026,33.0582,0.0017,0.4165
1183,2026-09-26 07:55:00,LDR,Light_LDR,164.628,110.274,1.29167,-0.2872,unhealthy,0,1.29167,-0.2872,54.354,54.354,0.2917,49.29,1.2883,0.0026,33.8408,0.0017,1.6061
1184,2026-09-26 08:00:00,LDR,Light_LDR,153.823,110.963,1.29333,-0.0628,unhealthy,0,1.29333,-0.0628,42.86,42.86,0.2933,38.6255,1.29,0.0026,34.6502,0.0017,1.2369
1185,2026-09-26 08:05:00,LDR,Light_LDR,136.562,111.523,1.295,0.2155,unhealthy,0,1.295,0.2155,25.039,25.039,0.295,22.4519,1.2917,0.0026,33.8412,0.0017,0.7399
1186,2026-09-26 08:10:00,LDR,Light_LDR,146.407,112.673,1.29667,0.0099,unhealthy,0,1.29667,0.0099,33.734,33.734,0.2967,29.9397,1.2933,0.0026,33.9512,0.0017,0.9936
1187,2026-09-26 08:15:00,LDR,Light_LDR,130.995,109.07,1.29833,0.1508,unhealthy,0,1.29833,0.1508,21.925,21.925,0.2983,20.1018,1.295,0.0026,35.5824,0.0017,0.6162
1188,2026-09-26 08:20:00,LDR,Light_LDR,160.716,115.333,1.3,0.4368,unhealthy,0,1.3,0.4368,45.383,45.383,0.3,39.3495,1.2967,0.0026,33.7882,0.0017,1.3431
1189,2026-09-26 08:25:00,LDR,Light_LDR,138.993,110.343,1.30167,0.0787,unhealthy,0,1.30167,0.0787,28.65,28.65,0.3017,25.9645,1.2983,0.0026,30.9462,0.0017,0.9258
1190,2026-09-26 08:30:00,LDR,Light_LDR,147.213,109.012,1.30333,0.1222,unhealthy,0,1.30333,0.1222,38.201,38.201,0.3033,35.0429,1.3,0.0026,33.5786,0.0017,1.1376
1191,2026-09-26 08:35:00,LDR,Light_LDR,146.275,111.813,1.305,-0.2893,unhealthy,0,1.305,-0.2893,34.462,34.462,0.305,30.8211,1.3017,0.0026,33.7242,0.0017,1.0218
1192,2026-09-26 08:40:00,LDR,Light_LDR,156.604,107.878,1.30667,0.2347,unhealthy,0,1.30667,0.2347,48.726,48.726,0.3067,45.1677,1.3033,0.0026,39.0844,0.0017,1.2467
1193,2026-09-26 08:45:00,LDR,Light_LDR,147.086,108.941,1.30833,-0.4184,unhealthy,0,1.30833,-0.4184,38.145,38.145,0.3083,35.0144,1.305,0.0026,37.6368,0.0017,1.0135
1194,2026-09-26 08:50:00,LDR,Light_LDR,145.263,108.477,1.31,-1.2285,unhealthy,0,1.31,-1.2285,36.786,36.786,0.31,33.9113,1.3067,0.0026,39.264,0.0017,0.9369
1195,2026-09-26 08:55:00,LDR,Light_LDR,153.132,105.597,1.31167,-0.1686,unhealthy,0,1.31167,-0.1686,47.535,47.535,0.3117,45.0155,1.3083,0.0026,41.1308,0.0017,1.1557
1196,2026-09-26 09:00:00,LDR,Light_LDR,143.134,111.237,1.31333,-1.0417,unhealthy,0,1.31333,-1.0417,31.897,31.897,0.3133,28.6748,1.31,0.0026,40.6178,0.0017,0.7853
1197,2026-09-26 09:05:00,LDR,Light_LDR,157.194,108.501,1.315,-0.4505,unhealthy,0,1.315,-0.4505,48.693,48.693,0.315,44.8779,1.3117,0.0026,40.6112,0.0017,1.199
1198,2026-09-26 09:10:00,LDR,Light_LDR,151.496,111.797,1.31667,0.7997,unhealthy,0,1.31667,0.7997,39.699,39.699,0.3167,35.5099,1.3133,0.0026,40.922,0.0017,0.9701
1199,2026-09-26 09:15:00,LDR,Light_LDR,162.85,109.518,1.31833,0.403,unhealthy,0,1.31833,0.403,53.332,53.332,0.3183,48.697,1.315,0.0026,44.2312,0.0017,1.2057
1200,2026-09-25 00:00:00,H01,Humidity,51.723,51.938,0.98818,-0.1504,healthy,0,0.98818,-0.1504,0.215,-0.215,0.0118,0.414,0.9882,0.0,0.215,0.0,0.9954
1201,2026-09-25 00:05:00,H01,Humidity,51.71,52.177,0.99307,0.0845,healthy,0,0.99307,0.0845,0.467,-0.467,0.0069,0.895,0.9906,0.0035,0.341,0.0049,1.3655
1202,2026-09-25 00:10:00,H01,Humidity,52.049,52.518,0.99155,0.0148,healthy,0,0.99155,0.0148,0.469,-0.469,0.0084,0.893,0.9909,0.0025,0.3837,-0.0015,1.2192
1203,2026-09-25 00:15:00,H01,Humidity,52.096,52.33,0.99067,0.0409,healthy,0,0.99067,0.0409,0.234,-0.234,0.0093,0.4472,0.9909,0.002,0.3463,-0.0009,0.6739
1204,2026-09-25 00:20:00,H01,Humidity,49.97,51.675,0.98732,0.0575,healthy,0,0.98732,0.0575,1.705,-1.705,0.0127,3.2995,0.9902,0.0024,0.618,-0.0034,2.7544
1205,2026-09-25 00:25:00,H01,Humidity,53.852,53.374,0.99197,0.0112,healthy,0,0.99197,0.0112,0.478,0.478,0.008,0.8956,0.9909,0.0022,0.6706,0.0047,0.7117
1206,2026-09-25 00:30:00,H01,Humidity,54.062,53.288,0.98967,-0.102,healthy,0,0.98967,-0.102,0.774,0.774,0.0103,1.4525,0.9902,0.0019,0.732,-0.0023,1.0559
1207,2026-09-25 00:35:00,H01,Humidity,53.704,53.814,0.98748,-0.105,healthy,0,0.98748,-0.105,0.11,-0.11,0.0125,0.2044,0.9894,0.002,0.6602,-0.0022,0.1664
1208,2026-09-25 00:40:00,H01,Humidity,51.376,53.172,0.99019,0.1045,healthy,0,0.99019,0.1045,1.796,-1.796,0.0098,3.3777,0.9893,0.002,0.9726,0.0027,1.8447
1209,2026-09-25 00:45:00,H01,Humidity,54.719,54.224,0.98909,0.0488,healthy,0,0.98909,0.0488,0.495,0.495,0.0109,0.9129,0.9897,0.0016,0.7306,-0.0011,0.6766
1210,2026-09-25 00:50:00,H01,Humidity,54.283,54.052,0.99002,0.0315,healthy,0,0.99002,0.0315,0.231,0.231,0.01,0.4274,0.9893,0.0011,0.6812,0.0009,0.3386
1211,2026-09-25 00:55:00,H01,Humidity,53.585,53.669,0.98638,-0.0896,healthy,0,0.98638,-0.0896,0.084,-0.084,0.0136,0.1565,0.9886,0.0017,0.5432,-0.0036,0.1544
1212,2026-09-25 01:00:00,H01,Humidity,54.452,53.765,0.98833,0.1518,healthy,0,0.98833,0.1518,0.687,0.687,0.0117,1.2778,0.9888,0.0015,0.6586,0.002,1.0415
1213,2026-09-25 01:05:00,H01,Humidity,54.223,54.134,0.99124,-0.0257,healthy,0,0.99124,-0.0257,0.089,0.089,0.0088,0.1644,0.989,0.0018,0.3172,0.0029,0.2797
1214,2026-09-25 01:10:00,H01,Humidity,55.542,54.563,0.98906,-0.0469,healthy,0,0.98906,-0.0469,0.979,0.979,0.0109,1.7943,0.989,0.0018,0.414,-0.0022,2.359
1215,2026-09-25 01:15:00,H01,Humidity,54.153,54.778,0.98539,-0.0456,healthy,0,0.98539,-0.0456,0.625,-0.625,0.0146,1.141,0.9881,0.0023,0.4928,-0.0037,1.2657
1216,2026-09-25 01:20:00,H01,Humidity,53.314,54.426,0.99162,0.0094,healthy,0,0.99162,0.0094,1.112,-1.112,0.0084,2.0431,0.9891,0.0025,0.6984,0.0062,1.5899
1217,2026-09-25 01:25:00,H01,Humidity,54.141,54.657,0.99098,-0.0097,healthy,0,0.99098,-0.0097,0.516,-0.516,0.009,0.9441,0.9897,0.0026,0.6642,-0.0006,0.7757
1218,2026-09-25 01:30:00,H01,Humidity,56.115,55.074,0.99314,0.0448,healthy,0,0.99314,0.0448,1.041,1.041,0.0069,1.8902,0.99,0.003,0.8546,0.0022,1.2167
1219,2026-09-25 01:35:00,H01,Humidity,54.931,54.836,0.98988,0.0056,healthy,0,0.98988,0.0056,0.095,0.095,0.0101,0.1732,0.9902,0.0029,0.6778,-0.0033,0.14
1220,2026-09-25 01:40:00,H01,Humidity,54.061,55.363,0.98806,0.0597,healthy,0,0.98806,0.0597,1.302,-1.302,0.0119,2.3518,0.9907,0.0019,0.8132,-0.0018,1.5991
1221,2026-09-25 01:45:00,H01,Humidity,55.35,54.766,0.99417,-0.0329,healthy,0,0.99417,-0.0329,0.584,0.584,0.0058,1.0664,0.9912,0.0025,0.7076,0.0061,0.8242
1222,2026-09-25 01:50:00,H01,Humidity,56.606,56.087,0.98527,0.098,healthy,0,0.98527,0.098,0.519,0.519,0.0147,0.9253,0.9901,0.0037,0.7082,-0.0089,0.7318
1223,2026-09-25 01:55:00,H01,Humidity,55.573,56.165,0.98754,0.124,healthy,0,0.98754,0.124,0.592,-0.592,0.0125,1.054,0.989,0.0033,0.6184,0.0023,0.9558
1224,2026-09-25 02:00:00,H01,Humidity,56.064,56.025,0.98983,0.0696,healthy,0,0.98983,0.0696,0.039,0.039,0.0102,0.0696,0.989,0.0033,0.6072,0.0023,0.0641
1225,2026-09-25 02:05:00,H01,Humidity,54.743,54.954,0.98366,0.0247,healthy,0,0.98366,0.0247,0.211,-0.211,0.0163,0.384,0.9881,0.0041,0.389,-0.0062,0.541
1226,2026-09-25 02:10:00,H01,Humidity,56.114,55.93,0.9894,0.1693,healthy,0,0.9894,0.1693,0.184,0.184,0.0106,0.329,0.9871,0.0027,0.309,0.0057,0.5935
1227,2026-09-25 02:15:00,H01,Humidity,55.739,55.665,0.99057,-0.0264,healthy,0,0.99057,-0.0264,0.074,0.074,0.0094,0.1329,0.9882,0.0028,0.22,0.0012,0.3348
1228,2026-09-25 02:20:00,H01,Humidity,54.524,55.422,0.98988,-0.0303,healthy,0,0.98988,-0.0303,0.898,-0.898,0.0101,1.6203,0.9887,0.0028,0.2812,-0.0007,3.1821
1229,2026-09-25 02:25:00,H01,Humidity,56.116,56.758,0.98773,0.0085,healthy,0,0.98773,0.0085,0.642,-0.642,0.0123,1.1311,0.9882,0.0028,0.4018,-0.0021,1.5938
1230,2026-09-25 02:30:00,H01,Humidity,57.766,56.137,0.98735,0.0751,healthy,0,0.98735,0.0751,1.629,1.629,0.0127,2.9018,0.989,0.0014,0.6854,-0.0004,2.3733
1231,2026-09-25 02:35:00,H01,Humidity,56.93,55.726,0.99233,-0.0227,healthy,0,0.99233,-0.0227,1.204,1.204,0.0077,2.1606,0.9896,0.0021,0.8894,0.005,1.3522
1232,2026-09-25 02:40:00,H01,Humidity,57.731,56.972,0.98943,-0.1137,healthy,0,0.98943,-0.1137,0.759,0.759,0.0106,1.3322,0.9893,0.002,1.0264,-0.0029,0.7388
1233,2026-09-25 02:45:00,H01,Humidity,55.507,56.214,0.9909,-0.0193,healthy,0,0.9909,-0.0193,0.707,-0.707,0.0091,1.2577,0.9895,0.0021,0.9882,0.0015,0.7147
1234,2026-09-25 02:50:00,H01,Humidity,57.158,56.608,0.99054,-0.1076,healthy,0,0.99054,-0.1076,0.55,0.55,0.0095,0.9716,0.9901,0.0019,0.9698,-0.0004,0.5665
1235,2026-09-25 02:55:00,H01,Humidity,55.856,56.351,0.98925,0.1375,healthy,0,0.98925,0.1375,0.495,-0.495,0.0108,0.8784,0.9905,0.0012,0.743,-0.0013,0.6653
1236,2026-09-25 03:00:00,H01,Humidity,54.985,56.092,0.99144,0.014,healthy,0,0.99144,0.014,1.107,-1.107,0.0086,1.9735,0.9903,0.0009,0.7236,0.0022,1.5277
1237,2026-09-25 03:05:00,H01,Humidity,56.351,56.23,0.98907,0.0765,healthy,0,0.98907,0.0765,0.121,0.121,0.0109,0.2152,0.9902,0.001,0.596,-0.0024,0.2027
1238,2026-09-25 03:10:00,H01,Humidity,56.958,56.182,0.9878,-0.0105,healthy,0,0.9878,-0.0105,0.776,0.776,0.0122,1.3812,0.9896,0.0014,0.6098,-0.0013,1.2705
1239,2026-09-25 03:15:00,H01,Humidity,54.867,55.814,0.98983,-0.067,healthy,0,0.98983,-0.067,0.947,-0.947,0.0102,1.6967,0.9895,0.0013,0.6892,0.002,1.3721
1240,2026-09-25 03:20:00,H01,Humidity,55.698,56.063,0.99025,0.1674,healthy,0,0.99025,0.1674,0.365,-0.365,0.0098,0.6511,0.9897,0.0014,0.6632,0.0004,0.5495
1241,2026-09-25 03:25:00,H01,Humidity,56.36,56.041,0.9874,0.0569,healthy,0,0.9874,0.0569,0.319,0.319,0.0126,0.5692,0.9889,0.0012,0.5056,-0.0028,0.6297
1242,2026-09-25 03:30:00,H01,Humidity,56.238,56.614,0.99212,0.036,healthy,0,0.99212,0.036,0.376,-0.376,0.0079,0.6641,0.9895,0.0019,0.5566,0.0047,0.6743
1243,2026-09-25 03:35:00,H01,Humidity,56.71,56.049,0.98968,0.0842,healthy,0,0.98968,0.0842,0.661,0.661,0.0103,1.1793,0.9899,0.0017,0.5336,-0.0024,1.2364
1244,2026-09-25 03:40:00,H01,Humidity,56.256,55.791,0.98698,0.1146,healthy,0,0.98698,0.1146,0.465,0.465,0.013,0.8335,0.9893,0.0021,0.4372,-0.0027,1.0612
1245,2026-09-25 03:45:00,H01,Humidity,56.77,55.716,0.99099,0.0139,healthy,0,0.99099,0.0139,1.054,1.054,0.009,1.8917,0.9894,0.0022,0.575,0.004,1.8299
1246,2026-09-25 03:50:00,H01,Humidity,55.449,54.998,0.98911,0.1358,healthy,0,0.98911,0.1358,0.451,0.451,0.0109,0.82,0.9898,0.002,0.6014,-0.0019,0.7487
1247,2026-09-25 03:55:00,H01,Humidity,57.209,56.399,0.98746,0.0937,healthy,0,0.98746,0.0937,0.81,0.81,0.0125,1.4362,0.9888,0.0016,0.6882,-0.0017,1.1753
1248,2026-09-25 04:00:00,H01,Humidity,53.634,54.93,0.98931,-0.0006,healthy,0,0.98931,-0.0006,1.296,-1.296,0.0107,2.3594,0.9888,0.0016,0.8152,0.0019,1.5878
1249,2026-09-25 04:05:00,H01,Humidity,55.592,55.399,0.99165,-0.0234,healthy,0,0.99165,-0.0234,0.193,0.193,0.0083,0.3484,0.9897,0.0017,0.7608,0.0023,0.2533
1250,2026-09-25 04:10:00,H01,Humidity,56.034,55.507,0.98988,-0.0485,healthy,0,0.98988,-0.0485,0.527,0.527,0.0101,0.9494,0.9895,0.0015,0.6554,-0.0018,0.8029
1251,2026-09-25 04:15:00,H01,Humidity,54.308,54.666,0.98992,0.1187,healthy,0,0.98992,0.1187,0.358,-0.358,0.0101,0.6549,0.9896,0.0015,0.6368,0.0,0.5613
1252,2026-09-25 04:20:00,H01,Humidity,55.492,54.896,0.99135,0.021,healthy,0,0.99135,0.021,0.596,0.596,0.0087,1.0857,0.9904,0.001,0.594,0.0014,1.0017
1253,2026-09-25 04:25:00,H01,Humidity,56.738,55.082,0.98512,0.1023,healthy,0,0.98512,0.1023,1.656,1.656,0.0149,3.0064,0.9896,0.0026,0.666,-0.0062,2.4828
1254,2026-09-25 04:30:00,H01,Humidity,55.082,55.455,0.98282,0.044,healthy,0,0.98282,0.044,0.373,-0.373,0.0172,0.6726,0.9878,0.0037,0.702,-0.0023,0.5306
1255,2026-09-25 04:35:00,H01,Humidity,54.784,54.377,0.99015,-0.004,healthy,0,0.99015,-0.004,0.407,0.407,0.0099,0.7485,0.9879,0.0037,0.678,0.0073,0.5994
1256,2026-09-25 04:40:00,H01,Humidity,54.106,54.697,0.98766,-0.0382,healthy,0,0.98766,-0.0382,0.591,-0.591,0.0123,1.0805,0.9874,0.0035,0.7246,-0.0025,0.8145
1257,2026-09-25 04:45:00,H01,Humidity,54.985,53.846,0.98716,-0.009,healthy,0,0.98716,-0.009,1.139,1.139,0.0128,2.1153,0.9866,0.0028,0.8332,-0.0005,1.3654
1258,2026-09-25 04:50:00,H01,Humidity,54.196,54.172,0.98839,-0.0866,healthy,0,0.98839,-0.0866,0.024,0.024,0.0116,0.0443,0.9872,0.0027,0.5068,0.0012,0.0473
1259,2026-09-25 04:55:00,H01,Humidity,54.819,54.707,0.99391,0.0307,healthy,0,0.99391,0.0307,0.112,0.112,0.0061,0.2047,0.9895,0.0027,0.4546,0.0055,0.2458
1260,2026-09-25 05:00:00,H01,Humidity,53.611,53.863,0.98915,0.0582,healthy,0,0.98915,0.0582,0.252,-0.252,0.0109,0.4679,0.9893,0.0027,0.4236,-0.0048,0.5935
1261,2026-09-25 05:05:00,H01,Humidity,53.796,53.856,0.98985,-0.0394,healthy,0,0.98985,-0.0394,0.06,-0.06,0.0101,0.1114,0.9897,0.0026,0.3174,0.0007,0.1884
1262,2026-09-25 05:10:00,H01,Humidity,52.509,52.95,0.991,0.196,healthy,0,0.991,0.196,0.441,-0.441,0.009,0.8329,0.9905,0.0022,0.1778,0.0011,2.4664
1263,2026-09-25 05:15:00,H01,Humidity,53.53,53.741,0.9916,0.1103,healthy,0,0.9916,0.1103,0.211,-0.211,0.0084,0.3926,0.9911,0.0018,0.2152,0.0006,0.9759
1264,2026-09-25 05:20:00,H01,Humidity,52.425,52.701,0.99043,0.0182,healthy,0,0.99043,0.0182,0.276,-0.276,0.0096,0.5237,0.9904,0.001,0.248,-0.0012,1.1084
1265,2026-09-25 05:25:00,H01,Humidity,53.453,53.198,0.99019,0.0368,healthy,0,0.99019,0.0368,0.255,0.255,0.0098,0.4793,0.9906,0.0007,0.2486,-0.0002,1.0216
1266,2026-09-25 05:30:00,H01,Humidity,53.503,52.99,0.99067,-0.0149,healthy,0,0.99067,-0.0149,0.513,0.513,0.0093,0.9681,0.9908,0.0005,0.3392,0.0005,1.5079
1267,2026-09-25 05:35:00,H01,Humidity,52.353,52.649,0.99005,-0.122,healthy,0,0.99005,-0.122,0.296,-0.296,0.01,0.5622,0.9906,0.0006,0.3102,-0.0006,0.9512
1268,2026-09-25 05:40:00,H01,Humidity,51.025,52.949,0.98783,-0.0177,healthy,0,0.98783,-0.0177,1.924,-1.924,0.0122,3.6337,0.9898,0.0011,0.6528,-0.0022,2.9428
1269,2026-09-25 05:45:00,H01,Humidity,52.262,51.996,0.98769,0.016,healthy,0,0.98769,0.016,0.266,0.266,0.0123,0.5116,0.9893,0.0014,0.6508,-0.0001,0.4081
1270,2026-09-25 05:50:00,H01,Humidity,52.913,52.34,0.98913,-0.0224,healthy,0,0.98913,-0.0224,0.573,0.573,0.0109,1.0948,0.9891,0.0013,0.7144,0.0014,0.801
1271,2026-09-25 05:55:00,H01,Humidity,53.827,52.267,0.98923,0.1114,healthy,0,0.98923,0.1114,1.56,1.56,0.0108,2.9847,0.9888,0.001,0.9238,0.0001,1.6869
1272,2026-09-25 06:00:00,H01,Humidity,51.726,51.502,0.99095,0.2551,healthy,0,0.99095,0.2551,0.224,0.224,0.0091,0.4349,0.989,0.0013,0.9094,0.0017,0.246
1273,2026-09-25 06:05:00,H01,Humidity,52.469,51.865,0.98979,0.0471,healthy,0,0.98979,0.0471,0.604,0.604,0.0102,1.1646,0.9894,0.0012,0.6454,-0.0012,0.9344
1274,2026-09-25 06:10:00,H01,Humidity,50.972,51.14,0.98985,-0.1737,healthy,0,0.98985,-0.1737,0.168,-0.168,0.0101,0.3285,0.9898,0.0007,0.6258,0.0001,0.268
1275,2026-09-25 06:15:00,H01,Humidity,50.686,51.096,0.99058,-0.1246,healthy,0,0.99058,-0.1246,0.41,-0.41,0.0094,0.8024,0.9901,0.0007,0.5932,0.0007,0.69
1276,2026-09-25 06:20:00,H01,Humidity,51.87,51.664,0.98855,-0.1445,healthy,0,0.98855,-0.1445,0.206,0.206,0.0114,0.3987,0.9899,0.0009,0.3224,-0.002,0.637
1277,2026-09-25 06:25:00,H01,Humidity,52.445,50.865,0.98953,-0.0505,healthy,0,0.98953,-0.0505,1.58,1.58,0.0105,3.1063,0.9897,0.0007,0.5936,0.001,2.6572
1278,2026-09-25 06:30:00,H01,Humidity,50.447,50.3,0.99557,-0.0234,healthy,0,0.99557,-0.0234,0.147,0.147,0.0044,0.2922,0.9908,0.0028,0.5022,0.006,0.2921
1279,2026-09-25 06:35:00,H01,Humidity,51.0,50.519,0.98867,-0.0549,healthy,0,0.98867,-0.0549,0.481,0.481,0.0113,0.9521,0.9906,0.0029,0.5648,-0.0069,0.8501
1280,2026-09-25 06:40:00,H01,Humidity,50.232,50.013,0.99063,-0.1669,healthy,0,0.99063,-0.1669,0.219,0.219,0.0094,0.4379,0.9906,0.0029,0.5266,0.002,0.4151
1281,2026-09-25 06:45:00,H01,Humidity,50.789,50.748,0.98735,0.0622,healthy,0,0.98735,0.0622,0.041,0.041,0.0127,0.0808,0.9904,0.0032,0.4936,-0.0033,0.0829
1282,2026-09-25 06:50:00,H01,Humidity,48.969,50.881,0.98819,0.2332,healthy,0,0.98819,0.2332,1.912,-1.912,0.0118,3.7578,0.9901,0.0033,0.56,0.0008,3.4082
1283,2026-09-25 06:55:00,H01,Humidity,49.738,49.947,0.9865,0.156,healthy,0,0.9865,0.156,0.209,-0.209,0.0135,0.4184,0.9883,0.0016,0.5724,-0.0017,0.3645
1284,2026-09-25 07:00:00,H01,Humidity,49.376,49.851,0.99079,0.0075,healthy,0,0.99079,0.0075,0.475,-0.475,0.0092,0.9528,0.9887,0.0019,0.5712,0.0043,0.8301
1285,2026-09-25 07:05:00,H01,Humidity,49.818,49.262,0.99024,0.0382,healthy,0,0.99024,0.0382,0.556,0.556,0.0098,1.1287,0.9886,0.0018,0.6386,-0.0005,0.8693
1286,2026-09-25 07:10:00,H01,Humidity,51.332,50.379,0.98555,0.0025,healthy,0,0.98555,0.0025,0.953,0.953,0.0144,1.8917,0.9883,0.0023,0.821,-0.0047,1.1594
1287,2026-09-25 07:15:00,H01,Humidity,49.681,49.418,0.98522,-0.0954,healthy,0,0.98522,-0.0954,0.263,0.263,0.0148,0.5322,0.9877,0.0027,0.4912,-0.0003,0.5343
1288,2026-09-25 07:20:00,H01,Humidity,49.651,49.443,0.99125,-0.0546,healthy,0,0.99125,-0.0546,0.208,0.208,0.0088,0.4207,0.9886,0.003,0.491,0.006,0.4228
1289,2026-09-25 07:25:00,H01,Humidity,48.155,48.811,0.99042,0.0122,healthy,0,0.99042,0.0122,0.656,-0.656,0.0096,1.344,0.9885,0.0029,0.5272,-0.0008,1.242
1290,2026-09-25 07:30:00,H01,Humidity,49.007,49.682,0.98649,-0.0034,healthy,0,0.98649,-0.0034,0.675,-0.675,0.0135,1.3586,0.9878,0.0028,0.551,-0.0039,1.2228
1291,2026-09-25 07:35:00,H01,Humidity,49.443,49.667,0.9911,-0.044,healthy,0,0.9911,-0.044,0.224,-0.224,0.0089,0.451,0.9889,0.0028,0.4052,0.0046,0.5515
1292,2026-09-25 07:40:00,H01,Humidity,49.791,49.558,0.98801,-0.1333,healthy,0,0.98801,-0.1333,0.233,0.233,0.012,0.4702,0.9895,0.0021,0.3992,-0.0031,0.5822
1293,2026-09-25 07:45:00,H01,Humidity,50.242,48.825,0.99123,0.0617,healthy,0,0.99123,0.0617,1.417,1.417,0.0088,2.9022,0.9894,0.0021,0.641,0.0032,2.2072
1294,2026-09-25 07:50:00,H01,Humidity,47.021,47.905,0.98749,0.0609,healthy,0,0.98749,0.0609,0.884,-0.884,0.0125,1.8453,0.9889,0.0022,0.6866,-0.0037,1.2856
1295,2026-09-25 07:55:00,H01,Humidity,47.628,47.909,0.99363,-0.1217,healthy,0,0.99363,-0.1217,0.281,-0.281,0.0064,0.5865,0.9903,0.0025,0.6078,0.0061,0.4616
1296,2026-09-25 08:00:00,H01,Humidity,48.706,48.374,0.99252,-0.1416,healthy,0,0.99252,-0.1416,0.332,0.332,0.0075,0.6863,0.9906,0.0027,0.6294,-0.0011,0.5266
1297,2026-09-25 08:05:00,H01,Humidity,49.212,47.954,0.99116,-0.0646,healthy,0,0.99116,-0.0646,1.258,1.258,0.0088,2.6233,0.9912,0.0023,0.8344,-0.0014,1.5059
1298,2026-09-25 08:10:00,H01,Humidity,47.66,47.869,0.98498,-0.0552,healthy,0,0.98498,-0.0552,0.209,-0.209,0.015,0.4366,0.99,0.0036,0.5928,-0.0062,0.352
1299,2026-09-25 08:15:00,H01,Humidity,49.358,48.59,0.98738,-0.0912,healthy,0,0.98738,-0.0912,0.768,0.768,0.0126,1.5806,0.9899,0.0036,0.5696,0.0024,1.346
1300,2026-09-25 08:20:00,H01,Humidity,47.715,47.541,0.98954,-0.0048,healthy,0,0.98954,-0.0048,0.174,0.174,0.0105,0.366,0.9891,0.003,0.5482,0.0022,0.3168
1301,2026-09-25 08:25:00,H01,Humidity,47.016,47.733,0.98805,0.0347,healthy,0,0.98805,0.0347,0.717,-0.717,0.012,1.5021,0.9882,0.0023,0.6252,-0.0015,1.145
1302,2026-09-25 08:30:00,H01,Humidity,48.852,47.438,0.99236,0.0469,healthy,0,0.99236,0.0469,1.414,1.414,0.0076,2.9807,0.9885,0.0027,0.6564,0.0043,2.1509
1303,2026-09-25 08:35:00,H01,Humidity,47.44,48.252,0.98736,0.0156,healthy,0,0.98736,0.0156,0.812,-0.812,0.0126,1.6828,0.9889,0.0021,0.777,-0.005,1.0437
1304,2026-09-25 08:40:00,H01,Humidity,47.462,47.243,0.98901,0.0864,healthy,0,0.98901,0.0864,0.219,0.219,0.011,0.4636,0.9893,0.0019,0.6672,0.0016,0.3277
1305,2026-09-25 08:45:00,H01,Humidity,45.968,47.319,0.98894,-0.0035,healthy,0,0.98894,-0.0035,1.351,-1.351,0.0111,2.8551,0.9891,0.0019,0.9026,-0.0001,1.4951
1306,2026-09-25 08:50:00,H01,Humidity,46.983,48.141,0.98944,-0.1033,healthy,0,0.98944,-0.1033,1.158,-1.158,0.0106,2.4054,0.9894,0.0018,0.9908,0.0005,1.1676
1307,2026-09-25 08:55:00,H01,Humidity,49.542,48.284,0.98914,0.1031,healthy,0,0.98914,0.1031,1.258,1.258,0.0109,2.6054,0.9888,0.0008,0.9596,-0.0003,1.3096
1308,2026-09-25 09:00:00,H01,Humidity,48.499,48.249,0.98883,-0.1919,healthy,0,0.98883,-0.1919,0.25,0.25,0.0112,0.5181,0.9891,0.0002,0.8472,-0.0003,0.2947
1309,2026-09-25 09:05:00,H01,Humidity,48.141,48.681,0.98983,-0.1513,healthy,0,0.98983,-0.1513,0.54,-0.54,0.0102,1.1093,0.9892,0.0004,0.9114,0.001,0.5918
1310,2026-09-25 09:10:00,H01,Humidity,47.704,47.782,0.9877,-0.1972,healthy,0,0.9877,-0.1972,0.078,-0.078,0.0123,0.1632,0.989,0.0008,0.6568,-0.0021,0.1186
1311,2026-09-25 09:15:00,H01,Humidity,47.937,47.562,0.99345,0.016,healthy,0,0.99345,0.016,0.375,0.375,0.0065,0.7884,0.9898,0.0022,0.5002,0.0058,0.7482
1312,2026-09-25 09:20:00,H01,Humidity,47.023,47.856,0.99009,-0.1243,healthy,0,0.99009,-0.1243,0.833,-0.833,0.0099,1.7406,0.99,0.0022,0.4152,-0.0034,2.0014
1313,2026-09-25 09:25:00,H01,Humidity,48.763,48.374,0.99032,-0.024,healthy,0,0.99032,-0.024,0.389,0.389,0.0097,0.8042,0.9903,0.0021,0.443,0.0002,0.8761
1314,2026-09-25 09:30:00,H01,Humidity,47.334,48.184,0.99388,0.0209,healthy,0,0.99388,0.0209,0.85,-0.85,0.0061,1.7641,0.9911,0.0026,0.505,0.0036,1.6798
1315,2026-09-25 09:35:00,H01,Humidity,46.694,47.986,0.99112,0.0876,healthy,0,0.99112,0.0876,1.292,-1.292,0.0089,2.6925,0.9918,0.0018,0.7478,-0.0028,1.7254
1316,2026-09-25 09:40:00,H01,Humidity,48.869,48.192,0.98811,-0.0374,healthy,0,0.98811,-0.0374,0.677,0.677,0.0119,1.4048,0.9907,0.0021,0.8082,-0.003,0.8366
1317,2026-09-25 09:45:00,H01,Humidity,48.026,48.455,0.98854,-0.0047,healthy,0,0.98854,-0.0047,0.429,-0.429,0.0115,0.8854,0.9904,0.0023,0.7274,0.0004,0.589
1318,2026-09-25 09:50:00,H01,Humidity,50.444,49.386,0.99046,-0.0593,healthy,0,0.99046,-0.0593,1.058,1.058,0.0095,2.1423,0.9904,0.0023,0.8612,0.0019,1.2271
1319,2026-09-25 09:55:00,H01,Humidity,49.419,48.853,0.99348,0.1749,healthy,0,0.99348,0.1749,0.566,0.566,0.0065,1.1586,0.9903,0.0022,0.8044,0.003,0.7028
1320,2026-09-25 10:00:00,H01,Humidity,47.934,48.257,0.98949,-0.0155,healthy,0,0.98949,-0.0155,0.323,-0.323,0.0105,0.6693,0.99,0.0021,0.6106,-0.004,0.5281
1321,2026-09-25 10:05:00,H01,Humidity,49.529,48.987,0.9899,0.0856,healthy,0,0.9899,0.0856,0.542,0.542,0.0101,1.1064,0.9904,0.0019,0.5836,0.0004,0.9271
1322,2026-09-25 10:10:00,H01,Humidity,47.812,48.153,0.98647,-0.091,healthy,0,0.98647,-0.091,0.341,-0.341,0.0135,0.7082,0.99,0.0025,0.566,-0.0034,0.6014
1323,2026-09-25 10:15:00,H01,Humidity,48.331,48.753,0.9886,0.0641,healthy,0,0.9886,0.0641,0.422,-0.422,0.0114,0.8656,0.9896,0.0025,0.4388,0.0021,0.9595
1324,2026-09-25 10:20:00,H01,Humidity,48.136,48.916,0.99014,0.1467,healthy,0,0.99014,0.1467,0.78,-0.78,0.0099,1.5946,0.9889,0.0015,0.4816,0.0015,1.6162
1325,2026-09-25 10:25:00,H01,Humidity,49.643,49.816,0.98871,-0.0993,healthy,0,0.98871,-0.0993,0.173,-0.173,0.0113,0.3473,0.9888,0.0015,0.4516,-0.0014,0.3822
1326,2026-09-25 10:30:00,H01,Humidity,50.991,50.354,0.99169,0.0561,healthy,0,0.99169,0.0561,0.637,0.637,0.0083,1.265,0.9891,0.0019,0.4706,0.003,1.3507
1327,2026-09-25 10:35:00,H01,Humidity,50.329,48.882,0.99055,0.0081,healthy,0,0.99055,0.0081,1.447,1.447,0.0094,2.9602,0.9899,0.0013,0.6918,-0.0011,2.0886
1328,2026-09-25 10:40:00,H01,Humidity,49.395,49.283,0.98914,-0.0853,healthy,0,0.98914,-0.0853,0.112,0.112,0.0109,0.2273,0.99,0.0012,0.6298,-0.0014,0.1776
1329,2026-09-25 10:45:00,H01,Humidity,49.771,49.585,0.9875,0.0442,healthy,0,0.9875,0.0442,0.186,0.186,0.0125,0.3751,0.9895,0.0016,0.511,-0.0016,0.3633
1330,2026-09-25 10:50:00,H01,Humidity,49.19,50.019,0.99232,0.0154,healthy,0,0.99232,0.0154,0.829,-0.829,0.0077,1.6574,0.9902,0.002,0.6422,0.0048,1.2889
1331,2026-09-25 10:55:00,H01,Humidity,50.83,49.433,0.99342,0.0211,healthy,0,0.99342,0.0211,1.397,1.397,0.0066,2.826,0.9906,0.0024,0.7942,0.0011,1.7568
1332,2026-09-25 11:00:00,H01,Humidity,49.141,50.119,0.99141,0.083,healthy,0,0.99141,0.083,0.978,-0.978,0.0086,1.9514,0.9908,0.0024,0.7004,-0.002,1.3944
1333,2026-09-25 11:05:00,H01,Humidity,50.714,50.202,0.98743,-0.0149,healthy,0,0.98743,-0.0149,0.512,0.512,0.0126,1.0199,0.9904,0.0028,0.7804,-0.004,0.6552
1334,2026-09-25 11:10:00,H01,Humidity,50.746,49.832,0.99102,-0.112,healthy,0,0.99102,-0.112,0.914,0.914,0.009,1.8342,0.9911,0.0023,0.926,0.0036,0.986
1335,2026-09-25 11:15:00,H01,Humidity,49.679,50.142,0.98785,-0.1069,healthy,0,0.98785,-0.1069,0.463,-0.463,0.0121,0.9234,0.9902,0.0025,0.8528,-0.0032,0.5423
1336,2026-09-25 11:20:00,H01,Humidity,49.663,49.814,0.9888,0.0959,healthy,0,0.9888,0.0959,0.151,-0.151,0.0112,0.3031,0.9893,0.0018,0.6036,0.001,0.2498
1337,2026-09-25 11:25:00,H01,Humidity,51.843,50.278,0.99035,0.0189,healthy,0,0.99035,0.0189,1.565,1.565,0.0097,3.1127,0.9891,0.0016,0.721,0.0015,2.1676
1338,2026-09-25 11:30:00,H01,Humidity,51.132,51.24,0.99051,0.0803,healthy,0,0.99051,0.0803,0.108,-0.108,0.0095,0.2108,0.9897,0.0013,0.6402,0.0002,0.1684
1339,2026-09-25 11:35:00,H01,Humidity,51.844,51.069,0.99322,-0.1229,healthy,0,0.99322,-0.1229,0.775,0.775,0.0068,1.5176,0.9901,0.002,0.6124,0.0027,1.2634
1340,2026-09-25 11:40:00,H01,Humidity,51.356,51.233,0.98932,-0.0363,healthy,0,0.98932,-0.0363,0.123,0.123,0.0107,0.2401,0.9904,0.0017,0.5444,-0.0039,0.2255
1341,2026-09-25 11:45:00,H01,Humidity,49.915,51.44,0.98907,-0.0483,healthy,0,0.98907,-0.0483,1.525,-1.525,0.0109,2.9646,0.9905,0.0016,0.8192,-0.0002,1.8593
1342,2026-09-25 11:50:00,H01,Humidity,52.918,51.348,0.98888,0.02,healthy,0,0.98888,0.02,1.57,1.57,0.0111,3.0576,0.9902,0.0018,0.8202,-0.0002,1.9118
1343,2026-09-25 11:55:00,H01,Humidity,51.695,51.572,0.98785,-0.0493,healthy,0,0.98785,-0.0493,0.123,0.123,0.0121,0.2385,0.9897,0.0021,0.8232,-0.001,0.1492
1344,2026-09-25 12:00:00,H01,Humidity,53.011,52.235,0.99136,0.0741,healthy,0,0.99136,0.0741,0.776,0.776,0.0086,1.4856,0.9893,0.0013,0.8234,0.0035,0.9413
1345,2026-09-25 12:05:00,H01,Humidity,52.157,52.07,0.99401,-0.0205,healthy,0,0.99401,-0.0205,0.087,0.087,0.006,0.1671,0.9902,0.0025,0.8162,0.0026,0.1065
1346,2026-09-25 12:10:00,H01,Humidity,52.885,52.881,0.99103,-0.1714,healthy,0,0.99103,-0.1714,0.004,0.004,0.009,0.0076,0.9906,0.0024,0.512,-0.003,0.0078
1347,2026-09-25 12:15:00,H01,Humidity,53.2,52.888,0.98721,0.068,healthy,0,0.98721,0.068,0.312,0.312,0.0128,0.5899,0.9903,0.0028,0.2604,-0.0038,1.1936
1348,2026-09-25 12:20:00,H01,Humidity,53.324,53.196,0.98852,0.0876,healthy,0,0.98852,0.0876,0.128,0.128,0.0115,0.2406,0.9904,0.0026,0.2614,0.0013,0.4878
1349,2026-09-25 12:25:00,H01,Humidity,53.991,53.607,0.99547,0.131,healthy,0,0.99547,0.131,0.384,0.384,0.0045,0.7163,0.9912,0.0035,0.183,0.007,2.087
1350,2026-09-25 12:30:00,H01,Humidity,53.974,54.005,0.99111,-0.0647,healthy,0,0.99111,-0.0647,0.031,-0.031,0.0089,0.0574,0.9907,0.0032,0.1718,-0.0044,0.1794
1351,2026-09-25 12:35:00,H01,Humidity,52.681,53.556,0.99155,-0.0821,healthy,0,0.99155,-0.0821,0.875,-0.875,0.0084,1.6338,0.9908,0.0032,0.346,0.0004,2.5216
1352,2026-09-25 12:40:00,H01,Humidity,53.399,53.286,0.99097,0.0609,healthy,0,0.99097,0.0609,0.113,0.113,0.009,0.2121,0.9915,0.0025,0.3062,-0.0006,0.3678
1353,2026-09-25 12:45:00,H01,Humidity,54.3,53.258,0.99337,-0.0779,healthy,0,0.99337,-0.0779,1.042,1.042,0.0066,1.9565,0.9925,0.0019,0.489,0.0024,2.1265
1354,2026-09-25 12:50:00,H01,Humidity,53.939,54.054,0.99246,-0.0277,healthy,0,0.99246,-0.0277,0.115,-0.115,0.0075,0.2128,0.9919,0.001,0.4352,-0.0009,0.2636
1355,2026-09-25 12:55:00,H01,Humidity,55.206,53.943,0.98895,0.0259,healthy,0,0.98895,0.0259,1.263,1.263,0.0111,2.3414,0.9915,0.0017,0.6816,-0.0035,1.8503
1356,2026-09-25 13:00:00,H01,Humidity,53.486,53.561,0.98859,-0.0534,healthy,0,0.98859,-0.0534,0.075,-0.075,0.0114,0.14,0.9909,0.0021,0.5216,-0.0004,0.1435
1357,2026-09-25 13:05:00,H01,Humidity,54.423,54.181,0.99144,0.0106,healthy,0,0.99144,0.0106,0.242,0.242,0.0086,0.4467,0.991,0.0021,0.5474,0.0029,0.4413
1358,2026-09-25 13:10:00,H01,Humidity,54.448,54.545,0.99039,0.0642,healthy,0,0.99039,0.0642,0.097,-0.097,0.0096,0.1778,0.9904,0.0016,0.3584,-0.001,0.2699
1359,2026-09-25 13:15:00,H01,Humidity,55.373,55.191,0.99498,0.0644,healthy,0,0.99498,0.0644,0.182,0.182,0.005,0.3298,0.9909,0.0026,0.3718,0.0046,0.4882
1360,2026-09-25 13:20:00,H01,Humidity,54.339,54.924,0.9877,0.0223,healthy,0,0.9877,0.0223,0.585,-0.585,0.0123,1.0651,0.9906,0.0028,0.2362,-0.0073,2.4663
1361,2026-09-25 13:25:00,H01,Humidity,53.517,55.014,0.98845,-0.0197,healthy,0,0.98845,-0.0197,1.497,-1.497,0.0115,2.7211,0.9906,0.0029,0.5206,0.0008,2.87
1362,2026-09-25 13:30:00,H01,Humidity,55.323,54.472,0.99061,-0.0616,healthy,0,0.99061,-0.0616,0.851,0.851,0.0094,1.5623,0.9904,0.0028,0.6424,0.0022,1.3227
1363,2026-09-25 13:35:00,H01,Humidity,54.994,54.686,0.99081,-0.0531,healthy,0,0.99081,-0.0531,0.308,0.308,0.0092,0.5632,0.9905,0.0028,0.6846,0.0002,0.4492
1364,2026-09-25 13:40:00,H01,Humidity,55.279,54.573,0.98899,-0.0598,healthy,0,0.98899,-0.0598,0.706,0.706,0.011,1.2937,0.9893,0.0014,0.7894,-0.0018,0.8932
1365,2026-09-25 13:45:00,H01,Humidity,54.867,55.485,0.98743,-0.0084,healthy,0,0.98743,-0.0084,0.618,-0.618,0.0126,1.1138,0.9893,0.0014,0.796,-0.0016,0.7754
1366,2026-09-25 13:50:00,H01,Humidity,56.449,55.788,0.99244,-0.1074,healthy,0,0.99244,-0.1074,0.661,0.661,0.0076,1.1848,0.9901,0.0019,0.6288,0.005,1.0495
1367,2026-09-25 13:55:00,H01,Humidity,56.632,55.179,0.98939,0.0105,healthy,0,0.98939,0.0105,1.453,1.453,0.0106,2.6332,0.9898,0.0019,0.7492,-0.003,1.9368
1368,2026-09-25 14:00:00,H01,Humidity,54.209,55.201,0.99157,-0.0858,healthy,0,0.99157,-0.0858,0.992,-0.992,0.0084,1.7971,0.99,0.002,0.886,0.0022,1.1184
1369,2026-09-25 14:05:00,H01,Humidity,56.629,55.701,0.98994,-0.2187,healthy,0,0.98994,-0.2187,0.928,0.928,0.0101,1.666,0.9902,0.002,0.9304,-0.0016,0.9963
1370,2026-09-25 14:10:00,H01,Humidity,56.682,54.915,0.98961,0.1141,healthy,0,0.98961,0.1141,1.767,1.767,0.0104,3.2177,0.9906,0.0013,1.1602,-0.0003,1.5217
1371,2026-09-25 14:15:00,H01,Humidity,56.39,55.698,0.98703,0.1111,healthy,0,0.98703,0.1111,0.692,0.692,0.013,1.2424,0.9895,0.0016,1.1664,-0.0026,0.5928
1372,2026-09-25 14:20:00,H01,Humidity,55.438,55.714,0.98867,-0.0495,healthy,0,0.98867,-0.0495,0.276,-0.276,0.0113,0.4954,0.9894,0.0017,0.931,0.0016,0.2961
1373,2026-09-25 14:25:00,H01,Humidity,56.607,56.094,0.98877,-0.0273,healthy,0,0.98877,-0.0273,0.513,0.513,0.0112,0.9145,0.9888,0.0011,0.8352,0.0001,0.6135
1374,2026-09-25 14:30:00,H01,Humidity,55.512,55.425,0.98915,-0.1262,healthy,0,0.98915,-0.1262,0.087,0.087,0.0109,0.157,0.9886,0.001,0.667,0.0004,0.1302
1375,2026-09-25 14:35:00,H01,Humidity,53.868,55.286,0.99168,-0.0973,healthy,0,0.99168,-0.0973,1.418,-1.418,0.0083,2.5648,0.9891,0.0017,0.5972,0.0025,2.3704
1376,2026-09-25 14:40:00,H01,Humidity,54.414,55.951,0.99332,0.0648,healthy,0,0.99332,0.0648,1.537,-1.537,0.0067,2.747,0.9903,0.0021,0.7662,0.0016,2.0034
1377,2026-09-25 14:45:00,H01,Humidity,54.836,55.587,0.98911,0.187,healthy,0,0.98911,0.187,0.751,-0.751,0.0109,1.351,0.9904,0.002,0.8612,-0.0042,0.871
1378,2026-09-25 14:50:00,H01,Humidity,56.614,55.772,0.99295,0.0235,healthy,0,0.99295,0.0235,0.842,0.842,0.007,1.5097,0.9912,0.002,0.927,0.0038,0.9073
1379,2026-09-25 14:55:00,H01,Humidity,55.749,55.865,0.9897,0.1132,healthy,0,0.9897,0.1132,0.116,-0.116,0.0103,0.2076,0.9914,0.0019,0.9328,-0.0032,0.1242
1380,2026-09-25 15:00:00,H01,Humidity,56.596,56.609,0.99067,-0.0753,healthy,0,0.99067,-0.0753,0.013,-0.013,0.0093,0.023,0.9912,0.0019,0.6518,0.001,0.0199
1381,2026-09-25 15:05:00,H01,Humidity,55.035,56.549,0.99124,0.0047,healthy,0,0.99124,0.0047,1.514,-1.514,0.0088,2.6773,0.9907,0.0015,0.6472,0.0006,2.3357
1382,2026-09-25 15:10:00,H01,Humidity,55.124,55.426,0.98673,-0.0329,healthy,0,0.98673,-0.0329,0.302,-0.302,0.0133,0.5449,0.9903,0.0023,0.5574,-0.0045,0.5408
1383,2026-09-25 15:15:00,H01,Humidity,54.438,55.534,0.99195,-0.0932,healthy,0,0.99195,-0.0932,1.096,-1.096,0.0081,1.9736,0.9901,0.002,0.6082,0.0052,1.7991
1384,2026-09-25 15:20:00,H01,Humidity,56.598,56.132,0.99185,0.1723,healthy,0,0.99185,0.1723,0.466,0.466,0.0081,0.8302,0.9905,0.0022,0.6782,-0.0001,0.6861
1385,2026-09-25 15:25:00,H01,Humidity,55.204,56.693,0.98748,0.1807,healthy,0,0.98748,0.1807,1.489,-1.489,0.0125,2.6264,0.9898,0.0025,0.9734,-0.0044,1.5281
1386,2026-09-25 15:30:00,H01,Humidity,55.075,55.817,0.99102,-0.1205,healthy,0,0.99102,-0.1205,0.742,-0.742,0.009,1.3293,0.9898,0.0025,0.819,0.0035,0.9049
1387,2026-09-25 15:35:00,H01,Humidity,55.547,55.533,0.98928,0.1216,healthy,0,0.98928,0.1216,0.014,0.014,0.0107,0.0252,0.9903,0.0019,0.7614,-0.0017,0.0184
1388,2026-09-25 15:40:00,H01,Humidity,56.356,55.724,0.98413,0.0452,healthy,0,0.98413,0.0452,0.632,0.632,0.0159,1.1342,0.9888,0.0031,0.6686,-0.0052,0.9438
1389,2026-09-25 15:45:00,H01,Humidity,55.935,55.163,0.98977,0.0233,healthy,0,0.98977,0.0233,0.772,0.772,0.0102,1.3995,0.9883,0.0027,0.7298,0.0056,1.0564
1390,2026-09-25 15:50:00,H01,Humidity,56.508,55.48,0.98815,-0.0286,healthy,0,0.98815,-0.0286,1.028,1.028,0.0119,1.8529,0.9885,0.0026,0.6376,-0.0016,1.6098
1391,2026-09-25 15:55:00,H01,Humidity,54.213,56.108,0.98986,0.0895,healthy,0,0.98986,0.0895,1.895,-1.895,0.0101,3.3774,0.9882,0.0024,0.8682,0.0017,2.1802
1392,2026-09-25 16:00:00,H01,Humidity,55.068,55.919,0.98766,0.1493,healthy,0,0.98766,0.1493,0.851,-0.851,0.0123,1.5218,0.9879,0.0023,1.0356,-0.0022,0.821
1393,2026-09-25 16:05:00,H01,Humidity,54.81,55.167,0.99102,0.0606,healthy,0,0.99102,0.0606,0.357,-0.357,0.009,0.6471,0.9893,0.0014,0.9806,0.0034,0.3637
1394,2026-09-25 16:10:00,H01,Humidity,55.233,55.556,0.99089,0.0393,healthy,0,0.99089,0.0393,0.323,-0.323,0.0091,0.5814,0.9895,0.0015,0.8908,-0.0001,0.3622
1395,2026-09-25 16:15:00,H01,Humidity,54.83,55.502,0.99271,-0.0901,healthy,0,0.99271,-0.0901,0.672,-0.672,0.0073,1.2108,0.9904,0.0019,0.8196,0.0018,0.8189
1396,2026-09-25 16:20:00,H01,Humidity,56.072,55.198,0.98779,-0.1364,healthy,0,0.98779,-0.1364,0.874,0.874,0.0122,1.5834,0.99,0.0022,0.6154,-0.0049,1.4179
1397,2026-09-25 16:25:00,H01,Humidity,54.389,54.176,0.9891,0.0686,healthy,0,0.9891,0.0686,0.213,0.213,0.0109,0.3932,0.9903,0.0019,0.4878,0.0013,0.4358
1398,2026-09-25 16:30:00,H01,Humidity,53.996,54.787,0.98771,0.0354,healthy,0,0.98771,0.0354,0.791,-0.791,0.0123,1.4438,0.9896,0.0021,0.5746,-0.0014,1.3742
1399,2026-09-25 16:35:00,H01,Humidity,54.405,54.917,0.99018,0.02,healthy,0,0.99018,0.02,0.512,-0.512,0.0098,0.9323,0.9895,0.0021,0.6124,0.0025,0.8347
1400,2026-09-25 16:40:00,H01,Humidity,55.699,55.488,0.99062,-0.0144,healthy,0,0.99062,-0.0144,0.211,0.211,0.0094,0.3803,0.9891,0.0013,0.5202,0.0004,0.4048
1401,2026-09-25 16:45:00,H01,Humidity,53.609,54.223,0.98913,0.1993,healthy,0,0.98913,0.1993,0.614,-0.614,0.0109,1.1324,0.9893,0.0011,0.4682,-0.0015,1.3086
1402,2026-09-25 16:50:00,H01,Humidity,54.692,54.355,0.98899,-0.0753,healthy,0,0.98899,-0.0753,0.337,0.337,0.011,0.62,0.9893,0.0011,0.493,-0.0001,0.6822
1403,2026-09-25 16:55:00,H01,Humidity,54.97,54.25,0.99172,0.0727,healthy,0,0.99172,0.0727,0.72,0.72,0.0083,1.3272,0.9901,0.0011,0.4788,0.0027,1.5006
1404,2026-09-25 17:00:00,H01,Humidity,52.896,53.713,0.99118,0.0611,healthy,0,0.99118,0.0611,0.817,-0.817,0.0088,1.521,0.9903,0.0012,0.5398,-0.0005,1.5107
1405,2026-09-25 17:05:00,H01,Humidity,54.325,53.793,0.98699,0.0615,healthy,0,0.98699,0.0615,0.532,0.532,0.013,0.989,0.9896,0.0019,0.604,-0.0042,0.8793
1406,2026-09-25 17:10:00,H01,Humidity,55.12,54.33,0.98944,0.044,healthy,0,0.98944,0.044,0.79,0.79,0.0106,1.4541,0.9897,0.0019,0.6392,0.0024,1.234
1407,2026-09-25 17:15:00,H01,Humidity,53.011,53.29,0.98809,-0.0499,healthy,0,0.98809,-0.0499,0.279,-0.279,0.0119,0.5236,0.9895,0.002,0.6276,-0.0013,0.4438
1408,2026-09-25 17:20:00,H01,Humidity,80.998,53.075,0.98475,0.0784,anomaly,1,0.98475,0.0784,27.923,27.923,0.0152,52.6105,0.9881,0.0024,6.0682,-0.0033,4.6008
1409,2026-09-25 17:25:00,H01,Humidity,52.4,52.728,0.9886,-0.0034,healthy,0,0.9886,-0.0034,0.328,-0.328,0.0114,0.6221,0.9876,0.0018,5.9704,0.0039,0.0549
1410,2026-09-25 17:30:00,H01,Humidity,79.166,53.141,0.99267,0.0967,anomaly,1,0.99267,0.0967,26.025,26.025,0.0073,48.9735,0.9887,0.0028,11.069,0.0041,2.3509
1411,2026-09-25 17:35:00,H01,Humidity,53.354,52.573,0.99431,0.0075,healthy,0,0.99431,0.0075,0.781,0.781,0.0057,1.4856,0.9897,0.0038,11.0672,0.0016,0.0706
1412,2026-09-25 17:40:00,H01,Humidity,51.437,52.567,0.99251,-0.0314,healthy,0,0.99251,-0.0314,1.13,-1.13,0.0075,2.1496,0.9906,0.0039,11.2374,-0.0018,0.1005
1413,2026-09-25 17:45:00,H01,Humidity,53.497,52.599,0.98681,-0.0351,healthy,0,0.98681,-0.0351,0.898,0.898,0.0132,1.7073,0.991,0.0031,5.8324,-0.0057,0.1539
1414,2026-09-25 17:50:00,H01,Humidity,37.253,52.185,0.99063,-0.0013,anomaly,1,0.99063,-0.0013,14.932,-14.932,0.0094,28.6136,0.9914,0.0029,8.7532,0.0038,1.7057
1415,2026-09-25 17:55:00,H01,Humidity,52.944,52.725,0.98977,-0.0442,healthy,0,0.98977,-0.0442,0.219,0.219,0.0102,0.4154,0.9908,0.0028,3.592,-0.0009,0.061
1416,2026-09-25 18:00:00,H01,Humidity,69.418,51.821,0.99861,-0.1319,anomaly,1,0.99861,-0.1319,17.597,17.597,0.0014,33.9573,0.9917,0.0044,6.9552,0.0088,2.5297
1417,2026-09-25 18:05:00,H01,Humidity,70.849,51.831,1.0038,-0.0267,anomaly,1,1.0038,-0.0267,19.018,19.018,0.0038,36.6923,0.9939,0.007,10.5328,0.0052,1.8054
1418,2026-09-25 18:10:00,H01,Humidity,49.561,51.222,0.98719,0.0667,healthy,0,0.98719,0.0667,1.661,-1.661,0.0128,3.2427,0.994,0.0069,10.6854,-0.0166,0.1554
1419,2026-09-25 18:15:00,H01,Humidity,52.622,51.363,0.98643,0.16,healthy,0,0.98643,0.16,1.259,1.259,0.0136,2.4512,0.9932,0.0077,7.9508,-0.0008,0.1583
1420,2026-09-25 18:20:00,H01,Humidity,52.16,51.047,0.98887,0.0626,healthy,0,0.98887,0.0626,1.113,1.113,0.0111,2.1803,0.993,0.0078,8.1296,0.0024,0.1369
1421,2026-09-25 18:25:00,H01,Humidity,36.52,51.815,0.9876,-0.004,anomaly,1,0.9876,-0.004,15.295,-15.295,0.0124,29.5185,0.9908,0.0073,7.6692,-0.0013,1.9941
1422,2026-09-25 18:30:00,H01,Humidity,50.906,50.855,0.9921,0.0365,healthy,0,0.9921,0.0365,0.051,0.051,0.0079,0.1003,0.9884,0.0022,3.8758,0.0045,0.0132
1423,2026-09-25 18:35:00,H01,Humidity,50.916,50.647,0.98723,0.1085,healthy,0,0.98723,0.1085,0.269,0.269,0.0128,0.5311,0.9884,0.0022,3.5974,-0.0049,0.0748
1424,2026-09-25 18:40:00,H01,Humidity,79.385,50.371,0.99241,0.0431,anomaly,1,0.99241,0.0431,29.014,29.014,0.0076,57.6006,0.9896,0.0025,9.1484,0.0052,3.1711
1425,2026-09-25 18:45:00,H01,Humidity,48.275,49.929,0.98838,0.0379,healthy,0,0.98838,0.0379,1.654,-1.654,0.0116,3.3127,0.9895,0.0025,9.2566,-0.004,0.1787
1426,2026-09-25 18:50:00,H01,Humidity,51.214,50.157,0.99175,-0.0344,healthy,0,0.99175,-0.0344,1.057,1.057,0.0082,2.1074,0.9904,0.0024,6.409,0.0034,0.1649
1427,2026-09-25 18:55:00,H01,Humidity,50.006,50.25,0.98982,-0.0012,healthy,0,0.98982,-0.0012,0.244,-0.244,0.0102,0.4856,0.9899,0.0022,6.4476,-0.0019,0.0378
1428,2026-09-25 19:00:00,H01,Humidity,51.126,49.719,0.98994,-0.0331,healthy,0,0.98994,-0.0331,1.407,1.407,0.0101,2.8299,0.9905,0.0016,6.6752,0.0001,0.2107
1429,2026-09-25 19:05:00,H01,Humidity,51.289,50.537,0.98909,0.0336,healthy,0,0.98909,0.0336,0.752,0.752,0.0109,1.488,0.9898,0.0013,1.0228,-0.0009,0.7345
1430,2026-09-25 19:10:00,H01,Humidity,75.592,48.999,0.98226,-0.0121,anomaly,1,0.98226,-0.0121,26.593,26.593,0.0177,54.2725,0.9886,0.0037,6.0106,-0.0068,4.4236
1431,2026-09-25 19:15:00,H01,Humidity,49.007,49.664,0.98944,-0.0831,healthy,0,0.98944,-0.0831,0.657,-0.657,0.0106,1.3229,0.9881,0.0033,5.9306,0.0072,0.1108
1432,2026-09-25 19:20:00,H01,Humidity,48.22,49.555,0.98818,-0.1055,healthy,0,0.98818,-0.1055,1.335,-1.335,0.0118,2.694,0.9878,0.0032,6.1488,-0.0013,0.2171
1433,2026-09-25 19:25:00,H01,Humidity,32.867,48.938,0.99757,-0.1106,anomaly,1,0.99757,-0.1106,16.071,-16.071,0.0024,32.8395,0.9893,0.0055,9.0816,0.0094,1.7694
1434,2026-09-25 19:30:00,H01,Humidity,50.078,49.544,0.98865,-0.0501,healthy,0,0.98865,-0.0501,0.534,0.534,0.0113,1.0778,0.9892,0.0055,9.038,-0.0089,0.0591
1435,2026-09-25 19:35:00,H01,Humidity,48.5,49.037,0.98919,-0.0154,healthy,0,0.98919,-0.0154,0.537,-0.537,0.0108,1.0951,0.9906,0.0039,3.8268,0.0005,0.1403
1436,2026-09-25 19:40:00,H01,Humidity,75.358,48.349,0.98387,0.0171,anomaly,1,0.98387,0.0171,27.009,27.009,0.0161,55.8626,0.9895,0.005,9.0972,-0.0053,2.9686
1437,2026-09-25 19:45:00,H01,Humidity,65.05,48.046,0.99299,-0.0337,anomaly,1,0.99299,-0.0337,17.004,17.004,0.007,35.3911,0.9905,0.0051,12.231,0.0091,1.3901
1438,2026-09-25 19:50:00,H01,Humidity,67.13,47.92,0.98424,-0.0032,anomaly,1,0.98424,-0.0032,19.21,19.21,0.0158,40.0876,0.9878,0.0038,12.8588,-0.0088,1.4938
1439,2026-09-25 19:55:00,H01,Humidity,48.156,48.43,0.98921,-0.0182,healthy,0,0.98921,-0.0182,0.274,-0.274,0.0108,0.5658,0.9879,0.0038,12.8068,0.005,0.0214
1440,2026-09-25 20:00:00,H01,Humidity,46.508,48.412,0.98927,0.0182,healthy,0,0.98927,0.0182,1.904,-1.904,0.0107,3.9329,0.9879,0.0038,13.0802,0.0001,0.1456
1441,2026-09-25 20:05:00,H01,Humidity,33.164,47.856,0.98604,0.057,anomaly,1,0.98604,0.057,14.692,-14.692,0.014,30.7004,0.9884,0.0034,10.6168,-0.0032,1.3837
1442,2026-09-25 20:10:00,H01,Humidity,75.965,47.741,0.98013,-0.088,anomaly,1,0.98013,-0.088,28.224,28.224,0.0199,59.119,0.9858,0.0038,12.8608,-0.0059,2.1944
1443,2026-09-25 20:15:00,H01,Humidity,46.498,47.514,0.98915,0.1027,healthy,0,0.98915,0.1027,1.016,-1.016,0.0109,2.1383,0.9868,0.004,9.222,0.009,0.1102
1444,2026-09-25 20:20:00,H01,Humidity,32.921,48.853,0.98356,0.1196,anomaly,1,0.98356,0.1196,15.932,-15.932,0.0164,32.6121,0.9856,0.0039,12.3536,-0.0056,1.2896
1445,2026-09-25 20:25:00,H01,Humidity,48.787,48.747,0.98907,0.0562,healthy,0,0.98907,0.0562,0.04,0.04,0.0109,0.0821,0.9856,0.0038,11.9808,0.0055,0.0033
1446,2026-09-25 20:30:00,H01,Humidity,77.306,48.065,0.99431,0.1219,anomaly,1,0.99431,0.1219,29.241,29.241,0.0057,60.8364,0.9872,0.0055,14.8906,0.0052,1.9636
1447,2026-09-25 20:35:00,H01,Humidity,33.142,47.492,0.99146,0.0331,anomaly,1,0.99146,0.0331,14.35,-14.35,0.0085,30.2156,0.9895,0.004,12.1158,-0.0029,1.1843
1448,2026-09-25 20:40:00,H01,Humidity,65.924,47.493,0.99272,-0.0422,anomaly,1,0.99272,-0.0422,18.431,18.431,0.0073,38.8078,0.9902,0.0042,15.5988,0.0013,1.1815
1449,2026-09-25 20:45:00,H01,Humidity,66.238,48.076,0.9916,-0.028,anomaly,1,0.9916,-0.028,18.162,18.162,0.0084,37.7777,0.9918,0.0019,16.0448,-0.0011,1.1319
1450,2026-09-25 20:50:00,H01,Humidity,67.532,47.994,0.97547,0.0186,anomaly,1,0.97547,0.0186,19.538,19.538,0.0245,40.7093,0.9891,0.0077,19.9444,-0.0161,0.9796
1451,2026-09-25 20:55:00,H01,Humidity,45.498,47.637,0.98785,0.0303,healthy,0,0.98785,0.0303,2.139,-2.139,0.0121,4.4902,0.9878,0.0071,14.524,0.0124,0.1473
1452,2026-09-25 21:00:00,H01,Humidity,46.894,47.218,0.99303,0.0671,healthy,0,0.99303,0.0671,0.324,-0.324,0.007,0.6862,0.9881,0.0074,11.7188,0.0052,0.0276
1453,2026-09-25 21:05:00,H01,Humidity,75.24,47.837,0.98524,0.0397,anomaly,1,0.98524,0.0397,27.403,27.403,0.0148,57.2841,0.9866,0.007,13.5132,-0.0078,2.0277
1454,2026-09-25 21:10:00,H01,Humidity,76.843,48.129,0.99055,0.0896,anomaly,1,0.99055,0.0896,28.714,28.714,0.0094,59.6605,0.9864,0.0068,15.6236,0.0053,1.8377
1455,2026-09-25 21:15:00,H01,Humidity,48.092,48.363,0.99086,0.1214,healthy,0,0.99086,0.1214,0.271,-0.271,0.0091,0.5603,0.9895,0.003,11.7702,0.0003,0.023
1456,2026-09-25 21:20:00,H01,Humidity,47.74,47.894,0.99131,0.1259,healthy,0,0.99131,0.1259,0.154,-0.154,0.0087,0.3215,0.9902,0.0029,11.3732,0.0005,0.0135
1457,2026-09-25 21:25:00,H01,Humidity,47.393,47.421,0.99034,0.0482,healthy,0,0.99034,0.0482,0.028,-0.028,0.0097,0.059,0.9897,0.0025,11.314,-0.001,0.0025
1458,2026-09-25 21:30:00,H01,Humidity,77.764,48.839,0.99378,0.0206,anomaly,1,0.99378,0.0206,28.925,28.925,0.0062,59.2252,0.9914,0.0014,11.6184,0.0034,2.4894
1459,2026-09-25 21:35:00,H01,Humidity,49.079,47.912,0.99425,-0.1767,healthy,0,0.99425,-0.1767,1.167,1.167,0.0058,2.4357,0.9921,0.0018,6.109,0.0005,0.191
1460,2026-09-25 21:40:00,H01,Humidity,50.01,48.452,0.98848,0.0013,healthy,0,0.98848,0.0013,1.558,1.558,0.0115,3.2156,0.9916,0.0024,6.3664,-0.0058,0.2447
1461,2026-09-25 21:45:00,H01,Humidity,47.229,48.058,0.98605,0.1965,healthy,0,0.98605,0.1965,0.829,-0.829,0.014,1.725,0.9906,0.0035,6.5014,-0.0024,0.1275
1462,2026-09-25 21:50:00,H01,Humidity,66.532,47.846,0.98124,-0.0698,anomaly,1,0.98124,-0.0698,18.686,18.686,0.0188,39.0545,0.9888,0.0055,10.233,-0.0048,1.8259
1463,2026-09-25 21:55:00,H01,Humidity,48.436,48.286,0.9865,-0.0569,healthy,0,0.9865,-0.0569,0.15,0.15,0.0135,0.3106,0.9873,0.0047,4.478,0.0053,0.0335
1464,2026-09-25 22:00:00,H01,Humidity,50.081,48.765,0.99127,0.0658,healthy,0,0.99127,0.0658,1.316,1.316,0.0087,2.6987,0.9867,0.0037,4.5078,0.0048,0.2919
1465,2026-09-25 22:05:00,H01,Humidity,50.691,48.798,0.9899,0.0951,healthy,0,0.9899,0.0951,1.893,1.893,0.0101,3.8793,0.987,0.0039,4.5748,-0.0014,0.4137
1466,2026-09-25 22:10:00,H01,Humidity,46.913,48.617,0.98666,-0.0652,healthy,0,0.98666,-0.0652,1.704,-1.704,0.0133,3.5049,0.9871,0.0039,4.7498,-0.0032,0.3587
1467,2026-09-25 22:15:00,H01,Humidity,49.602,48.438,0.9858,0.0378,healthy,0,0.9858,0.0378,1.164,1.164,0.0142,2.4031,0.988,0.0024,1.2454,-0.0009,0.9339
1468,2026-09-25 22:20:00,H01,Humidity,33.309,48.906,0.98636,-0.0581,anomaly,1,0.98636,-0.0581,15.597,-15.597,0.0136,31.8918,0.988,0.0024,4.3348,0.0006,3.5973
1469,2026-09-25 22:25:00,H01,Humidity,33.239,49.279,0.98821,-0.1316,anomaly,1,0.98821,-0.1316,16.04,-16.04,0.0118,32.5494,0.9874,0.0017,7.2796,0.0019,2.2031
1470,2026-09-25 22:30:00,H01,Humidity,48.083,48.619,0.99349,-0.0604,healthy,0,0.99349,-0.0604,0.536,-0.536,0.0065,1.1024,0.9881,0.0031,7.0082,0.0053,0.0765
1471,2026-09-25 22:35:00,H01,Humidity,50.141,48.693,0.98925,0.0577,healthy,0,0.98925,0.0577,1.448,1.448,0.0108,2.9737,0.9886,0.0031,6.957,-0.0042,0.2081
1472,2026-09-25 22:40:00,H01,Humidity,49.699,49.429,0.98921,-0.0521,healthy,0,0.98921,-0.0521,0.27,0.27,0.0108,0.5462,0.9893,0.0026,6.7782,-0.0,0.0398
1473,2026-09-25 22:45:00,H01,Humidity,48.971,49.728,0.98973,0.0381,healthy,0,0.98973,0.0381,0.757,-0.757,0.0103,1.5223,0.99,0.002,3.8102,0.0005,0.1986
1474,2026-09-25 22:50:00,H01,Humidity,49.065,49.569,0.9905,0.0746,healthy,0,0.9905,0.0746,0.504,-0.504,0.0095,1.0168,0.9904,0.0018,0.703,0.0008,0.7159
1475,2026-09-25 22:55:00,H01,Humidity,67.75,49.602,0.99461,-0.142,anomaly,1,0.99461,-0.142,18.148,18.148,0.0054,36.5872,0.9907,0.0023,4.2254,0.0041,4.294
1476,2026-09-25 23:00:00,H01,Humidity,50.117,50.391,0.99291,0.0175,healthy,0,0.99291,0.0175,0.274,-0.274,0.0071,0.5437,0.9914,0.0023,3.9906,-0.0017,0.0686
1477,2026-09-25 23:05:00,H01,Humidity,67.59,49.643,0.98977,-0.067,anomaly,1,0.98977,-0.067,17.947,17.947,0.0102,36.1521,0.9915,0.0022,7.526,-0.0031,2.3843
1478,2026-09-25 23:10:00,H01,Humidity,66.609,50.08,0.98625,-0.0568,anomaly,1,0.98625,-0.0568,16.529,16.529,0.0138,33.0052,0.9908,0.0032,10.6804,-0.0035,1.5475
1479,2026-09-25 23:15:00,H01,Humidity,68.317,49.697,0.9908,-0.0694,anomaly,1,0.9908,-0.0694,18.62,18.62,0.0092,37.4671,0.9909,0.0032,14.3036,0.0046,1.3017
1480,2026-09-25 23:20:00,H01,Humidity,48.459,50.527,0.9899,-0.0137,warning,0,0.9899,-0.0137,2.068,-2.068,0.0101,4.0929,0.9899,0.0024,11.0876,-0.0009,0.1865
1481,2026-09-25 23:25:00,H01,Humidity,50.704,50.701,0.99138,-0.027,warning,0,0.99138,-0.027,0.003,0.003,0.0086,0.0059,0.9896,0.002,11.0334,0.0015,0.0003
1482,2026-09-25 23:30:00,H01,Humidity,47.931,50.623,0.99287,0.1616,warning,0,0.99287,0.1616,2.692,-2.692,0.0071,5.3177,0.9902,0.0025,7.9824,0.0015,0.3372
1483,2026-09-25 23:35:00,H01,Humidity,50.596,51.36,0.99435,0.0151,warning,0,0.99435,0.0151,0.764,-0.764,0.0057,1.4875,0.9919,0.0018,4.8294,0.0015,0.1582
1484,2026-09-25 23:40:00,H01,Humidity,53.184,51.884,0.99584,-0.0168,warning,0,0.99584,-0.0168,1.3,1.3,0.0042,2.5056,0.9929,0.0023,1.3654,0.0015,0.9514
1485,2026-09-25 23:45:00,H01,Humidity,53.562,51.951,0.99732,0.0233,warning,0,0.99732,0.0233,1.611,1.611,0.0027,3.101,0.9944,0.0023,1.274,0.0015,1.2635
1486,2026-09-25 23:50:00,H01,Humidity,52.328,52.051,0.99881,0.0429,warning,0,0.99881,0.0429,0.277,0.277,0.0012,0.5322,0.9958,0.0023,1.3288,0.0015,0.2083
1487,2026-09-25 23:55:00,H01,Humidity,51.352,51.968,1.00029,0.0205,warning,0,1.00029,0.0205,0.616,-0.616,0.0003,1.1853,0.9973,0.0023,0.9136,0.0015,0.6735
1488,2026-09-26 00:00:00,H01,Humidity,54.122,52.327,1.00178,0.0455,warning,0,1.00178,0.0455,1.795,1.795,0.0018,3.4304,0.9988,0.0023,1.1198,0.0015,1.6015
1489,2026-09-26 00:05:00,H01,Humidity,52.914,52.441,1.00326,-0.01,warning,0,1.00326,-0.01,0.473,0.473,0.0033,0.902,1.0003,0.0023,0.9544,0.0015,0.4951
1490,2026-09-26 00:10:00,H01,Humidity,53.971,51.855,1.00475,-0.0431,warning,0,1.00475,-0.0431,2.116,2.116,0.0048,4.0806,1.0018,0.0023,1.0554,0.0015,2.003
1491,2026-09-26 00:15:00,H01,Humidity,51.744,52.033,1.00623,-0.048,warning,0,1.00623,-0.048,0.289,-0.289,0.0062,0.5554,1.0033,0.0023,1.0578,0.0015,0.273
1492,2026-09-26 00:20:00,H01,Humidity,51.13,52.579,1.00772,0.0615,warning,0,1.00772,0.0615,1.449,-1.449,0.0077,2.7559,1.0047,0.0023,1.2244,0.0015,1.1825
1493,2026-09-26 00:25:00,H01,Humidity,55.277,53.052,1.0092,-0.0451,warning,0,1.0092,-0.0451,2.225,2.225,0.0092,4.194,1.0062,0.0023,1.3104,0.0015,1.6967
1494,2026-09-26 00:30:00,H01,Humidity,54.095,53.003,1.01069,0.14,warning,0,1.01069,0.14,1.092,1.092,0.0107,2.0603,1.0077,0.0023,1.4342,0.0015,0.7609
1495,2026-09-26 00:35:00,H01,Humidity,53.348,53.28,1.01217,-0.0094,warning,0,1.01217,-0.0094,0.068,0.068,0.0122,0.1276,1.0092,0.0023,1.0246,0.0015,0.0663
1496,2026-09-26 00:40:00,H01,Humidity,55.461,53.267,1.01366,-0.057,warning,0,1.01366,-0.057,2.194,2.194,0.0137,4.1189,1.0107,0.0023,1.4056,0.0015,1.5598
1497,2026-09-26 00:45:00,H01,Humidity,56.814,53.655,1.01514,0.0037,warning,0,1.01514,0.0037,3.159,3.159,0.0151,5.8876,1.0122,0.0023,1.7476,0.0015,1.8066
1498,2026-09-26 00:50:00,H01,Humidity,55.26,53.451,1.01663,0.0297,warning,0,1.01663,0.0297,1.809,1.809,0.0166,3.3844,1.0137,0.0023,1.6644,0.0015,1.0862
1499,2026-09-26 00:55:00,H01,Humidity,52.516,54.116,1.01811,-0.0568,warning,0,1.01811,-0.0568,1.6,-1.6,0.0181,2.9566,1.0151,0.0023,1.766,0.0015,0.9055
1500,2026-09-26 01:00:00,H01,Humidity,55.974,54.239,1.0196,0.0398,warning,0,1.0196,0.0398,1.735,1.735,0.0196,3.1988,1.0166,0.0023,2.0994,0.0015,0.826
1501,2026-09-26 01:05:00,H01,Humidity,57.294,54.77,1.02108,0.0614,warning,0,1.02108,0.0614,2.524,2.524,0.0211,4.6084,1.0181,0.0023,2.1654,0.0015,1.1651
1502,2026-09-26 01:10:00,H01,Humidity,53.136,53.89,1.02257,0.1764,warning,0,1.02257,0.1764,0.754,-0.754,0.0226,1.3991,1.0196,0.0023,1.6844,0.0015,0.4474
1503,2026-09-26 01:15:00,H01,Humidity,54.916,54.518,1.02405,0.0657,warning,0,1.02405,0.0657,0.398,0.398,0.024,0.73,1.0211,0.0023,1.4022,0.0015,0.2836
1504,2026-09-26 01:20:00,H01,Humidity,55.735,54.271,1.02554,-0.0692,warning,0,1.02554,-0.0692,1.464,1.464,0.0255,2.6976,1.0226,0.0023,1.375,0.0015,1.064
1505,2026-09-26 01:25:00,H01,Humidity,55.76,55.153,1.02702,0.0578,warning,0,1.02702,0.0578,0.607,0.607,0.027,1.1006,1.0241,0.0023,1.1494,0.0015,0.5276
1506,2026-09-26 01:30:00,H01,Humidity,56.873,54.969,1.02851,-0.0331,warning,0,1.02851,-0.0331,1.904,1.904,0.0285,3.4638,1.0255,0.0023,1.0254,0.0015,1.855
1507,2026-09-26 01:35:00,H01,Humidity,56.266,54.551,1.02999,0.0312,warning,0,1.02999,0.0312,1.715,1.715,0.03,3.1438,1.027,0.0023,1.2176,0.0015,1.4074
1508,2026-09-26 01:40:00,H01,Humidity,55.526,55.084,1.03148,-0.0539,warning,0,1.03148,-0.0539,0.442,0.442,0.0315,0.8024,1.0285,0.0023,1.2264,0.0015,0.3601
1509,2026-09-26 01:45:00,H01,Humidity,55.073,55.72,1.03296,0.2007,warning,0,1.03296,0.2007,0.647,-0.647,0.033,1.1612,1.03,0.0023,1.063,0.0015,0.6081
1510,2026-09-26 01:50:00,H01,Humidity,58.599,55.907,1.03445,0.0572,warning,0,1.03445,0.0572,2.692,2.692,0.0345,4.8151,1.0315,0.0023,1.48,0.0015,1.8177
1511,2026-09-26 01:55:00,H01,Humidity,56.44,55.601,1.03593,0.0749,warning,0,1.03593,0.0749,0.839,0.839,0.0359,1.509,1.033,0.0023,1.267,0.0015,0.6617
1512,2026-09-26 02:00:00,H01,Humidity,60.123,56.333,1.03742,0.0494,warning,0,1.03742,0.0494,3.79,3.79,0.0374,6.7279,1.0344,0.0023,1.682,0.0015,2.2519
1513,2026-09-26 02:05:00,H01,Humidity,59.9,56.111,1.0389,0.0133,warning,0,1.0389,0.0133,3.789,3.789,0.0389,6.7527,1.0359,0.0023,2.3514,0.0015,1.6107
1514,2026-09-26 02:10:00,H01,Humidity,58.274,55.325,1.04038,-0.063,warning,0,1.04038,-0.063,2.949,2.949,0.0404,5.3303,1.0374,0.0023,2.8118,0.0015,1.0484
1515,2026-09-26 02:15:00,H01,Humidity,56.104,55.677,1.04187,0.0086,warning,0,1.04187,0.0086,0.427,0.427,0.0419,0.7669,1.0389,0.0023,2.3588,0.0015,0.1809
1516,2026-09-26 02:20:00,H01,Humidity,57.564,55.499,1.04335,-0.1272,warning,0,1.04335,-0.1272,2.065,2.065,0.0434,3.7208,1.0404,0.0023,2.604,0.0015,0.7927
1517,2026-09-26 02:25:00,H01,Humidity,57.978,55.656,1.04484,-0.0625,warning,0,1.04484,-0.0625,2.322,2.322,0.0448,4.1721,1.0419,0.0023,2.3104,0.0015,1.0046
1518,2026-09-26 02:30:00,H01,Humidity,57.888,55.971,1.04632,0.0223,warning,0,1.04632,0.0223,1.917,1.917,0.0463,3.425,1.0434,0.0023,1.936,0.0015,0.9897
1519,2026-09-26 02:35:00,H01,Humidity,58.538,56.312,1.04781,0.0469,warning,0,1.04781,0.0469,2.226,2.226,0.0478,3.953,1.0448,0.0023,1.7914,0.0015,1.2419
1520,2026-09-26 02:40:00,H01,Humidity,59.871,56.67,1.04929,0.1335,warning,0,1.04929,0.1335,3.201,3.201,0.0493,5.6485,1.0463,0.0023,2.3462,0.0015,1.3638
1521,2026-09-26 02:45:00,H01,Humidity,59.291,56.05,1.05078,-0.0585,warning,0,1.05078,-0.0585,3.241,3.241,0.0508,5.7823,1.0478,0.0023,2.5814,0.0015,1.255
1522,2026-09-26 02:50:00,H01,Humidity,59.714,56.5,1.05226,0.0052,warning,0,1.05226,0.0052,3.214,3.214,0.0523,5.6885,1.0493,0.0023,2.7598,0.0015,1.1642
1523,2026-09-26 02:55:00,H01,Humidity,58.452,55.939,1.05375,0.1095,warning,0,1.05375,0.1095,2.513,2.513,0.0537,4.4924,1.0508,0.0023,2.879,0.0015,0.8726
1524,2026-09-26 03:00:00,H01,Humidity,58.897,55.894,1.05523,-0.0379,warning,0,1.05523,-0.0379,3.003,3.003,0.0552,5.3727,1.0523,0.0023,3.0344,0.0015,0.9893
1525,2026-09-26 03:05:00,H01,Humidity,58.845,55.673,1.05672,0.0053,warning,0,1.05672,0.0053,3.172,3.172,0.0567,5.6976,1.0537,0.0023,3.0286,0.0015,1.047
1526,2026-09-26 03:10:00,H01,Humidity,57.696,56.015,1.0582,0.0088,warning,0,1.0582,0.0088,1.681,1.681,0.0582,3.001,1.0552,0.0023,2.7166,0.0015,0.6186
1527,2026-09-26 03:15:00,H01,Humidity,59.47,56.644,1.05969,0.0139,warning,0,1.05969,0.0139,2.826,2.826,0.0597,4.9891,1.0567,0.0023,2.639,0.0015,1.0705
1528,2026-09-26 03:20:00,H01,Humidity,57.786,55.246,1.06117,0.0215,warning,0,1.06117,0.0215,2.54,2.54,0.0612,4.5976,1.0582,0.0023,2.6444,0.0015,0.9602
1529,2026-09-26 03:25:00,H01,Humidity,59.018,56.446,1.06266,-0.1128,warning,0,1.06266,-0.1128,2.572,2.572,0.0627,4.5566,1.0597,0.0023,2.5582,0.0015,1.005
1530,2026-09-26 03:30:00,H01,Humidity,58.817,55.708,1.06414,0.0163,warning,0,1.06414,0.0163,3.109,3.109,0.0641,5.5809,1.0612,0.0023,2.5456,0.0015,1.2208
1531,2026-09-26 03:35:00,H01,Humidity,59.377,55.867,1.06563,0.095,warning,0,1.06563,0.095,3.51,3.51,0.0656,6.2828,1.0627,0.0023,2.9114,0.0015,1.2052
1532,2026-09-26 03:40:00,H01,Humidity,59.983,55.325,1.06711,-0.0115,warning,0,1.06711,-0.0115,4.658,4.658,0.0671,8.4193,1.0641,0.0023,3.2778,0.0015,1.4206
1533,2026-09-26 03:45:00,H01,Humidity,58.2,54.927,1.0686,0.1,warning,0,1.0686,0.1,3.273,3.273,0.0686,5.9588,1.0656,0.0023,3.4244,0.0015,0.9555
1534,2026-09-26 03:50:00,H01,Humidity,58.511,55.273,1.07008,0.0821,warning,0,1.07008,0.0821,3.238,3.238,0.0701,5.8582,1.0671,0.0023,3.5576,0.0015,0.9099
1535,2026-09-26 03:55:00,H01,Humidity,60.004,56.165,1.07157,-0.135,warning,0,1.07157,-0.135,3.839,3.839,0.0716,6.8352,1.0686,0.0023,3.7036,0.0015,1.0363
1536,2026-09-26 04:00:00,H01,Humidity,59.323,55.702,1.07305,-0.0331,warning,0,1.07305,-0.0331,3.621,3.621,0.0731,6.5007,1.0701,0.0023,3.7258,0.0015,0.9716
1537,2026-09-26 04:05:00,H01,Humidity,59.559,56.874,1.07454,0.0067,warning,0,1.07454,0.0067,2.685,2.685,0.0745,4.721,1.0716,0.0023,3.3312,0.0015,0.8058
1538,2026-09-26 04:10:00,H01,Humidity,60.341,55.364,1.07602,0.0587,warning,0,1.07602,0.0587,4.977,4.977,0.076,8.9896,1.0731,0.0023,3.672,0.0015,1.355
1539,2026-09-26 04:15:00,H01,Humidity,58.193,55.504,1.07751,0.0499,warning,0,1.07751,0.0499,2.689,2.689,0.0775,4.8447,1.0745,0.0023,3.5622,0.0015,0.7547
1540,2026-09-26 04:20:00,H01,Humidity,66.679,55.59,1.20768,-0.0671,unhealthy,0,1.20768,-0.0671,11.089,11.089,0.2077,19.9478,1.1018,0.0592,5.0122,0.1302,2.212
1541,2026-09-26 04:25:00,H01,Humidity,71.082,55.148,1.20933,-0.0262,unhealthy,0,1.20933,-0.0262,15.934,15.934,0.2093,28.8932,1.129,0.0726,7.4748,0.0016,2.1314
1542,2026-09-26 04:30:00,H01,Humidity,66.023,54.898,1.21098,-0.09,unhealthy,0,1.21098,-0.09,11.125,11.125,0.211,20.2649,1.1563,0.0726,9.1628,0.0016,1.214
1543,2026-09-26 04:35:00,H01,Humidity,74.766,54.66,1.21263,0.0722,unhealthy,0,1.21263,0.0722,20.106,20.106,0.2126,36.7838,1.1836,0.0593,12.1886,0.0017,1.6494
1544,2026-09-26 04:40:00,H01,Humidity,67.695,53.869,1.21428,-0.0282,unhealthy,0,1.21428,-0.0282,13.826,13.826,0.2143,25.666,1.211,0.0026,14.416,0.0016,0.959
1545,2026-09-26 04:45:00,H01,Humidity,69.46,54.491,1.21593,0.0152,unhealthy,0,1.21593,0.0152,14.969,14.969,0.2159,27.4706,1.2126,0.0026,15.192,0.0016,0.9853
1546,2026-09-26 04:50:00,H01,Humidity,68.693,54.294,1.21758,-0.012,unhealthy,0,1.21758,-0.012,14.399,14.399,0.2176,26.5204,1.2143,0.0026,14.885,0.0017,0.9673
1547,2026-09-26 04:55:00,H01,Humidity,69.028,54.367,1.21923,0.0333,unhealthy,0,1.21923,0.0333,14.661,14.661,0.2192,26.9667,1.2159,0.0026,15.5922,0.0016,0.9402
1548,2026-09-26 05:00:00,H01,Humidity,66.561,54.093,1.22088,0.0967,unhealthy,0,1.22088,0.0967,12.468,12.468,0.2209,23.0492,1.2176,0.0026,14.0646,0.0016,0.8864
1549,2026-09-26 05:05:00,H01,Humidity,67.692,53.804,1.22253,-0.0371,unhealthy,0,1.22253,-0.0371,13.888,13.888,0.2225,25.8122,1.2192,0.0026,14.077,0.0016,0.9865
1550,2026-09-26 05:10:00,H01,Humidity,71.614,53.905,1.22418,0.022,unhealthy,0,1.22418,0.022,17.709,17.709,0.2242,32.8522,1.2209,0.0026,14.625,0.0017,1.2108
1551,2026-09-26 05:15:00,H01,Humidity,66.138,53.317,1.22583,-0.0389,unhealthy,0,1.22583,-0.0389,12.821,12.821,0.2258,24.0467,1.2225,0.0026,14.3094,0.0016,0.8959
1552,2026-09-26 05:20:00,H01,Humidity,69.016,52.738,1.22748,-0.0852,unhealthy,0,1.22748,-0.0852,16.278,16.278,0.2275,30.8658,1.2242,0.0026,14.6328,0.0016,1.1124
1553,2026-09-26 05:25:00,H01,Humidity,66.792,53.543,1.22913,0.0327,unhealthy,0,1.22913,0.0327,13.249,13.249,0.2291,24.7446,1.2258,0.0026,14.789,0.0017,0.8958
1554,2026-09-26 05:30:00,H01,Humidity,69.681,53.282,1.23078,0.0388,unhealthy,0,1.23078,0.0388,16.399,16.399,0.2308,30.7777,1.2275,0.0026,15.2912,0.0016,1.0724
1555,2026-09-26 05:35:00,H01,Humidity,62.775,53.14,1.23243,0.0188,unhealthy,0,1.23243,0.0188,9.635,9.635,0.2324,18.1314,1.2291,0.0026,13.6764,0.0016,0.7044
1556,2026-09-26 05:40:00,H01,Humidity,69.329,53.109,1.23408,-0.1109,unhealthy,0,1.23408,-0.1109,16.22,16.22,0.2341,30.541,1.2308,0.0026,14.3562,0.0017,1.1297
1557,2026-09-26 05:45:00,H01,Humidity,65.227,52.189,1.23573,0.0926,unhealthy,0,1.23573,0.0926,13.038,13.038,0.2357,24.9823,1.2324,0.0026,13.7082,0.0016,0.951
1558,2026-09-26 05:50:00,H01,Humidity,71.236,52.671,1.23738,0.1854,unhealthy,0,1.23738,0.1854,18.565,18.565,0.2374,35.2471,1.2341,0.0026,14.7714,0.0016,1.2567
1559,2026-09-26 05:55:00,H01,Humidity,68.926,51.816,1.23902,0.0793,unhealthy,0,1.23902,0.0793,17.11,17.11,0.239,33.0207,1.2357,0.0026,14.9136,0.0016,1.1472
1560,2026-09-26 06:00:00,H01,Humidity,66.505,52.554,1.24067,0.1722,unhealthy,0,1.24067,0.1722,13.951,13.951,0.2407,26.546,1.2374,0.0026,15.7768,0.0016,0.8842
1561,2026-09-26 06:05:00,H01,Humidity,68.665,52.314,1.24232,0.0145,unhealthy,0,1.24232,0.0145,16.351,16.351,0.2423,31.2555,1.239,0.0026,15.803,0.0017,1.0346
1562,2026-09-26 06:10:00,H01,Humidity,68.277,52.178,1.24397,-0.0831,unhealthy,0,1.24397,-0.0831,16.099,16.099,0.244,30.854,1.2407,0.0026,16.4152,0.0016,0.9807
1563,2026-09-26 06:15:00,H01,Humidity,67.042,51.272,1.24562,0.07,unhealthy,0,1.24562,0.07,15.77,15.77,0.2456,30.7575,1.2423,0.0026,15.8562,0.0016,0.9945
1564,2026-09-26 06:20:00,H01,Humidity,69.08,51.337,1.24727,0.1203,unhealthy,0,1.24727,0.1203,17.743,17.743,0.2473,34.5618,1.244,0.0026,15.9828,0.0017,1.1101
1565,2026-09-26 06:25:00,H01,Humidity,66.022,50.64,1.24892,0.0239,unhealthy,0,1.24892,0.0239,15.382,15.382,0.2489,30.3752,1.2456,0.0026,16.269,0.0016,0.9454
1566,2026-09-26 06:30:00,H01,Humidity,64.016,50.932,1.25057,-0.032,unhealthy,0,1.25057,-0.032,13.084,13.084,0.2506,25.6892,1.2473,0.0026,15.6156,0.0016,0.8378
1567,2026-09-26 06:35:00,H01,Humidity,66.853,50.422,1.25222,0.0117,unhealthy,0,1.25222,0.0117,16.431,16.431,0.2522,32.587,1.2489,0.0026,15.682,0.0017,1.0477
1568,2026-09-26 06:40:00,H01,Humidity,62.596,51.261,1.25387,-0.009,unhealthy,0,1.25387,-0.009,11.335,11.335,0.2539,22.1123,1.2506,0.0026,14.795,0.0016,0.7661
1569,2026-09-26 06:45:00,H01,Humidity,66.755,49.751,1.25552,0.1765,unhealthy,0,1.25552,0.1765,17.004,17.004,0.2555,34.1782,1.2522,0.0026,14.6472,0.0016,1.1608
1570,2026-09-26 06:50:00,H01,Humidity,65.763,49.971,1.25717,-0.0671,unhealthy,0,1.25717,-0.0671,15.792,15.792,0.2572,31.6023,1.2539,0.0026,14.7292,0.0016,1.0721
1571,2026-09-26 06:55:00,H01,Humidity,67.982,50.184,1.25882,-0.1269,unhealthy,0,1.25882,-0.1269,17.798,17.798,0.2588,35.4655,1.2555,0.0026,15.672,0.0017,1.1356
1572,2026-09-26 07:00:00,H01,Humidity,68.142,50.09,1.26047,0.0326,unhealthy,0,1.26047,0.0326,18.052,18.052,0.2605,36.0391,1.2572,0.0026,15.9962,0.0016,1.1284
1573,2026-09-26 07:05:00,H01,Humidity,63.499,49.618,1.26212,-0.1312,unhealthy,0,1.26212,-0.1312,13.881,13.881,0.2621,27.9757,1.2588,0.0026,16.5054,0.0016,0.8409
1574,2026-09-26 07:10:00,H01,Humidity,66.08,49.819,1.26377,-0.0409,unhealthy,0,1.26377,-0.0409,16.261,16.261,0.2638,32.6402,1.2605,0.0026,16.3568,0.0017,0.9941
1575,2026-09-26 07:15:00,H01,Humidity,69.327,49.615,1.26542,0.0606,unhealthy,0,1.26542,0.0606,19.712,19.712,0.2654,39.7299,1.2621,0.0026,17.1408,0.0016,1.1499
1576,2026-09-26 07:20:00,H01,Humidity,65.325,49.627,1.26707,0.0356,unhealthy,0,1.26707,0.0356,15.698,15.698,0.2671,31.632,1.2638,0.0026,16.7208,0.0016,0.9388
1577,2026-09-26 07:25:00,H01,Humidity,62.438,49.012,1.26872,0.0291,unhealthy,0,1.26872,0.0291,13.426,13.426,0.2687,27.3933,1.2654,0.0026,15.7956,0.0017,0.8499
1578,2026-09-26 07:30:00,H01,Humidity,65.394,49.68,1.27037,-0.0902,unhealthy,0,1.27037,-0.0902,15.714,15.714,0.2704,31.6304,1.2671,0.0026,16.1622,0.0016,0.9722
1579,2026-09-26 07:35:00,H01,Humidity,68.124,48.836,1.27202,-0.0081,unhealthy,0,1.27202,-0.0081,19.288,19.288,0.272,39.4955,1.2687,0.0026,16.7676,0.0016,1.1502
1580,2026-09-26 07:40:00,H01,Humidity,66.444,48.117,1.27367,0.0822,unhealthy,0,1.27367,0.0822,18.327,18.327,0.2737,38.0884,1.2704,0.0026,16.4906,0.0017,1.1113
1581,2026-09-26 07:45:00,H01,Humidity,66.729,49.508,1.27532,-0.0845,unhealthy,0,1.27532,-0.0845,17.221,17.221,0.2753,34.7843,1.272,0.0026,16.7952,0.0016,1.0253
1582,2026-09-26 07:50:00,H01,Humidity,68.206,48.051,1.27697,0.0332,unhealthy,0,1.27697,0.0332,20.155,20.155,0.277,41.945,1.2737,0.0026,18.141,0.0016,1.111
1583,2026-09-26 07:55:00,H01,Humidity,67.169,48.799,1.27862,0.0363,unhealthy,0,1.27862,0.0363,18.37,18.37,0.2786,37.6442,1.2753,0.0026,18.6722,0.0017,0.9838
1584,2026-09-26 08:00:00,H01,Humidity,66.78,48.931,1.28027,0.1239,unhealthy,0,1.28027,0.1239,17.849,17.849,0.2803,36.4779,1.277,0.0026,18.3844,0.0016,0.9708
1585,2026-09-26 08:05:00,H01,Humidity,69.088,48.24,1.28192,0.0752,unhealthy,0,1.28192,0.0752,20.848,20.848,0.2819,43.2172,1.2786,0.0026,18.8886,0.0016,1.1037
1586,2026-09-26 08:10:00,H01,Humidity,65.492,47.936,1.28357,0.0454,unhealthy,0,1.28357,0.0454,17.556,17.556,0.2836,36.6238,1.2803,0.0026,18.9556,0.0017,0.9261
1587,2026-09-26 08:15:00,H01,Humidity,60.989,47.703,1.28522,0.096,unhealthy,0,1.28522,0.096,13.286,13.286,0.2852,27.8515,1.2819,0.0026,17.5818,0.0016,0.7556
1588,2026-09-26 08:20:00,H01,Humidity,61.683,47.829,1.28687,0.0351,unhealthy,0,1.28687,0.0351,13.854,13.854,0.2869,28.9657,1.2836,0.0026,16.6786,0.0016,0.8306
1589,2026-09-26 08:25:00,H01,Humidity,65.554,47.766,1.28852,0.0057,unhealthy,0,1.28852,0.0057,17.788,17.788,0.2885,37.2399,1.2852,0.0026,16.6664,0.0017,1.0672
1590,2026-09-26 08:30:00,H01,Humidity,65.984,47.823,1.29017,-0.029,unhealthy,0,1.29017,-0.029,18.161,18.161,0.2902,37.9755,1.2869,0.0026,16.129,0.0016,1.1259
1591,2026-09-26 08:35:00,H01,Humidity,65.862,48.465,1.29182,0.1864,unhealthy,0,1.29182,0.1864,17.397,17.397,0.2918,35.896,1.2885,0.0026,16.0972,0.0016,1.0807
1592,2026-09-26 08:40:00,H01,Humidity,65.163,47.72,1.29347,0.051,unhealthy,0,1.29347,0.051,17.443,17.443,0.2935,36.5528,1.2902,0.0026,16.9286,0.0016,1.0303
1593,2026-09-26 08:45:00,H01,Humidity,61.557,47.868,1.29512,-0.0762,unhealthy,0,1.29512,-0.0762,13.689,13.689,0.2951,28.5974,1.2918,0.0026,16.8956,0.0017,0.8102
1594,2026-09-26 08:50:00,H01,Humidity,62.09,47.829,1.29677,0.0502,unhealthy,0,1.29677,0.0502,14.261,14.261,0.2968,29.8166,1.2935,0.0026,16.1902,0.0016,0.8808
1595,2026-09-26 08:55:00,H01,Humidity,67.707,47.896,1.29842,0.0215,unhealthy,0,1.29842,0.0215,19.811,19.811,0.2984,41.3625,1.2951,0.0026,16.5202,0.0016,1.1991
1596,2026-09-26 09:00:00,H01,Humidity,61.313,47.383,1.30007,0.0429,unhealthy,0,1.30007,0.0429,13.93,13.93,0.3001,29.3987,1.2968,0.0026,15.8268,0.0017,0.8801
1597,2026-09-26 09:05:00,H01,Humidity,67.026,47.585,1.30172,0.0286,unhealthy,0,1.30172,0.0286,19.441,19.441,0.3017,40.8553,1.2984,0.0026,16.2264,0.0016,1.198
1598,2026-09-26 09:10:00,H01,Humidity,58.886,47.216,1.30337,0.053,unhealthy,0,1.30337,0.053,11.67,11.67,0.3034,24.7162,1.3001,0.0026,15.8226,0.0016,0.7375
1599,2026-09-26 09:15:00,H01,Humidity,58.558,48.16,1.30502,-0.0367,unhealthy,0,1.30502,-0.0367,10.398,10.398,0.305,21.5905,1.3017,0.0026,15.05,0.0017,0.6909
1600,2026-09-25 00:00:00,H02,Humidity,48.952,49.263,0.98452,0.3156,healthy,0,0.98452,0.3156,0.311,-0.311,0.0155,0.6313,0.9845,0.0,0.311,0.0,0.9968
1601,2026-09-25 00:05:00,H02,Humidity,51.137,50.782,0.98157,0.3228,healthy,0,0.98157,0.3228,0.355,0.355,0.0184,0.6991,0.983,0.0021,0.333,-0.0029,1.0629
1602,2026-09-25 00:10:00,H02,Humidity,49.274,50.179,0.98462,0.3434,healthy,0,0.98462,0.3434,0.905,-0.905,0.0154,1.8035,0.9836,0.0017,0.5237,0.003,1.7249
1603,2026-09-25 00:15:00,H02,Humidity,49.12,50.514,0.98239,0.3365,healthy,0,0.98239,0.3365,1.394,-1.394,0.0176,2.7596,0.9833,0.0015,0.7413,-0.0022,1.8781
1604,2026-09-25 00:20:00,H02,Humidity,51.048,50.931,0.98068,0.4777,healthy,0,0.98068,0.4777,0.117,0.117,0.0193,0.2297,0.9828,0.0018,0.6164,-0.0017,0.1895
1605,2026-09-25 00:25:00,H02,Humidity,52.429,52.081,0.98088,0.3379,healthy,0,0.98088,0.3379,0.348,0.348,0.0191,0.6682,0.982,0.0016,0.6238,0.0002,0.557
1606,2026-09-25 00:30:00,H02,Humidity,51.044,51.817,0.98374,0.2842,healthy,0,0.98374,0.2842,0.773,-0.773,0.0163,1.4918,0.9825,0.0017,0.7074,0.0029,1.0912
1607,2026-09-25 00:35:00,H02,Humidity,51.081,51.555,0.98526,0.274,healthy,0,0.98526,0.274,0.474,-0.474,0.0147,0.9194,0.9826,0.0019,0.6212,0.0015,0.7618
1608,2026-09-25 00:40:00,H02,Humidity,52.283,52.21,0.98365,0.4141,healthy,0,0.98365,0.4141,0.073,0.073,0.0163,0.1398,0.9828,0.002,0.357,-0.0016,0.2039
1609,2026-09-25 00:45:00,H02,Humidity,52.263,51.567,0.98092,0.4655,healthy,0,0.98092,0.4655,0.696,0.696,0.0191,1.3497,0.9829,0.0019,0.4728,-0.0027,1.469
1610,2026-09-25 00:50:00,H02,Humidity,51.655,51.607,0.98404,0.4819,healthy,0,0.98404,0.4819,0.048,0.048,0.016,0.093,0.9835,0.0016,0.4128,0.0031,0.116
1611,2026-09-25 00:55:00,H02,Humidity,54.654,52.557,0.98432,0.3015,healthy,0,0.98432,0.3015,2.097,2.097,0.0157,3.99,0.9836,0.0016,0.6776,0.0003,3.0902
1612,2026-09-25 01:00:00,H02,Humidity,53.516,53.07,0.98335,0.361,healthy,0,0.98335,0.361,0.446,0.446,0.0167,0.8404,0.9833,0.0014,0.672,-0.001,0.6627
1613,2026-09-25 01:05:00,H02,Humidity,53.286,51.969,0.98646,0.4657,healthy,0,0.98646,0.4657,1.317,1.317,0.0135,2.5342,0.9838,0.002,0.9208,0.0031,1.4287
1614,2026-09-25 01:10:00,H02,Humidity,53.563,52.831,0.98158,0.3034,healthy,0,0.98158,0.3034,0.732,0.732,0.0184,1.3856,0.9839,0.0018,0.928,-0.0049,0.7879
1615,2026-09-25 01:15:00,H02,Humidity,52.135,52.729,0.98193,0.4133,healthy,0,0.98193,0.4133,0.594,-0.594,0.0181,1.1265,0.9835,0.002,1.0372,0.0003,0.5721
1616,2026-09-25 01:20:00,H02,Humidity,52.964,53.567,0.98226,0.2284,healthy,0,0.98226,0.2284,0.603,-0.603,0.0177,1.1257,0.9831,0.002,0.7384,0.0003,0.8155
1617,2026-09-25 01:25:00,H02,Humidity,53.928,53.818,0.98043,0.4446,healthy,0,0.98043,0.4446,0.11,0.11,0.0196,0.2044,0.9825,0.0023,0.6712,-0.0018,0.1636
1618,2026-09-25 01:30:00,H02,Humidity,52.613,53.279,0.98733,0.2485,healthy,0,0.98733,0.2485,0.666,-0.666,0.0127,1.25,0.9827,0.0027,0.541,0.0069,1.2288
1619,2026-09-25 01:35:00,H02,Humidity,53.715,53.468,0.98713,0.3622,healthy,0,0.98713,0.3622,0.247,0.247,0.0129,0.462,0.9838,0.0032,0.444,-0.0002,0.5551
1620,2026-09-25 01:40:00,H02,Humidity,54.069,53.444,0.98302,0.3395,healthy,0,0.98302,0.3395,0.625,0.625,0.017,1.1694,0.984,0.0031,0.4502,-0.0041,1.3852
1621,2026-09-25 01:45:00,H02,Humidity,54.138,54.054,0.98183,0.2628,healthy,0,0.98183,0.2628,0.084,0.084,0.0182,0.1554,0.9839,0.0031,0.3464,-0.0012,0.2418
1622,2026-09-25 01:50:00,H02,Humidity,53.355,54.44,0.98065,0.3942,healthy,0,0.98065,0.3942,1.085,-1.085,0.0193,1.993,0.984,0.0031,0.5414,-0.0012,2.0004
1623,2026-09-25 01:55:00,H02,Humidity,53.753,53.439,0.9849,0.4263,healthy,0,0.9849,0.4263,0.314,0.314,0.0151,0.5876,0.9835,0.0026,0.471,0.0042,0.6653
1624,2026-09-25 02:00:00,H02,Humidity,51.65,52.954,0.98119,0.4187,healthy,0,0.98119,0.4187,1.304,-1.304,0.0188,2.4625,0.9823,0.0017,0.6824,-0.0037,1.9081
1625,2026-09-25 02:05:00,H02,Humidity,52.413,53.924,0.98383,0.2281,healthy,0,0.98383,0.2281,1.511,-1.511,0.0162,2.8021,0.9825,0.0018,0.8596,0.0026,1.7558
1626,2026-09-25 02:10:00,H02,Humidity,54.28,53.489,0.98297,0.314,healthy,0,0.98297,0.314,0.791,0.791,0.017,1.4788,0.9827,0.0018,1.001,-0.0009,0.7894
1627,2026-09-25 02:15:00,H02,Humidity,54.586,54.287,0.98606,0.2527,healthy,0,0.98606,0.2527,0.299,0.299,0.0139,0.5508,0.9838,0.0019,0.8438,0.0031,0.3539
1628,2026-09-25 02:20:00,H02,Humidity,53.045,53.939,0.9835,0.3749,healthy,0,0.9835,0.3749,0.894,-0.894,0.0165,1.6574,0.9835,0.0018,0.9598,-0.0026,0.9305
1629,2026-09-25 02:25:00,H02,Humidity,54.937,54.282,0.98245,0.3102,healthy,0,0.98245,0.3102,0.655,0.655,0.0175,1.2067,0.9838,0.0014,0.83,-0.001,0.7882
1630,2026-09-25 02:30:00,H02,Humidity,54.252,53.938,0.98648,0.4499,healthy,0,0.98648,0.4499,0.314,0.314,0.0135,0.5821,0.9843,0.0018,0.5906,0.004,0.5308
1631,2026-09-25 02:35:00,H02,Humidity,55.925,55.725,0.98168,0.4191,healthy,0,0.98168,0.4191,0.2,0.2,0.0183,0.3589,0.984,0.0021,0.4724,-0.0048,0.4225
1632,2026-09-25 02:40:00,H02,Humidity,55.775,54.837,0.98529,0.4135,healthy,0,0.98529,0.4135,0.938,0.938,0.0147,1.7105,0.9839,0.002,0.6002,0.0036,1.5602
1633,2026-09-25 02:45:00,H02,Humidity,54.795,54.258,0.98189,0.5115,healthy,0,0.98189,0.5115,0.537,0.537,0.0181,0.9897,0.9836,0.0022,0.5288,-0.0034,1.0136
1634,2026-09-25 02:50:00,H02,Humidity,53.933,54.636,0.98079,0.4511,healthy,0,0.98079,0.4511,0.703,-0.703,0.0192,1.2867,0.9832,0.0025,0.5384,-0.0011,1.3033
1635,2026-09-25 02:55:00,H02,Humidity,54.602,54.052,0.98253,0.1479,healthy,0,0.98253,0.1479,0.55,0.55,0.0175,1.0175,0.9824,0.0017,0.5856,0.0017,0.9376
1636,2026-09-25 03:00:00,H02,Humidity,54.602,54.71,0.98159,0.3405,healthy,0,0.98159,0.3405,0.108,-0.108,0.0184,0.1974,0.9824,0.0017,0.5672,-0.0009,0.1901
1637,2026-09-25 03:05:00,H02,Humidity,54.282,54.181,0.98267,0.3417,healthy,0,0.98267,0.3417,0.101,0.101,0.0173,0.1864,0.9819,0.0008,0.3998,0.0011,0.252
1638,2026-09-25 03:10:00,H02,Humidity,55.158,54.455,0.98159,0.3892,healthy,0,0.98159,0.3892,0.703,0.703,0.0184,1.291,0.9818,0.0008,0.433,-0.0011,1.6198
1639,2026-09-25 03:15:00,H02,Humidity,53.114,54.269,0.98309,0.4108,healthy,0,0.98309,0.4108,1.155,-1.155,0.0169,2.1283,0.9823,0.0007,0.5234,0.0015,2.2025
1640,2026-09-25 03:20:00,H02,Humidity,54.764,54.918,0.98641,0.3562,healthy,0,0.98641,0.3562,0.154,-0.154,0.0136,0.2804,0.9831,0.002,0.4442,0.0033,0.3459
1641,2026-09-25 03:25:00,H02,Humidity,52.917,54.348,0.98354,0.4101,healthy,0,0.98354,0.4101,1.431,-1.431,0.0165,2.633,0.9835,0.0018,0.7088,-0.0029,2.0161
1642,2026-09-25 03:30:00,H02,Humidity,52.963,54.013,0.98331,0.351,healthy,0,0.98331,0.351,1.05,-1.05,0.0167,1.944,0.9836,0.0018,0.8986,-0.0002,1.1672
1643,2026-09-25 03:35:00,H02,Humidity,54.874,55.028,0.9807,0.3673,healthy,0,0.9807,0.3673,0.154,-0.154,0.0193,0.2799,0.9834,0.002,0.7888,-0.0026,0.195
1644,2026-09-25 03:40:00,H02,Humidity,53.39,53.811,0.98267,0.3994,healthy,0,0.98267,0.3994,0.421,-0.421,0.0173,0.7824,0.9833,0.0021,0.642,0.002,0.6547
1645,2026-09-25 03:45:00,H02,Humidity,53.321,54.081,0.9835,0.1863,healthy,0,0.9835,0.1863,0.76,-0.76,0.0165,1.4053,0.9827,0.0012,0.7632,0.0008,0.9945
1646,2026-09-25 03:50:00,H02,Humidity,55.069,54.258,0.98125,0.3154,healthy,0,0.98125,0.3154,0.811,0.811,0.0188,1.4947,0.9823,0.0013,0.6392,-0.0023,1.2668
1647,2026-09-25 03:55:00,H02,Humidity,51.808,53.799,0.98626,0.2062,healthy,0,0.98626,0.2062,1.991,-1.991,0.0137,3.7008,0.9829,0.0022,0.8274,0.005,2.4034
1648,2026-09-25 04:00:00,H02,Humidity,55.281,54.394,0.98033,0.2771,healthy,0,0.98033,0.2771,0.887,0.887,0.0197,1.6307,0.9828,0.0023,0.974,-0.0059,0.9097
1649,2026-09-25 04:05:00,H02,Humidity,54.01,53.684,0.98412,0.3092,healthy,0,0.98412,0.3092,0.326,0.326,0.0159,0.6073,0.9831,0.0024,0.955,0.0038,0.341
1650,2026-09-25 04:10:00,H02,Humidity,54.584,53.579,0.98046,0.5199,healthy,0,0.98046,0.5199,1.005,1.005,0.0195,1.8757,0.9825,0.0026,1.004,-0.0037,1.0
1651,2026-09-25 04:15:00,H02,Humidity,52.489,53.378,0.98194,0.497,healthy,0,0.98194,0.497,0.889,-0.889,0.0181,1.6655,0.9826,0.0025,1.0196,0.0015,0.8711
1652,2026-09-25 04:20:00,H02,Humidity,53.223,53.174,0.98324,0.5684,healthy,0,0.98324,0.5684,0.049,0.049,0.0168,0.0922,0.982,0.0017,0.6312,0.0013,0.0775
1653,2026-09-25 04:25:00,H02,Humidity,53.627,53.951,0.98027,0.3966,healthy,0,0.98027,0.3966,0.324,-0.324,0.0197,0.6005,0.982,0.0017,0.5186,-0.003,0.6236
1654,2026-09-25 04:30:00,H02,Humidity,53.571,54.197,0.9855,0.5692,healthy,0,0.9855,0.5692,0.626,-0.626,0.0145,1.155,0.9823,0.0022,0.5786,0.0052,1.0801
1655,2026-09-25 04:35:00,H02,Humidity,53.363,53.245,0.98305,0.305,healthy,0,0.98305,0.305,0.118,0.118,0.017,0.2216,0.9828,0.0019,0.4012,-0.0025,0.2934
1656,2026-09-25 04:40:00,H02,Humidity,52.813,53.506,0.9812,0.3008,healthy,0,0.9812,0.3008,0.693,-0.693,0.0188,1.2952,0.9827,0.002,0.362,-0.0019,1.9091
1657,2026-09-25 04:45:00,H02,Humidity,51.625,52.355,0.98401,0.3006,healthy,0,0.98401,0.3006,0.73,-0.73,0.016,1.3943,0.9828,0.0021,0.4982,0.0028,1.4623
1658,2026-09-25 04:50:00,H02,Humidity,53.785,53.055,0.98228,0.3168,healthy,0,0.98228,0.3168,0.73,0.73,0.0177,1.3759,0.9832,0.0016,0.5794,-0.0017,1.2578
1659,2026-09-25 04:55:00,H02,Humidity,51.671,52.416,0.97795,0.4841,healthy,0,0.97795,0.4841,0.745,-0.745,0.0221,1.4213,0.9817,0.0023,0.6032,-0.0043,1.233
1660,2026-09-25 05:00:00,H02,Humidity,51.95,52.196,0.98087,0.3695,healthy,0,0.98087,0.3695,0.246,-0.246,0.0191,0.4713,0.9813,0.0022,0.6288,0.0029,0.3906
1661,2026-09-25 05:05:00,H02,Humidity,51.966,52.81,0.98559,0.303,healthy,0,0.98559,0.303,0.844,-0.844,0.0144,1.5982,0.9821,0.0029,0.659,0.0047,1.2788
1662,2026-09-25 05:10:00,H02,Humidity,51.522,51.973,0.98318,0.3536,healthy,0,0.98318,0.3536,0.451,-0.451,0.0168,0.8678,0.982,0.0028,0.6032,-0.0024,0.7464
1663,2026-09-25 05:15:00,H02,Humidity,52.6,51.462,0.97788,0.2737,healthy,0,0.97788,0.2737,1.138,1.138,0.0221,2.2113,0.9811,0.0033,0.6848,-0.0053,1.6594
1664,2026-09-25 05:20:00,H02,Humidity,50.919,52.078,0.98192,0.4298,healthy,0,0.98192,0.4298,1.159,-1.159,0.0181,2.2255,0.9819,0.0028,0.7676,0.004,1.5079
1665,2026-09-25 05:25:00,H02,Humidity,51.974,51.74,0.97873,0.3952,healthy,0,0.97873,0.3952,0.234,0.234,0.0213,0.4523,0.9815,0.0032,0.7652,-0.0032,0.3054
1666,2026-09-25 05:30:00,H02,Humidity,50.585,51.673,0.98464,0.4339,healthy,0,0.98464,0.4339,1.088,-1.088,0.0154,2.1055,0.9813,0.0029,0.814,0.0059,1.335
1667,2026-09-25 05:35:00,H02,Humidity,51.809,51.907,0.98188,0.1868,healthy,0,0.98188,0.1868,0.098,-0.098,0.0181,0.1888,0.981,0.0027,0.7434,-0.0028,0.1316
1668,2026-09-25 05:40:00,H02,Humidity,50.662,51.493,0.98027,0.4841,healthy,0,0.98027,0.4841,0.831,-0.831,0.0197,1.6138,0.9815,0.0022,0.682,-0.0016,1.2167
1669,2026-09-25 05:45:00,H02,Humidity,49.917,50.811,0.98097,0.2103,healthy,0,0.98097,0.2103,0.894,-0.894,0.019,1.7595,0.9813,0.0022,0.629,0.0007,1.419
1670,2026-09-25 05:50:00,H02,Humidity,51.177,50.532,0.98204,0.094,healthy,0,0.98204,0.094,0.645,0.645,0.018,1.2764,0.982,0.0017,0.7112,0.0011,0.9056
1671,2026-09-25 05:55:00,H02,Humidity,50.731,50.994,0.98466,0.2299,healthy,0,0.98466,0.2299,0.263,-0.263,0.0153,0.5157,0.982,0.0017,0.5462,0.0026,0.4806
1672,2026-09-25 06:00:00,H02,Humidity,51.016,50.924,0.98435,0.4972,healthy,0,0.98435,0.4972,0.092,0.092,0.0157,0.1807,0.9825,0.002,0.545,-0.0003,0.1685
1673,2026-09-25 06:05:00,H02,Humidity,49.884,50.299,0.97918,0.4599,healthy,0,0.97918,0.4599,0.415,-0.415,0.0208,0.8251,0.9822,0.0023,0.4618,-0.0052,0.8967
1674,2026-09-25 06:10:00,H02,Humidity,49.433,50.163,0.98223,0.1486,healthy,0,0.98223,0.1486,0.73,-0.73,0.0178,1.4553,0.9825,0.0022,0.429,0.003,1.6977
1675,2026-09-25 06:15:00,H02,Humidity,50.882,50.177,0.9822,0.4057,healthy,0,0.9822,0.4057,0.705,0.705,0.0178,1.405,0.9825,0.0022,0.441,-0.0,1.595
1676,2026-09-25 06:20:00,H02,Humidity,50.124,49.428,0.98127,0.3514,healthy,0,0.98127,0.3514,0.696,0.696,0.0187,1.4081,0.9818,0.0019,0.5276,-0.0009,1.3167
1677,2026-09-25 06:25:00,H02,Humidity,50.18,49.52,0.97874,0.3463,healthy,0,0.97874,0.3463,0.66,0.66,0.0213,1.3328,0.9807,0.0017,0.6412,-0.0025,1.0277
1678,2026-09-25 06:30:00,H02,Humidity,49.699,50.065,0.98286,0.2304,healthy,0,0.98286,0.2304,0.366,-0.366,0.0171,0.731,0.9815,0.0016,0.6314,0.0041,0.5787
1679,2026-09-25 06:35:00,H02,Humidity,49.272,49.499,0.98403,0.4097,healthy,0,0.98403,0.4097,0.227,-0.227,0.016,0.4586,0.9818,0.002,0.5308,0.0012,0.4269
1680,2026-09-25 06:40:00,H02,Humidity,50.179,49.505,0.98102,0.3807,healthy,0,0.98102,0.3807,0.674,0.674,0.019,1.3615,0.9816,0.002,0.5246,-0.003,1.2823
1681,2026-09-25 06:45:00,H02,Humidity,48.27,49.213,0.9835,0.4158,healthy,0,0.9835,0.4158,0.943,-0.943,0.0165,1.9162,0.982,0.0022,0.574,0.0025,1.64
1682,2026-09-25 06:50:00,H02,Humidity,47.749,48.801,0.98048,0.338,healthy,0,0.98048,0.338,1.052,-1.052,0.0195,2.1557,0.9824,0.0016,0.6524,-0.003,1.61
1683,2026-09-25 06:55:00,H02,Humidity,48.804,48.79,0.97837,0.4197,healthy,0,0.97837,0.4197,0.014,0.014,0.0216,0.0287,0.9815,0.0023,0.582,-0.0021,0.024
1684,2026-09-25 07:00:00,H02,Humidity,49.95,49.336,0.98189,0.3457,healthy,0,0.98189,0.3457,0.614,0.614,0.0181,1.2445,0.9811,0.0019,0.6594,0.0035,0.9297
1685,2026-09-25 07:05:00,H02,Humidity,48.023,48.263,0.98285,0.4536,healthy,0,0.98285,0.4536,0.24,-0.24,0.0172,0.4973,0.9814,0.002,0.5726,0.001,0.4184
1686,2026-09-25 07:10:00,H02,Humidity,47.111,48.721,0.97894,0.5084,healthy,0,0.97894,0.5084,1.61,-1.61,0.0211,3.3045,0.9805,0.0019,0.706,-0.0039,2.2772
1687,2026-09-25 07:15:00,H02,Humidity,48.794,48.649,0.97857,0.5424,healthy,0,0.97857,0.5424,0.145,0.145,0.0214,0.2981,0.9801,0.0021,0.5246,-0.0004,0.2759
1688,2026-09-25 07:20:00,H02,Humidity,47.273,47.478,0.98603,0.2661,healthy,0,0.98603,0.2661,0.205,-0.205,0.014,0.4318,0.9817,0.0031,0.5628,0.0075,0.3636
1689,2026-09-25 07:25:00,H02,Humidity,48.697,48.943,0.98309,0.1818,healthy,0,0.98309,0.1818,0.246,-0.246,0.0169,0.5026,0.9819,0.0031,0.4892,-0.0029,0.5018
1690,2026-09-25 07:30:00,H02,Humidity,47.972,47.48,0.98268,0.3601,healthy,0,0.98268,0.3601,0.492,0.492,0.0173,1.0362,0.9819,0.0031,0.5396,-0.0004,0.9101
1691,2026-09-25 07:35:00,H02,Humidity,46.148,46.834,0.9812,0.3922,healthy,0,0.9812,0.3922,0.686,-0.686,0.0188,1.4647,0.9823,0.0027,0.3548,-0.0015,1.928
1692,2026-09-25 07:40:00,H02,Humidity,47.804,47.898,0.98082,0.377,healthy,0,0.98082,0.377,0.094,-0.094,0.0192,0.1963,0.9828,0.0021,0.3446,-0.0004,0.272
1693,2026-09-25 07:45:00,H02,Humidity,46.439,46.838,0.98242,0.246,healthy,0,0.98242,0.246,0.399,-0.399,0.0176,0.8519,0.982,0.001,0.3834,0.0016,1.038
1694,2026-09-25 07:50:00,H02,Humidity,47.439,47.204,0.97945,0.4202,healthy,0,0.97945,0.4202,0.235,0.235,0.0205,0.4978,0.9813,0.0013,0.3812,-0.003,0.6149
1695,2026-09-25 07:55:00,H02,Humidity,47.332,47.332,0.9823,0.2605,healthy,0,0.9823,0.2605,0.0,0.0,0.0177,0.0,0.9812,0.0012,0.2828,0.0028,0.0
1696,2026-09-25 08:00:00,H02,Humidity,47.06,47.282,0.97992,0.2641,healthy,0,0.97992,0.2641,0.222,-0.222,0.0201,0.4695,0.981,0.0014,0.19,-0.0024,1.1623
1697,2026-09-25 08:05:00,H02,Humidity,46.893,46.749,0.98227,0.3378,healthy,0,0.98227,0.3378,0.144,0.144,0.0177,0.308,0.9813,0.0015,0.2,0.0023,0.7164
1698,2026-09-25 08:10:00,H02,Humidity,46.392,47.388,0.98338,0.3692,healthy,0,0.98338,0.3692,0.996,-0.996,0.0166,2.1018,0.9815,0.0017,0.3194,0.0011,3.1086
1699,2026-09-25 08:15:00,H02,Humidity,45.572,46.443,0.98398,0.3219,healthy,0,0.98398,0.3219,0.871,-0.871,0.016,1.8754,0.9824,0.0016,0.4466,0.0006,1.9459
1700,2026-09-25 08:20:00,H02,Humidity,46.673,47.648,0.98535,0.3529,healthy,0,0.98535,0.3529,0.975,-0.975,0.0147,2.0463,0.983,0.002,0.6416,0.0014,1.5173
1701,2026-09-25 08:25:00,H02,Humidity,46.532,46.972,0.98132,0.4441,healthy,0,0.98132,0.4441,0.44,-0.44,0.0187,0.9367,0.9833,0.0016,0.6852,-0.004,0.6412
1702,2026-09-25 08:30:00,H02,Humidity,47.514,47.338,0.98126,0.5769,healthy,0,0.98126,0.5769,0.176,0.176,0.0187,0.3718,0.9831,0.0018,0.6916,-0.0001,0.2541
1703,2026-09-25 08:35:00,H02,Humidity,45.103,47.179,0.98122,0.2461,healthy,0,0.98122,0.2461,2.076,-2.076,0.0188,4.4003,0.9826,0.0019,0.9076,-0.0,2.2848
1704,2026-09-25 08:40:00,H02,Humidity,48.282,47.096,0.98244,0.2518,healthy,0,0.98244,0.2518,1.186,1.186,0.0176,2.5183,0.9823,0.0018,0.9706,0.0012,1.2207
1705,2026-09-25 08:45:00,H02,Humidity,48.137,47.015,0.98506,0.2435,healthy,0,0.98506,0.2435,1.122,1.122,0.0149,2.3865,0.9823,0.0016,1.0,0.0026,1.1209
1706,2026-09-25 08:50:00,H02,Humidity,46.804,46.648,0.98516,0.4129,healthy,0,0.98516,0.4129,0.156,0.156,0.0148,0.3344,0.983,0.002,0.9432,0.0001,0.1652
1707,2026-09-25 08:55:00,H02,Humidity,46.592,47.031,0.984,0.4615,healthy,0,0.984,0.4615,0.439,-0.439,0.016,0.9334,0.9836,0.0017,0.9958,-0.0012,0.4404
1708,2026-09-25 09:00:00,H02,Humidity,47.094,46.382,0.97883,0.3137,healthy,0,0.97883,0.3137,0.712,0.712,0.0212,1.5351,0.9831,0.0026,0.723,-0.0052,0.9834
1709,2026-09-25 09:05:00,H02,Humidity,49.393,46.718,0.98034,0.4795,healthy,0,0.98034,0.4795,2.675,2.675,0.0197,5.7258,0.9827,0.0029,1.0208,0.0015,2.6179
1710,2026-09-25 09:10:00,H02,Humidity,45.984,46.069,0.98189,0.3082,healthy,0,0.98189,0.3082,0.085,-0.085,0.0181,0.1845,0.982,0.0026,0.8134,0.0016,0.1044
1711,2026-09-25 09:15:00,H02,Humidity,46.696,46.618,0.98091,0.3392,healthy,0,0.98091,0.3392,0.078,0.078,0.0191,0.1673,0.9812,0.0019,0.7978,-0.001,0.0976
1712,2026-09-25 09:20:00,H02,Humidity,46.228,46.734,0.98523,0.3628,healthy,0,0.98523,0.3628,0.506,-0.506,0.0148,1.0827,0.9814,0.0024,0.8112,0.0043,0.623
1713,2026-09-25 09:25:00,H02,Humidity,47.306,46.869,0.9831,0.3467,healthy,0,0.9831,0.3467,0.437,0.437,0.0169,0.9324,0.9823,0.0019,0.7562,-0.0021,0.5771
1714,2026-09-25 09:30:00,H02,Humidity,46.13,46.425,0.98124,0.1932,healthy,0,0.98124,0.1932,0.295,-0.295,0.0188,0.6354,0.9825,0.0018,0.2802,-0.0019,1.0491
1715,2026-09-25 09:35:00,H02,Humidity,44.499,45.854,0.98102,0.4163,healthy,0,0.98102,0.4163,1.355,-1.355,0.019,2.955,0.9823,0.0019,0.5342,-0.0002,2.5318
1716,2026-09-25 09:40:00,H02,Humidity,46.185,46.618,0.98243,0.3426,healthy,0,0.98243,0.3426,0.433,-0.433,0.0176,0.9288,0.9826,0.0017,0.6052,0.0014,0.7143
1717,2026-09-25 09:45:00,H02,Humidity,46.531,46.914,0.98323,0.3642,healthy,0,0.98323,0.3642,0.383,-0.383,0.0168,0.8164,0.9822,0.001,0.5806,0.0008,0.6585
1718,2026-09-25 09:50:00,H02,Humidity,47.605,47.228,0.97968,0.426,healthy,0,0.97968,0.426,0.377,0.377,0.0203,0.7983,0.9815,0.0014,0.5686,-0.0036,0.6619
1719,2026-09-25 09:55:00,H02,Humidity,48.255,47.006,0.98228,0.194,healthy,0,0.98228,0.194,1.249,1.249,0.0177,2.6571,0.9817,0.0014,0.7594,0.0026,1.6426
1720,2026-09-25 10:00:00,H02,Humidity,47.549,47.379,0.98038,0.4324,healthy,0,0.98038,0.4324,0.17,0.17,0.0196,0.3588,0.9816,0.0015,0.5224,-0.0019,0.3248
1721,2026-09-25 10:05:00,H02,Humidity,48.051,46.83,0.98468,0.3253,healthy,0,0.98468,0.3253,1.221,1.221,0.0153,2.6073,0.982,0.002,0.68,0.0043,1.793
1722,2026-09-25 10:10:00,H02,Humidity,47.911,47.431,0.98421,0.4162,healthy,0,0.98421,0.4162,0.48,0.48,0.0158,1.012,0.9822,0.0022,0.6994,-0.0005,0.6853
1723,2026-09-25 10:15:00,H02,Humidity,48.216,47.392,0.98085,0.3697,healthy,0,0.98085,0.3697,0.824,0.824,0.0192,1.7387,0.9825,0.0019,0.7888,-0.0034,1.0433
1724,2026-09-25 10:20:00,H02,Humidity,47.537,47.729,0.9833,0.1755,healthy,0,0.9833,0.1755,0.192,-0.192,0.0167,0.4023,0.9827,0.002,0.5774,0.0024,0.332
1725,2026-09-25 10:25:00,H02,Humidity,45.555,47.378,0.98009,0.4454,healthy,0,0.98009,0.4454,1.823,-1.823,0.0199,3.8478,0.9826,0.002,0.908,-0.0032,2.0055
1726,2026-09-25 10:30:00,H02,Humidity,47.953,48.02,0.98496,0.3452,healthy,0,0.98496,0.3452,0.067,-0.067,0.015,0.1395,0.9827,0.0021,0.6772,0.0049,0.0988
1727,2026-09-25 10:35:00,H02,Humidity,47.38,48.206,0.98077,0.4236,healthy,0,0.98077,0.4236,0.826,-0.826,0.0192,1.7135,0.982,0.0021,0.7464,-0.0042,1.1052
1728,2026-09-25 10:40:00,H02,Humidity,45.806,47.355,0.98289,0.3617,healthy,0,0.98289,0.3617,1.549,-1.549,0.0171,3.271,0.9824,0.002,0.8914,0.0021,1.7358
1729,2026-09-25 10:45:00,H02,Humidity,50.122,48.677,0.98147,0.4101,healthy,0,0.98147,0.4101,1.445,1.445,0.0185,2.9685,0.982,0.0019,1.142,-0.0014,1.2642
1730,2026-09-25 10:50:00,H02,Humidity,49.573,48.294,0.98485,0.2864,healthy,0,0.98485,0.2864,1.279,1.279,0.0151,2.6484,0.983,0.0019,1.0332,0.0034,1.2367
1731,2026-09-25 10:55:00,H02,Humidity,48.199,47.958,0.98116,0.2332,healthy,0,0.98116,0.2332,0.241,0.241,0.0188,0.5025,0.9822,0.0017,1.068,-0.0037,0.2254
1732,2026-09-25 11:00:00,H02,Humidity,49.101,48.764,0.98383,0.2353,healthy,0,0.98383,0.2353,0.337,0.337,0.0162,0.6911,0.9828,0.0016,0.9702,0.0027,0.347
1733,2026-09-25 11:05:00,H02,Humidity,46.565,48.82,0.98353,0.2946,healthy,0,0.98353,0.2946,2.255,-2.255,0.0165,4.619,0.983,0.0016,1.1114,-0.0003,2.0271
1734,2026-09-25 11:10:00,H02,Humidity,49.025,49.111,0.98201,0.3893,healthy,0,0.98201,0.3893,0.086,-0.086,0.018,0.1751,0.9831,0.0015,0.8396,-0.0015,0.1023
1735,2026-09-25 11:15:00,H02,Humidity,50.086,49.059,0.98377,0.197,healthy,0,0.98377,0.197,1.027,1.027,0.0162,2.0934,0.9829,0.0012,0.7892,0.0018,1.2997
1736,2026-09-25 11:20:00,H02,Humidity,48.423,49.036,0.98555,0.3227,healthy,0,0.98555,0.3227,0.613,-0.613,0.0144,1.2501,0.9837,0.0013,0.8636,0.0018,0.709
1737,2026-09-25 11:25:00,H02,Humidity,49.734,49.218,0.9833,0.3394,healthy,0,0.9833,0.3394,0.516,0.516,0.0167,1.0484,0.9836,0.0013,0.8994,-0.0023,0.5731
1738,2026-09-25 11:30:00,H02,Humidity,49.602,49.28,0.98237,0.5654,healthy,0,0.98237,0.5654,0.322,0.322,0.0176,0.6534,0.9834,0.0014,0.5128,-0.0009,0.6267
1739,2026-09-25 11:35:00,H02,Humidity,50.782,49.822,0.97935,0.486,healthy,0,0.97935,0.486,0.96,0.96,0.0206,1.9269,0.9829,0.0023,0.6876,-0.003,1.3941
1740,2026-09-25 11:40:00,H02,Humidity,49.519,49.477,0.98439,0.3938,healthy,0,0.98439,0.3938,0.042,0.042,0.0156,0.0849,0.983,0.0024,0.4906,0.005,0.0854
1741,2026-09-25 11:45:00,H02,Humidity,50.74,50.554,0.98128,0.2991,healthy,0,0.98128,0.2991,0.186,0.186,0.0187,0.3679,0.9821,0.0019,0.4052,-0.0031,0.4579
1742,2026-09-25 11:50:00,H02,Humidity,49.621,50.386,0.98423,0.3505,healthy,0,0.98423,0.3505,0.765,-0.765,0.0158,1.5183,0.9823,0.0021,0.455,0.003,1.6776
1743,2026-09-25 11:55:00,H02,Humidity,52.163,51.462,0.98013,0.3691,healthy,0,0.98013,0.3691,0.701,0.701,0.0199,1.3622,0.9819,0.0023,0.5308,-0.0041,1.3182
1744,2026-09-25 12:00:00,H02,Humidity,50.487,51.018,0.98117,0.1954,healthy,0,0.98117,0.1954,0.531,-0.531,0.0188,1.0408,0.9822,0.0019,0.445,0.001,1.1906
1745,2026-09-25 12:05:00,H02,Humidity,51.704,51.064,0.98357,0.4244,healthy,0,0.98357,0.4244,0.64,0.64,0.0164,1.2533,0.9821,0.0017,0.5646,0.0024,1.1315
1746,2026-09-25 12:10:00,H02,Humidity,51.789,51.455,0.98075,0.2563,healthy,0,0.98075,0.2563,0.334,0.334,0.0192,0.6491,0.982,0.0018,0.5942,-0.0028,0.5612
1747,2026-09-25 12:15:00,H02,Humidity,50.781,50.555,0.97978,0.4743,healthy,0,0.97978,0.4743,0.226,0.226,0.0202,0.447,0.9811,0.0015,0.4864,-0.001,0.4637
1748,2026-09-25 12:20:00,H02,Humidity,52.31,51.214,0.9824,0.3545,healthy,0,0.9824,0.3545,1.096,1.096,0.0176,2.14,0.9815,0.0015,0.5654,0.0026,1.935
1749,2026-09-25 12:25:00,H02,Humidity,50.953,50.693,0.97919,0.2798,healthy,0,0.97919,0.2798,0.26,0.26,0.0208,0.5129,0.9811,0.0018,0.5112,-0.0032,0.5076
1750,2026-09-25 12:30:00,H02,Humidity,52.286,52.358,0.98404,0.4174,healthy,0,0.98404,0.4174,0.072,-0.072,0.016,0.1375,0.9812,0.002,0.3976,0.0049,0.1806
1751,2026-09-25 12:35:00,H02,Humidity,50.899,51.115,0.98333,0.5464,healthy,0,0.98333,0.5464,0.216,-0.216,0.0167,0.4226,0.9817,0.0022,0.374,-0.0007,0.576
1752,2026-09-25 12:40:00,H02,Humidity,51.73,51.629,0.98183,0.4181,healthy,0,0.98183,0.4181,0.101,0.101,0.0182,0.1956,0.9822,0.0019,0.349,-0.0015,0.2886
1753,2026-09-25 12:45:00,H02,Humidity,52.662,52.456,0.98223,0.3424,healthy,0,0.98223,0.3424,0.206,0.206,0.0178,0.3927,0.9821,0.0019,0.171,0.0004,1.1977
1754,2026-09-25 12:50:00,H02,Humidity,50.975,51.965,0.98578,0.4382,healthy,0,0.98578,0.4382,0.99,-0.99,0.0142,1.9051,0.9834,0.0016,0.317,0.0035,3.1132
1755,2026-09-25 12:55:00,H02,Humidity,52.302,52.03,0.98343,0.3806,healthy,0,0.98343,0.3806,0.272,0.272,0.0166,0.5228,0.9833,0.0015,0.357,-0.0023,0.7598
1756,2026-09-25 13:00:00,H02,Humidity,52.941,52.434,0.98321,0.3489,healthy,0,0.98321,0.3489,0.507,0.507,0.0168,0.9669,0.9833,0.0015,0.4152,-0.0002,1.2182
1757,2026-09-25 13:05:00,H02,Humidity,53.009,53.019,0.98551,0.3178,healthy,0,0.98551,0.3178,0.01,-0.01,0.0145,0.0189,0.984,0.0015,0.397,0.0023,0.0251
1758,2026-09-25 13:10:00,H02,Humidity,53.783,52.269,0.98595,0.1863,healthy,0,0.98595,0.1863,1.514,1.514,0.0141,2.8966,0.9848,0.0013,0.6586,0.0004,2.2953
1759,2026-09-25 13:15:00,H02,Humidity,53.029,53.001,0.98314,0.3492,healthy,0,0.98314,0.3492,0.028,0.028,0.0169,0.0528,0.9842,0.0014,0.4662,-0.0028,0.0599
1760,2026-09-25 13:20:00,H02,Humidity,52.601,53.362,0.97903,0.3054,healthy,0,0.97903,0.3054,0.761,-0.761,0.021,1.4261,0.9834,0.0027,0.564,-0.0041,1.3469
1761,2026-09-25 13:25:00,H02,Humidity,53.579,53.431,0.98231,0.4197,healthy,0,0.98231,0.4197,0.148,0.148,0.0177,0.277,0.9832,0.0028,0.4922,0.0033,0.3001
1762,2026-09-25 13:30:00,H02,Humidity,54.832,53.833,0.98082,0.3693,healthy,0,0.98082,0.3693,0.999,0.999,0.0192,1.8557,0.9822,0.0026,0.69,-0.0015,1.4457
1763,2026-09-25 13:35:00,H02,Humidity,53.814,53.888,0.97934,0.2722,healthy,0,0.97934,0.2722,0.074,-0.074,0.0207,0.1373,0.9809,0.0018,0.402,-0.0015,0.1836
1764,2026-09-25 13:40:00,H02,Humidity,53.75,53.489,0.98217,0.4358,healthy,0,0.98217,0.4358,0.261,0.261,0.0178,0.488,0.9807,0.0015,0.4486,0.0028,0.5805
1765,2026-09-25 13:45:00,H02,Humidity,51.111,53.862,0.98364,0.4608,healthy,0,0.98364,0.4608,2.751,-2.751,0.0164,5.1075,0.9817,0.0016,0.8466,0.0015,3.2456
1766,2026-09-25 13:50:00,H02,Humidity,53.219,53.635,0.98053,0.4069,healthy,0,0.98053,0.4069,0.416,-0.416,0.0195,0.7756,0.9813,0.0017,0.9002,-0.0031,0.4616
1767,2026-09-25 13:55:00,H02,Humidity,54.268,53.941,0.984,0.3098,healthy,0,0.984,0.3098,0.327,0.327,0.016,0.6062,0.9819,0.002,0.7658,0.0035,0.4264
1768,2026-09-25 14:00:00,H02,Humidity,54.435,54.698,0.98396,0.2214,healthy,0,0.98396,0.2214,0.263,-0.263,0.016,0.4808,0.9829,0.0015,0.8036,-0.0,0.3269
1769,2026-09-25 14:05:00,H02,Humidity,53.668,54.244,0.98341,0.3414,healthy,0,0.98341,0.3414,0.576,-0.576,0.0166,1.0619,0.9831,0.0015,0.8666,-0.0005,0.6639
1770,2026-09-25 14:10:00,H02,Humidity,55.874,54.192,0.98013,0.4631,healthy,0,0.98013,0.4631,1.682,1.682,0.0199,3.1038,0.9824,0.0019,0.6528,-0.0033,2.5727
1771,2026-09-25 14:15:00,H02,Humidity,55.105,54.41,0.98184,0.4488,healthy,0,0.98184,0.4488,0.695,0.695,0.0182,1.2773,0.9827,0.0017,0.7086,0.0017,0.9794
1772,2026-09-25 14:20:00,H02,Humidity,54.321,54.172,0.9822,0.3092,healthy,0,0.9822,0.3092,0.149,0.149,0.0178,0.275,0.9823,0.0015,0.673,0.0004,0.2211
1773,2026-09-25 14:25:00,H02,Humidity,53.294,54.488,0.98074,0.2674,healthy,0,0.98074,0.2674,1.194,-1.194,0.0193,2.1913,0.9817,0.0013,0.8592,-0.0015,1.388
1774,2026-09-25 14:30:00,H02,Humidity,55.008,54.59,0.98228,0.3566,healthy,0,0.98228,0.3566,0.418,0.418,0.0177,0.7657,0.9814,0.001,0.8276,0.0015,0.5045
1775,2026-09-25 14:35:00,H02,Humidity,52.483,54.039,0.98016,0.3858,healthy,0,0.98016,0.3858,1.556,-1.556,0.0198,2.8794,0.9814,0.0009,0.8024,-0.0021,1.9368
1776,2026-09-25 14:40:00,H02,Humidity,53.975,54.362,0.98723,0.2427,healthy,0,0.98723,0.2427,0.387,-0.387,0.0128,0.7119,0.9825,0.0028,0.7408,0.0071,0.5217
1777,2026-09-25 14:45:00,H02,Humidity,53.97,53.55,0.98183,0.5411,healthy,0,0.98183,0.5411,0.42,0.42,0.0182,0.7843,0.9824,0.0028,0.795,-0.0054,0.5276
1778,2026-09-25 14:50:00,H02,Humidity,54.657,54.248,0.98666,0.2073,healthy,0,0.98666,0.2073,0.409,0.409,0.0133,0.7539,0.9836,0.0031,0.638,0.0048,0.6401
1779,2026-09-25 14:55:00,H02,Humidity,53.502,54.565,0.98181,0.4367,healthy,0,0.98181,0.4367,1.063,-1.063,0.0182,1.9481,0.9835,0.0032,0.767,-0.0049,1.3841
1780,2026-09-25 15:00:00,H02,Humidity,56.436,54.681,0.98267,0.2857,healthy,0,0.98267,0.2857,1.755,1.755,0.0173,3.2095,0.984,0.0027,0.8068,0.0009,2.1726
1781,2026-09-25 15:05:00,H02,Humidity,54.307,54.454,0.98202,0.2716,healthy,0,0.98202,0.2716,0.147,-0.147,0.018,0.27,0.983,0.0021,0.7588,-0.0007,0.1935
1782,2026-09-25 15:10:00,H02,Humidity,56.431,55.575,0.98179,0.4108,healthy,0,0.98179,0.4108,0.856,0.856,0.0182,1.5403,0.983,0.0021,0.846,-0.0002,1.0106
1783,2026-09-25 15:15:00,H02,Humidity,54.207,54.424,0.98148,0.4066,healthy,0,0.98148,0.4066,0.217,-0.217,0.0185,0.3987,0.982,0.0004,0.8076,-0.0003,0.2684
1784,2026-09-25 15:20:00,H02,Humidity,55.421,54.329,0.98418,0.3579,healthy,0,0.98418,0.3579,1.092,1.092,0.0158,2.01,0.9824,0.0011,0.8134,0.0027,1.3409
1785,2026-09-25 15:25:00,H02,Humidity,52.749,54.403,0.97967,0.0558,healthy,0,0.97967,0.0558,1.654,-1.654,0.0203,3.0403,0.9818,0.0016,0.7932,-0.0045,2.0826
1786,2026-09-25 15:30:00,H02,Humidity,51.876,53.653,0.98283,0.2767,healthy,0,0.98283,0.2767,1.777,-1.777,0.0172,3.312,0.982,0.0017,1.1192,0.0032,1.5863
1787,2026-09-25 15:35:00,H02,Humidity,54.689,54.294,0.98014,0.4058,healthy,0,0.98014,0.4058,0.395,0.395,0.0199,0.7275,0.9817,0.0019,1.027,-0.0027,0.3842
1788,2026-09-25 15:40:00,H02,Humidity,54.432,54.541,0.97718,0.3682,healthy,0,0.97718,0.3682,0.109,-0.109,0.0228,0.1998,0.9808,0.0028,1.0054,-0.003,0.1083
1789,2026-09-25 15:45:00,H02,Humidity,54.64,53.683,0.97803,0.3543,healthy,0,0.97803,0.3543,0.957,0.957,0.022,1.7827,0.9796,0.0022,0.9784,0.0008,0.9771
1790,2026-09-25 15:50:00,H02,Humidity,54.012,53.0,0.98063,0.3759,healthy,0,0.98063,0.3759,1.012,1.012,0.0194,1.9094,0.9798,0.0022,0.85,0.0026,1.1892
1791,2026-09-25 15:55:00,H02,Humidity,52.128,53.943,0.98616,0.2025,healthy,0,0.98616,0.2025,1.815,-1.815,0.0138,3.3647,0.9804,0.0035,0.8576,0.0055,2.1139
1792,2026-09-25 16:00:00,H02,Humidity,54.192,54.457,0.9776,0.4056,healthy,0,0.9776,0.4056,0.265,-0.265,0.0224,0.4866,0.9799,0.0037,0.8316,-0.0086,0.3183
1793,2026-09-25 16:05:00,H02,Humidity,53.215,53.502,0.98145,0.2481,healthy,0,0.98145,0.2481,0.287,-0.287,0.0185,0.5364,0.9808,0.0034,0.8672,0.0039,0.3306
1794,2026-09-25 16:10:00,H02,Humidity,54.046,53.817,0.98147,0.3115,healthy,0,0.98147,0.3115,0.229,0.229,0.0185,0.4255,0.9815,0.0031,0.7216,0.0,0.3169
1795,2026-09-25 16:15:00,H02,Humidity,53.582,54.452,0.98177,0.4379,healthy,0,0.98177,0.4379,0.87,-0.87,0.0182,1.5977,0.9817,0.003,0.6932,0.0003,1.2532
1796,2026-09-25 16:20:00,H02,Humidity,54.011,52.994,0.98321,0.3431,healthy,0,0.98321,0.3431,1.017,1.017,0.0168,1.9191,0.9811,0.0021,0.5336,0.0014,1.9024
1797,2026-09-25 16:25:00,H02,Humidity,50.992,54.075,0.98398,0.4377,healthy,0,0.98398,0.4377,3.083,-3.083,0.016,5.7013,0.9824,0.0012,1.0972,0.0008,2.8073
1798,2026-09-25 16:30:00,H02,Humidity,53.565,53.557,0.98403,0.2496,healthy,0,0.98403,0.2496,0.008,0.008,0.016,0.0149,0.9829,0.0012,1.0414,0.0,0.0077
1799,2026-09-25 16:35:00,H02,Humidity,52.047,52.76,0.98436,0.2781,healthy,0,0.98436,0.2781,0.713,-0.713,0.0156,1.3514,0.9835,0.001,1.1382,0.0003,0.6259
1800,2026-09-25 16:40:00,H02,Humidity,54.339,52.888,0.9868,0.4545,healthy,0,0.9868,0.4545,1.451,1.451,0.0132,2.7435,0.9845,0.0014,1.2544,0.0024,1.1558
1801,2026-09-25 16:45:00,H02,Humidity,50.559,52.143,0.97976,0.4846,healthy,0,0.97976,0.4846,1.584,-1.584,0.0202,3.0378,0.9838,0.0025,1.3678,-0.007,1.1572
1802,2026-09-25 16:50:00,H02,Humidity,50.876,52.515,0.98641,0.2774,healthy,0,0.98641,0.2774,1.639,-1.639,0.0136,3.121,0.9843,0.0028,1.079,0.0067,1.5176
1803,2026-09-25 16:55:00,H02,Humidity,51.887,52.692,0.97874,0.4755,healthy,0,0.97874,0.4755,0.805,-0.805,0.0213,1.5277,0.9832,0.0038,1.2384,-0.0077,0.6495
1804,2026-09-25 17:00:00,H02,Humidity,52.254,52.027,0.98236,0.3277,healthy,0,0.98236,0.3277,0.227,0.227,0.0176,0.4363,0.9828,0.0037,1.1412,0.0036,0.1987
1805,2026-09-25 17:05:00,H02,Humidity,53.258,52.6,0.98187,0.2596,healthy,0,0.98187,0.2596,0.658,0.658,0.0181,1.251,0.9818,0.003,0.9826,-0.0005,0.669
1806,2026-09-25 17:10:00,H02,Humidity,50.16,51.895,0.98056,0.3769,healthy,0,0.98056,0.3769,1.735,-1.735,0.0194,3.3433,0.982,0.0028,1.0128,-0.0013,1.7114
1807,2026-09-25 17:15:00,H02,Humidity,51.772,52.222,0.98269,0.4651,healthy,0,0.98269,0.4651,0.45,-0.45,0.0173,0.8617,0.9812,0.0016,0.775,0.0021,0.5799
1808,2026-09-25 17:20:00,H02,Humidity,39.113,52.478,0.98783,0.3617,anomaly,1,0.98783,0.3617,13.365,-13.365,0.0122,25.4678,0.9831,0.0028,3.287,0.0051,4.0648
1809,2026-09-25 17:25:00,H02,Humidity,50.32,51.902,0.98037,0.1902,healthy,0,0.98037,0.1902,1.582,-1.582,0.0196,3.0481,0.9827,0.003,3.558,-0.0075,0.4445
1810,2026-09-25 17:30:00,H02,Humidity,36.19,50.975,0.97826,0.2798,anomaly,1,0.97826,0.2798,14.785,-14.785,0.0217,29.0044,0.9819,0.0036,6.3834,-0.0021,2.3158
1811,2026-09-25 17:35:00,H02,Humidity,52.62,51.735,0.98296,0.1965,healthy,0,0.98296,0.1965,0.885,0.885,0.017,1.7106,0.9824,0.0036,6.2134,0.0047,0.1424
1812,2026-09-25 17:40:00,H02,Humidity,50.721,51.305,0.98525,0.322,healthy,0,0.98525,0.322,0.584,-0.584,0.0148,1.1383,0.9829,0.0038,6.2402,0.0023,0.0936
1813,2026-09-25 17:45:00,H02,Humidity,50.56,50.748,0.98402,0.3041,healthy,0,0.98402,0.3041,0.188,-0.188,0.016,0.3705,0.9822,0.0028,3.6048,-0.0012,0.0521
1814,2026-09-25 17:50:00,H02,Humidity,49.958,50.094,0.98093,0.4183,healthy,0,0.98093,0.4183,0.136,-0.136,0.0191,0.2715,0.9823,0.0028,3.3156,-0.0031,0.041
1815,2026-09-25 17:55:00,H02,Humidity,51.554,50.312,0.98251,0.331,healthy,0,0.98251,0.331,1.242,1.242,0.0175,2.4686,0.9831,0.0016,0.607,0.0016,2.0428
1816,2026-09-25 18:00:00,H02,Humidity,76.636,50.28,0.97552,0.406,anomaly,1,0.97552,0.406,26.356,26.356,0.0245,52.4185,0.9816,0.0038,5.7012,-0.007,4.6221
1817,2026-09-25 18:05:00,H02,Humidity,51.141,49.788,0.98087,0.4489,healthy,0,0.98087,0.4489,1.353,1.353,0.0191,2.7175,0.9808,0.0032,5.855,0.0053,0.231
1818,2026-09-25 18:10:00,H02,Humidity,37.76,49.872,0.97825,0.3487,anomaly,1,0.97825,0.3487,12.112,-12.112,0.0218,24.2862,0.9796,0.0028,8.2398,-0.0026,1.4698
1819,2026-09-25 18:15:00,H02,Humidity,48.539,49.893,0.98545,0.455,healthy,0,0.98545,0.455,1.354,-1.354,0.0145,2.7138,0.9805,0.0038,8.4834,0.0072,0.1596
1820,2026-09-25 18:20:00,H02,Humidity,35.879,49.537,0.98811,0.4193,anomaly,1,0.98811,0.4193,13.658,-13.658,0.0119,27.5713,0.9816,0.0051,10.9666,0.0027,1.2453
1821,2026-09-25 18:25:00,H02,Humidity,47.968,49.429,0.98483,0.2144,healthy,0,0.98483,0.2144,1.461,-1.461,0.0152,2.9558,0.9835,0.0039,5.9876,-0.0033,0.244
1822,2026-09-25 18:30:00,H02,Humidity,68.028,50.03,0.983,0.3908,anomaly,1,0.983,0.3908,17.998,17.998,0.017,35.9744,0.9839,0.0037,9.3166,-0.0018,1.9316
1823,2026-09-25 18:35:00,H02,Humidity,36.342,49.621,0.98073,0.2927,anomaly,1,0.98073,0.2927,13.279,-13.279,0.0193,26.7608,0.9844,0.0028,9.55,-0.0023,1.3903
1824,2026-09-25 18:40:00,H02,Humidity,48.427,49.001,0.9865,0.4179,healthy,0,0.9865,0.4179,0.574,-0.574,0.0135,1.1714,0.9846,0.0029,9.394,0.0058,0.0611
1825,2026-09-25 18:45:00,H02,Humidity,63.53,48.983,0.98848,0.3713,anomaly,1,0.98848,0.3713,14.547,14.547,0.0115,29.6981,0.9847,0.003,9.5718,0.002,1.5196
1826,2026-09-25 18:50:00,H02,Humidity,47.21,48.613,0.98141,0.4192,healthy,0,0.98141,0.4192,1.403,-1.403,0.0186,2.8861,0.984,0.0033,9.5602,-0.0071,0.1467
1827,2026-09-25 18:55:00,H02,Humidity,67.483,48.816,0.97977,0.3026,anomaly,1,0.97977,0.3026,18.667,18.667,0.0202,38.2395,0.9834,0.0039,9.694,-0.0016,1.9254
1828,2026-09-25 19:00:00,H02,Humidity,48.389,48.588,0.98527,0.1798,healthy,0,0.98527,0.1798,0.199,-0.199,0.0147,0.4096,0.9843,0.0036,7.078,0.0055,0.0281
1829,2026-09-25 19:05:00,H02,Humidity,47.303,47.73,0.9845,0.3033,healthy,0,0.9845,0.3033,0.427,-0.427,0.0155,0.8946,0.9839,0.0034,7.0486,-0.0008,0.0606
1830,2026-09-25 19:10:00,H02,Humidity,33.373,48.594,0.98598,0.5608,anomaly,1,0.98598,0.5608,15.221,-15.221,0.014,31.3228,0.9834,0.0027,7.1834,0.0015,2.1186
1831,2026-09-25 19:15:00,H02,Humidity,76.608,47.538,0.97854,0.2286,anomaly,1,0.97854,0.2286,29.07,29.07,0.0215,61.1511,0.9828,0.0034,12.7168,-0.0074,2.2858
1832,2026-09-25 19:20:00,H02,Humidity,47.122,48.595,0.98175,0.545,healthy,0,0.98175,0.545,1.473,-1.473,0.0182,3.0312,0.9832,0.0031,9.278,0.0032,0.1587
1833,2026-09-25 19:25:00,H02,Humidity,50.689,47.65,0.98234,0.3281,healthy,0,0.98234,0.3281,3.039,3.039,0.0177,6.3778,0.9826,0.0028,9.846,0.0006,0.3086
1834,2026-09-25 19:30:00,H02,Humidity,49.001,47.948,0.98011,0.194,healthy,0,0.98011,0.194,1.053,1.053,0.0199,2.1961,0.9817,0.0028,9.9712,-0.0022,0.1056
1835,2026-09-25 19:35:00,H02,Humidity,46.984,47.275,0.98454,0.3847,healthy,0,0.98454,0.3847,0.291,-0.291,0.0155,0.6155,0.9815,0.0023,6.9852,0.0044,0.0417
1836,2026-09-25 19:40:00,H02,Humidity,47.51,47.526,0.9788,0.3145,healthy,0,0.9788,0.3145,0.016,-0.016,0.0212,0.0337,0.9815,0.0022,1.1744,-0.0057,0.0136
1837,2026-09-25 19:45:00,H02,Humidity,31.328,47.003,0.98626,0.268,anomaly,1,0.98626,0.268,15.675,-15.675,0.0137,33.3489,0.9824,0.0031,4.0148,0.0075,3.9033
1838,2026-09-25 19:50:00,H02,Humidity,48.422,47.255,0.98499,0.4035,healthy,0,0.98499,0.4035,1.167,1.167,0.015,2.4696,0.9829,0.0033,3.6404,-0.0013,0.3205
1839,2026-09-25 19:55:00,H02,Humidity,48.616,47.135,0.97844,0.3417,healthy,0,0.97844,0.3417,1.481,1.481,0.0216,3.142,0.9826,0.0037,3.726,-0.0066,0.3974
1840,2026-09-25 20:00:00,H02,Humidity,64.045,46.714,0.9747,0.369,anomaly,1,0.9747,0.369,17.331,17.331,0.0253,37.1002,0.9806,0.0048,7.134,-0.0037,2.429
1841,2026-09-25 20:05:00,H02,Humidity,45.376,45.923,0.98598,0.3741,healthy,0,0.98598,0.3741,0.547,-0.547,0.014,1.1911,0.9821,0.0052,7.2402,0.0113,0.0755
1842,2026-09-25 20:10:00,H02,Humidity,46.595,46.675,0.98103,0.1925,healthy,0,0.98103,0.1925,0.08,-0.08,0.019,0.1714,0.981,0.0047,4.1212,-0.005,0.0194
1843,2026-09-25 20:15:00,H02,Humidity,48.038,47.762,0.98563,0.3917,healthy,0,0.98563,0.3917,0.276,0.276,0.0144,0.5779,0.9812,0.0048,3.943,0.0046,0.07
1844,2026-09-25 20:20:00,H02,Humidity,48.842,47.533,0.98193,0.457,healthy,0,0.98193,0.457,1.309,1.309,0.0181,2.7539,0.9819,0.0046,3.9086,-0.0037,0.3348
1845,2026-09-25 20:25:00,H02,Humidity,62.776,46.431,0.97838,0.3109,anomaly,1,0.97838,0.3109,16.345,16.345,0.0216,35.2028,0.9826,0.0032,3.7114,-0.0035,4.4028
1846,2026-09-25 20:30:00,H02,Humidity,31.33,47.15,0.97817,0.3171,anomaly,1,0.97817,0.3171,15.82,-15.82,0.0218,33.5525,0.981,0.003,6.766,-0.0002,2.3378
1847,2026-09-25 20:35:00,H02,Humidity,47.961,46.334,0.97828,0.2449,healthy,0,0.97828,0.2449,1.627,1.627,0.0217,3.5115,0.9805,0.0033,7.0754,0.0001,0.2299
1848,2026-09-25 20:40:00,H02,Humidity,46.874,47.26,0.98036,0.3663,healthy,0,0.98036,0.3663,0.386,-0.386,0.0196,0.8168,0.9794,0.0017,7.0974,0.0021,0.0544
1849,2026-09-25 20:45:00,H02,Humidity,46.909,46.858,0.98198,0.3422,healthy,0,0.98198,0.3422,0.051,0.051,0.018,0.1088,0.9794,0.0017,6.8458,0.0016,0.0074
1850,2026-09-25 20:50:00,H02,Humidity,48.005,46.419,0.98379,0.3538,healthy,0,0.98379,0.3538,1.586,1.586,0.0162,3.4167,0.9805,0.0024,3.894,0.0018,0.4072
1851,2026-09-25 20:55:00,H02,Humidity,47.148,47.014,0.98036,0.2423,healthy,0,0.98036,0.2423,0.134,0.134,0.0196,0.285,0.981,0.0021,0.7568,-0.0034,0.1768
1852,2026-09-25 21:00:00,H02,Humidity,65.644,46.383,0.99497,0.3875,anomaly,1,0.99497,0.3875,19.261,19.261,0.005,41.526,0.9843,0.0061,4.2836,0.0146,4.4954
1853,2026-09-25 21:05:00,H02,Humidity,46.924,45.974,0.98088,0.3595,healthy,0,0.98088,0.3595,0.95,0.95,0.0191,2.0664,0.9844,0.0061,4.3964,-0.0141,0.216
1854,2026-09-25 21:10:00,H02,Humidity,75.252,47.256,0.97836,0.3298,anomaly,1,0.97836,0.3298,27.996,27.996,0.0216,59.2433,0.9837,0.0066,9.9854,-0.0025,2.8034
1855,2026-09-25 21:15:00,H02,Humidity,47.145,46.59,0.97952,0.3534,healthy,0,0.97952,0.3534,0.555,0.555,0.0205,1.1912,0.9828,0.0069,9.7792,0.0012,0.0567
1856,2026-09-25 21:20:00,H02,Humidity,46.81,46.02,0.97965,0.3249,healthy,0,0.97965,0.3249,0.79,0.79,0.0203,1.7166,0.9827,0.0069,9.9104,0.0001,0.0797
1857,2026-09-25 21:25:00,H02,Humidity,31.184,46.714,0.98436,0.4621,anomaly,1,0.98436,0.4621,15.53,-15.53,0.0156,33.2449,0.9806,0.0023,9.1642,0.0047,1.6945
1858,2026-09-25 21:30:00,H02,Humidity,75.084,46.402,0.98635,0.3637,anomaly,1,0.98635,0.3637,28.682,28.682,0.0137,61.812,0.9816,0.0035,14.7106,0.002,1.9496
1859,2026-09-25 21:35:00,H02,Humidity,74.834,46.751,0.98851,0.3917,anomaly,1,0.98851,0.3917,28.083,28.083,0.0115,60.0693,0.9837,0.004,14.728,0.0022,1.9066
1860,2026-09-25 21:40:00,H02,Humidity,46.825,47.542,0.98481,0.2163,healthy,0,0.98481,0.2163,0.717,-0.717,0.0152,1.5081,0.9847,0.0033,14.7604,-0.0037,0.0486
1861,2026-09-25 21:45:00,H02,Humidity,47.27,46.977,0.98397,0.3788,healthy,0,0.98397,0.3788,0.293,0.293,0.016,0.6237,0.9856,0.0019,14.661,-0.0008,0.02
1862,2026-09-25 21:50:00,H02,Humidity,46.614,46.708,0.9799,0.212,healthy,0,0.9799,0.212,0.094,-0.094,0.0201,0.2013,0.9847,0.0032,11.5738,-0.0041,0.0081
1863,2026-09-25 21:55:00,H02,Humidity,45.78,47.373,0.98004,0.1433,healthy,0,0.98004,0.1433,1.593,-1.593,0.02,3.3627,0.9834,0.0036,6.156,0.0001,0.2587
1864,2026-09-25 22:00:00,H02,Humidity,45.992,46.274,0.97978,0.4254,healthy,0,0.97978,0.4254,0.282,-0.282,0.0202,0.6094,0.9817,0.0025,0.5958,-0.0003,0.4725
1865,2026-09-25 22:05:00,H02,Humidity,46.832,46.548,0.98306,0.2076,healthy,0,0.98306,0.2076,0.284,0.284,0.0169,0.6101,0.9814,0.002,0.5092,0.0033,0.5566
1866,2026-09-25 22:10:00,H02,Humidity,49.008,47.427,0.98392,0.3727,healthy,0,0.98392,0.3727,1.581,1.581,0.0161,3.3335,0.9813,0.002,0.7668,0.0009,2.0591
1867,2026-09-25 22:15:00,H02,Humidity,48.024,48.127,0.98041,0.3456,healthy,0,0.98041,0.3456,0.103,-0.103,0.0196,0.214,0.9814,0.0019,0.7686,-0.0035,0.1338
1868,2026-09-25 22:20:00,H02,Humidity,31.813,46.658,0.99109,0.335,anomaly,1,0.99109,0.335,14.845,-14.845,0.0089,31.8166,0.9837,0.0045,3.419,0.0107,4.3406
1869,2026-09-25 22:25:00,H02,Humidity,47.1,47.279,0.9835,0.3722,healthy,0,0.9835,0.3722,0.179,-0.179,0.0165,0.3786,0.9844,0.004,3.3984,-0.0076,0.0527
1870,2026-09-25 22:30:00,H02,Humidity,76.158,47.661,0.98012,0.2877,anomaly,1,0.98012,0.2877,28.497,28.497,0.0199,59.791,0.9838,0.0044,9.041,-0.0034,3.1516
1871,2026-09-25 22:35:00,H02,Humidity,47.975,48.061,0.98116,0.3483,healthy,0,0.98116,0.3483,0.086,-0.086,0.0188,0.1789,0.9833,0.0046,8.742,0.001,0.0098
1872,2026-09-25 22:40:00,H02,Humidity,47.915,47.68,0.9842,0.3222,healthy,0,0.9842,0.3222,0.235,0.235,0.0158,0.4929,0.984,0.0043,8.7684,0.003,0.0268
1873,2026-09-25 22:45:00,H02,Humidity,47.412,48.543,0.98066,0.2996,healthy,0,0.98066,0.2996,1.131,-1.131,0.0193,2.3299,0.9819,0.0018,6.0256,-0.0035,0.1877
1874,2026-09-25 22:50:00,H02,Humidity,75.674,47.343,0.98576,0.3515,anomaly,1,0.98576,0.3515,28.331,28.331,0.0142,59.842,0.9824,0.0025,11.656,0.0051,2.4304
1875,2026-09-25 22:55:00,H02,Humidity,48.472,48.124,0.98333,0.2968,healthy,0,0.98333,0.2968,0.348,0.348,0.0167,0.7231,0.983,0.0021,6.0262,-0.0024,0.0577
1876,2026-09-25 23:00:00,H02,Humidity,48.808,48.489,0.98244,0.3347,healthy,0,0.98244,0.3347,0.319,0.319,0.0176,0.6579,0.9833,0.0019,6.0728,-0.0009,0.0525
1877,2026-09-25 23:05:00,H02,Humidity,48.422,48.445,0.9853,0.3556,healthy,0,0.9853,0.3556,0.023,-0.023,0.0147,0.0475,0.9835,0.0021,6.0304,0.0029,0.0038
1878,2026-09-25 23:10:00,H02,Humidity,48.053,48.266,0.98132,0.3749,healthy,0,0.98132,0.3749,0.213,-0.213,0.0187,0.4413,0.9836,0.0019,5.8468,-0.004,0.0364
1879,2026-09-25 23:15:00,H02,Humidity,67.82,49.018,0.97752,0.2464,anomaly,1,0.97752,0.2464,18.802,18.802,0.0225,38.3573,0.982,0.0029,3.941,-0.0038,4.7697
1880,2026-09-25 23:20:00,H02,Humidity,48.412,49.557,0.9823,0.3088,warning,0,0.9823,0.3088,1.145,-1.145,0.0177,2.3105,0.9818,0.0028,4.1004,0.0048,0.2792
1881,2026-09-25 23:25:00,H02,Humidity,49.027,48.89,0.98377,0.3928,warning,0,0.98377,0.3928,0.137,0.137,0.0162,0.2802,0.982,0.0029,4.064,0.0015,0.0337
1882,2026-09-25 23:30:00,H02,Humidity,49.158,49.308,0.98525,0.4586,warning,0,0.98525,0.4586,0.15,-0.15,0.0148,0.3042,0.982,0.0029,4.0894,0.0015,0.0367
1883,2026-09-25 23:35:00,H02,Humidity,49.003,49.076,0.98672,0.3583,warning,0,0.98672,0.3583,0.073,-0.073,0.0133,0.1487,0.9831,0.0035,4.0614,0.0015,0.018
1884,2026-09-25 23:40:00,H02,Humidity,46.911,50.43,0.98819,0.2484,warning,0,0.98819,0.2484,3.519,-3.519,0.0118,6.978,0.9852,0.0023,1.0048,0.0015,3.4987
1885,2026-09-25 23:45:00,H02,Humidity,51.275,50.144,0.98967,0.2856,warning,0,0.98967,0.2856,1.131,1.131,0.0103,2.2555,0.9867,0.0023,1.002,0.0015,1.1276
1886,2026-09-25 23:50:00,H02,Humidity,50.912,49.621,0.99114,0.2661,warning,0,0.99114,0.2661,1.291,1.291,0.0089,2.6017,0.9882,0.0023,1.2328,0.0015,1.0464
1887,2026-09-25 23:55:00,H02,Humidity,48.295,50.341,0.99261,0.4569,warning,0,0.99261,0.4569,2.046,-2.046,0.0074,4.0643,0.9897,0.0023,1.612,0.0015,1.2684
1888,2026-09-26 00:00:00,H02,Humidity,49.34,50.184,0.99409,0.2471,warning,0,0.99409,0.2471,0.844,-0.844,0.0059,1.6818,0.9911,0.0023,1.7662,0.0015,0.4776
1889,2026-09-26 00:05:00,H02,Humidity,51.992,50.857,0.99556,0.4509,warning,0,0.99556,0.4509,1.135,1.135,0.0044,2.2317,0.9926,0.0023,1.2894,0.0015,0.8796
1890,2026-09-26 00:10:00,H02,Humidity,48.218,50.447,0.99703,0.4109,warning,0,0.99703,0.4109,2.229,-2.229,0.003,4.4185,0.9941,0.0023,1.509,0.0015,1.4762
1891,2026-09-26 00:15:00,H02,Humidity,51.061,51.072,0.99851,0.385,warning,0,0.99851,0.385,0.011,-0.011,0.0015,0.0215,0.9956,0.0023,1.253,0.0015,0.0088
1892,2026-09-26 00:20:00,H02,Humidity,52.798,51.823,0.99998,0.3551,warning,0,0.99998,0.3551,0.975,0.975,0.0,1.8814,0.997,0.0023,1.0388,0.0015,0.9377
1893,2026-09-26 00:25:00,H02,Humidity,51.821,52.016,1.00145,0.3742,warning,0,1.00145,0.3742,0.195,-0.195,0.0014,0.3749,0.9985,0.0023,0.909,0.0015,0.2143
1894,2026-09-26 00:30:00,H02,Humidity,52.819,51.519,1.00293,0.2049,warning,0,1.00293,0.2049,1.3,1.3,0.0029,2.5233,1.0,0.0023,0.942,0.0015,1.3786
1895,2026-09-26 00:35:00,H02,Humidity,49.422,51.546,1.0044,0.4135,warning,0,1.0044,0.4135,2.124,-2.124,0.0044,4.1206,1.0015,0.0023,0.921,0.0015,2.3037
1896,2026-09-26 00:40:00,H02,Humidity,52.378,52.035,1.00588,0.4801,warning,0,1.00588,0.4801,0.343,0.343,0.0059,0.6592,1.0029,0.0023,0.9874,0.0015,0.347
1897,2026-09-26 00:45:00,H02,Humidity,52.666,51.783,1.00735,0.4015,warning,0,1.00735,0.4015,0.883,0.883,0.0073,1.7052,1.0044,0.0023,0.969,0.0015,0.9103
1898,2026-09-26 00:50:00,H02,Humidity,54.497,52.595,1.00882,0.4247,warning,0,1.00882,0.4247,1.902,1.902,0.0088,3.6163,1.0059,0.0023,1.3104,0.0015,1.4504
1899,2026-09-26 00:55:00,H02,Humidity,55.332,52.322,1.0103,0.2916,warning,0,1.0103,0.2916,3.01,3.01,0.0103,5.7528,1.0074,0.0023,1.6524,0.0015,1.8205
1900,2026-09-26 01:00:00,H02,Humidity,55.17,52.714,1.01177,0.4287,warning,0,1.01177,0.4287,2.456,2.456,0.0118,4.6591,1.0088,0.0023,1.7188,0.0015,1.4281
1901,2026-09-26 01:05:00,H02,Humidity,54.38,52.269,1.01324,0.3148,warning,0,1.01324,0.3148,2.111,2.111,0.0132,4.0387,1.0103,0.0023,2.0724,0.0015,1.0181
1902,2026-09-26 01:10:00,H02,Humidity,56.464,54.073,1.01472,0.3594,warning,0,1.01472,0.3594,2.391,2.391,0.0147,4.4218,1.0118,0.0023,2.374,0.0015,1.0067
1903,2026-09-26 01:15:00,H02,Humidity,55.011,53.439,1.01619,0.3811,warning,0,1.01619,0.3811,1.572,1.572,0.0162,2.9417,1.0132,0.0023,2.308,0.0015,0.6808
1904,2026-09-26 01:20:00,H02,Humidity,54.172,53.293,1.01766,0.3403,warning,0,1.01766,0.3403,0.879,0.879,0.0177,1.6494,1.0147,0.0023,1.8818,0.0015,0.4669
1905,2026-09-26 01:25:00,H02,Humidity,55.505,53.64,1.01914,0.2385,warning,0,1.01914,0.2385,1.865,1.865,0.0191,3.4769,1.0162,0.0023,1.7636,0.0015,1.0569
1906,2026-09-26 01:30:00,H02,Humidity,51.833,53.459,1.02061,0.407,warning,0,1.02061,0.407,1.626,-1.626,0.0206,3.0416,1.0177,0.0023,1.6666,0.0015,0.9751
1907,2026-09-26 01:35:00,H02,Humidity,52.88,53.221,1.02208,0.4251,warning,0,1.02208,0.4251,0.341,-0.341,0.0221,0.6407,1.0191,0.0023,1.2566,0.0015,0.2712
1908,2026-09-26 01:40:00,H02,Humidity,55.717,53.792,1.02356,0.3755,warning,0,1.02356,0.3755,1.925,1.925,0.0236,3.5786,1.0206,0.0023,1.3272,0.0015,1.4493
1909,2026-09-26 01:45:00,H02,Humidity,57.74,54.223,1.02503,0.3603,warning,0,1.02503,0.3603,3.517,3.517,0.025,6.4862,1.0221,0.0023,1.8548,0.0015,1.8951
1910,2026-09-26 01:50:00,H02,Humidity,56.955,53.233,1.0265,0.2437,warning,0,1.0265,0.2437,3.722,3.722,0.0265,6.9919,1.0236,0.0023,2.2262,0.0015,1.6712
1911,2026-09-26 01:55:00,H02,Humidity,56.356,53.759,1.02798,0.5114,warning,0,1.02798,0.5114,2.597,2.597,0.028,4.8308,1.025,0.0023,2.4204,0.0015,1.0725
1912,2026-09-26 02:00:00,H02,Humidity,55.79,53.913,1.02945,0.3877,warning,0,1.02945,0.3877,1.877,1.877,0.0294,3.4815,1.0265,0.0023,2.7276,0.0015,0.6879
1913,2026-09-26 02:05:00,H02,Humidity,54.588,53.625,1.03092,0.3374,warning,0,1.03092,0.3374,0.963,0.963,0.0309,1.7958,1.028,0.0023,2.5352,0.0015,0.3797
1914,2026-09-26 02:10:00,H02,Humidity,59.209,54.538,1.0324,0.2033,warning,0,1.0324,0.2033,4.671,4.671,0.0324,8.5647,1.0294,0.0023,2.766,0.0015,1.6881
1915,2026-09-26 02:15:00,H02,Humidity,57.085,53.847,1.03387,0.405,warning,0,1.03387,0.405,3.238,3.238,0.0339,6.0133,1.0309,0.0023,2.6692,0.0015,1.2126
1916,2026-09-26 02:20:00,H02,Humidity,58.782,54.815,1.03534,0.437,warning,0,1.03534,0.437,3.967,3.967,0.0353,7.2371,1.0324,0.0023,2.9432,0.0015,1.3474
1917,2026-09-26 02:25:00,H02,Humidity,61.176,54.373,1.03682,0.3789,warning,0,1.03682,0.3789,6.803,6.803,0.0368,12.5117,1.0339,0.0023,3.9284,0.0015,1.7313
1918,2026-09-26 02:30:00,H02,Humidity,56.915,54.511,1.03829,0.3463,warning,0,1.03829,0.3463,2.404,2.404,0.0383,4.4101,1.0353,0.0023,4.2166,0.0015,0.57
1919,2026-09-26 02:35:00,H02,Humidity,57.86,54.873,1.03976,0.3546,warning,0,1.03976,0.3546,2.987,2.987,0.0398,5.4435,1.0368,0.0023,3.8798,0.0015,0.7697
1920,2026-09-26 02:40:00,H02,Humidity,57.498,54.234,1.04124,0.3532,warning,0,1.04124,0.3532,3.264,3.264,0.0412,6.0184,1.0383,0.0023,3.885,0.0015,0.8399
1921,2026-09-26 02:45:00,H02,Humidity,56.874,54.262,1.04271,0.3598,warning,0,1.04271,0.3598,2.612,2.612,0.0427,4.8137,1.0398,0.0023,3.614,0.0015,0.7225
1922,2026-09-26 02:50:00,H02,Humidity,57.191,54.874,1.04418,0.2955,warning,0,1.04418,0.2955,2.317,2.317,0.0442,4.2224,1.0412,0.0023,2.7168,0.0015,0.8525
1923,2026-09-26 02:55:00,H02,Humidity,54.834,54.376,1.04566,0.4258,warning,0,1.04566,0.4258,0.458,0.458,0.0457,0.8423,1.0427,0.0023,2.3276,0.0015,0.1967
1924,2026-09-26 03:00:00,H02,Humidity,58.939,54.269,1.04713,0.4327,warning,0,1.04713,0.4327,4.67,4.67,0.0471,8.6053,1.0442,0.0023,2.6642,0.0015,1.7522
1925,2026-09-26 03:05:00,H02,Humidity,55.951,54.589,1.04861,0.2728,warning,0,1.04861,0.2728,1.362,1.362,0.0486,2.495,1.0457,0.0023,2.2838,0.0015,0.5961
1926,2026-09-26 03:10:00,H02,Humidity,58.8,54.209,1.05008,0.3377,warning,0,1.05008,0.3377,4.591,4.591,0.0501,8.4691,1.0471,0.0023,2.6796,0.0015,1.7127
1927,2026-09-26 03:15:00,H02,Humidity,56.475,54.069,1.05155,0.3263,warning,0,1.05155,0.3263,2.406,2.406,0.0515,4.4499,1.0486,0.0023,2.6974,0.0015,0.8916
1928,2026-09-26 03:20:00,H02,Humidity,57.022,53.556,1.05303,0.4903,warning,0,1.05303,0.4903,3.466,3.466,0.053,6.4717,1.0501,0.0023,3.299,0.0015,1.0503
1929,2026-09-26 03:25:00,H02,Humidity,53.928,54.311,1.0545,0.4275,warning,0,1.0545,0.4275,0.383,-0.383,0.0545,0.7052,1.0516,0.0023,2.4416,0.0015,0.1568
1930,2026-09-26 03:30:00,H02,Humidity,57.857,53.937,1.05597,0.5041,warning,0,1.05597,0.5041,3.92,3.92,0.056,7.2677,1.053,0.0023,2.9532,0.0015,1.3269
1931,2026-09-26 03:35:00,H02,Humidity,60.199,54.194,1.05745,0.4416,warning,0,1.05745,0.4416,6.005,6.005,0.0574,11.0806,1.0545,0.0023,3.236,0.0015,1.8551
1932,2026-09-26 03:40:00,H02,Humidity,57.97,54.38,1.05892,0.3731,warning,0,1.05892,0.3731,3.59,3.59,0.0589,6.6017,1.056,0.0023,3.4728,0.0015,1.0335
1933,2026-09-26 03:45:00,H02,Humidity,60.052,54.047,1.06039,0.2574,warning,0,1.06039,0.2574,6.005,6.005,0.0604,11.1107,1.0574,0.0023,3.9806,0.0015,1.5082
1934,2026-09-26 03:50:00,H02,Humidity,59.407,53.61,1.06187,0.3301,warning,0,1.06187,0.3301,5.797,5.797,0.0619,10.8133,1.0589,0.0023,5.0634,0.0015,1.1447
1935,2026-09-26 03:55:00,H02,Humidity,58.684,53.502,1.06334,0.4846,warning,0,1.06334,0.4846,5.182,5.182,0.0633,9.6856,1.0604,0.0023,5.3158,0.0015,0.9746
1936,2026-09-26 04:00:00,H02,Humidity,56.332,54.464,1.06481,0.3499,warning,0,1.06481,0.3499,1.868,1.868,0.0648,3.4298,1.0619,0.0023,4.4884,0.0015,0.4161
1937,2026-09-26 04:05:00,H02,Humidity,58.206,53.748,1.06629,0.4922,warning,0,1.06629,0.4922,4.458,4.458,0.0663,8.2943,1.0633,0.0023,4.662,0.0015,0.956
1938,2026-09-26 04:10:00,H02,Humidity,57.597,53.711,1.06776,0.3831,warning,0,1.06776,0.3831,3.886,3.886,0.0678,7.235,1.0648,0.0023,4.2382,0.0015,0.9167
1939,2026-09-26 04:15:00,H02,Humidity,60.005,53.613,1.06923,0.3993,warning,0,1.06923,0.3993,6.392,6.392,0.0692,11.9225,1.0663,0.0023,4.3572,0.0015,1.4667
1940,2026-09-26 04:20:00,H02,Humidity,67.714,53.878,1.19841,0.4137,unhealthy,0,1.19841,0.4137,13.836,13.836,0.1984,25.6802,1.0933,0.0588,6.088,0.1292,2.2723
1941,2026-09-26 04:25:00,H02,Humidity,67.676,53.15,1.20004,0.3621,unhealthy,0,1.20004,0.3621,14.526,14.526,0.2,27.3302,1.1203,0.072,8.6196,0.0016,1.685
1942,2026-09-26 04:30:00,H02,Humidity,65.322,53.435,1.20168,0.5284,unhealthy,0,1.20168,0.5284,11.887,11.887,0.2017,22.2457,1.1474,0.0721,10.1054,0.0016,1.1762
1943,2026-09-26 04:35:00,H02,Humidity,63.994,52.725,1.20332,0.4858,unhealthy,0,1.20332,0.4858,11.269,11.269,0.2033,21.3732,1.1745,0.0589,11.582,0.0016,0.9729
1944,2026-09-26 04:40:00,H02,Humidity,69.061,52.741,1.20495,0.2702,unhealthy,0,1.20495,0.2702,16.32,16.32,0.2049,30.9437,1.2017,0.0026,13.5676,0.0016,1.2028
1945,2026-09-26 04:45:00,H02,Humidity,63.566,53.836,1.20659,0.2704,unhealthy,0,1.20659,0.2704,9.73,9.73,0.2066,18.0734,1.2033,0.0026,12.7464,0.0016,0.7633
1946,2026-09-26 04:50:00,H02,Humidity,65.346,52.925,1.20823,0.4272,unhealthy,0,1.20823,0.4272,12.421,12.421,0.2082,23.4691,1.205,0.0026,12.3254,0.0016,1.0077
1947,2026-09-26 04:55:00,H02,Humidity,67.72,52.589,1.20987,0.4059,unhealthy,0,1.20987,0.4059,15.131,15.131,0.2099,28.7722,1.2066,0.0026,12.9742,0.0016,1.1661
1948,2026-09-26 05:00:00,H02,Humidity,67.591,52.207,1.2115,0.577,unhealthy,0,1.2115,0.577,15.384,15.384,0.2115,29.4673,1.2082,0.0026,13.7972,0.0016,1.1149
1949,2026-09-26 05:05:00,H02,Humidity,69.04,52.67,1.21314,0.3271,unhealthy,0,1.21314,0.3271,16.37,16.37,0.2131,31.0803,1.2099,0.0026,13.8072,0.0016,1.1855
1950,2026-09-26 05:10:00,H02,Humidity,66.672,52.531,1.21478,0.3125,unhealthy,0,1.21478,0.3125,14.141,14.141,0.2148,26.9193,1.2115,0.0026,14.6894,0.0016,0.9626
1951,2026-09-26 05:15:00,H02,Humidity,64.337,51.616,1.21641,0.4475,unhealthy,0,1.21641,0.4475,12.721,12.721,0.2164,24.6455,1.2131,0.0026,14.7494,0.0016,0.8624
1952,2026-09-26 05:20:00,H02,Humidity,63.924,51.176,1.21805,0.4535,unhealthy,0,1.21805,0.4535,12.748,12.748,0.2181,24.9101,1.2148,0.0026,14.2728,0.0016,0.8931
1953,2026-09-26 05:25:00,H02,Humidity,67.39,51.741,1.21969,0.1706,unhealthy,0,1.21969,0.1706,15.649,15.649,0.2197,30.2449,1.2164,0.0026,14.3258,0.0016,1.0923
1954,2026-09-26 05:30:00,H02,Humidity,62.807,51.546,1.22133,0.2055,unhealthy,0,1.22133,0.2055,11.261,11.261,0.2213,21.8465,1.2181,0.0026,13.304,0.0016,0.8464
1955,2026-09-26 05:35:00,H02,Humidity,62.684,51.691,1.22296,0.3594,unhealthy,0,1.22296,0.3594,10.993,10.993,0.223,21.2668,1.2197,0.0026,12.6744,0.0016,0.8673
1956,2026-09-26 05:40:00,H02,Humidity,60.636,51.377,1.2246,0.3683,unhealthy,0,1.2246,0.3683,9.259,9.259,0.2246,18.0217,1.2213,0.0026,11.982,0.0016,0.7727
1957,2026-09-26 05:45:00,H02,Humidity,67.642,51.484,1.22624,0.4694,unhealthy,0,1.22624,0.4694,16.158,16.158,0.2262,31.3845,1.223,0.0026,12.664,0.0016,1.2758
1958,2026-09-26 05:50:00,H02,Humidity,68.05,51.104,1.22788,0.3066,unhealthy,0,1.22788,0.3066,16.946,16.946,0.2279,33.1598,1.2246,0.0026,12.9234,0.0016,1.3112
1959,2026-09-26 05:55:00,H02,Humidity,68.614,50.815,1.22951,0.3824,unhealthy,0,1.22951,0.3824,17.799,17.799,0.2295,35.0271,1.2262,0.0026,14.231,0.0016,1.2506
1960,2026-09-26 06:00:00,H02,Humidity,67.618,50.749,1.23115,0.3128,unhealthy,0,1.23115,0.3128,16.869,16.869,0.2311,33.2401,1.2279,0.0026,15.4062,0.0016,1.0949
1961,2026-09-26 06:05:00,H02,Humidity,66.202,49.979,1.23279,0.3931,unhealthy,0,1.23279,0.3931,16.223,16.223,0.2328,32.4596,1.2295,0.0026,16.799,0.0016,0.9657
1962,2026-09-26 06:10:00,H02,Humidity,65.643,50.212,1.23442,0.3756,unhealthy,0,1.23442,0.3756,15.431,15.431,0.2344,30.7317,1.2312,0.0026,16.6536,0.0016,0.9265
1963,2026-09-26 06:15:00,H02,Humidity,66.383,49.897,1.23606,0.3517,unhealthy,0,1.23606,0.3517,16.486,16.486,0.2361,33.0401,1.2328,0.0026,16.5616,0.0016,0.9954
1964,2026-09-26 06:20:00,H02,Humidity,62.954,50.194,1.2377,0.2931,unhealthy,0,1.2377,0.2931,12.76,12.76,0.2377,25.4214,1.2344,0.0026,15.5538,0.0016,0.8203
1965,2026-09-26 06:25:00,H02,Humidity,63.999,49.48,1.23934,0.4445,unhealthy,0,1.23934,0.4445,14.519,14.519,0.2393,29.3432,1.2361,0.0026,15.0838,0.0016,0.9625
1966,2026-09-26 06:30:00,H02,Humidity,63.545,49.447,1.24097,0.4211,unhealthy,0,1.24097,0.4211,14.098,14.098,0.241,28.5113,1.2377,0.0026,14.6588,0.0016,0.9617
1967,2026-09-26 06:35:00,H02,Humidity,67.498,49.221,1.24261,0.3477,unhealthy,0,1.24261,0.3477,18.277,18.277,0.2426,37.1325,1.2393,0.0026,15.228,0.0016,1.2001
1968,2026-09-26 06:40:00,H02,Humidity,61.672,49.273,1.24425,0.4099,unhealthy,0,1.24425,0.4099,12.399,12.399,0.2443,25.1639,1.241,0.0026,14.4106,0.0016,0.8603
1969,2026-09-26 06:45:00,H02,Humidity,64.859,49.126,1.24588,0.4312,unhealthy,0,1.24588,0.4312,15.733,15.733,0.2459,32.0258,1.2426,0.0026,15.0052,0.0016,1.0484
1970,2026-09-26 06:50:00,H02,Humidity,68.043,48.81,1.24752,0.2548,unhealthy,0,1.24752,0.2548,19.233,19.233,0.2475,39.4038,1.2442,0.0026,15.948,0.0016,1.2059
1971,2026-09-26 06:55:00,H02,Humidity,67.99,48.889,1.24916,0.3716,unhealthy,0,1.24916,0.3716,19.101,19.101,0.2492,39.0701,1.2459,0.0026,16.9486,0.0016,1.1269
1972,2026-09-26 07:00:00,H02,Humidity,61.379,48.408,1.2508,0.3926,unhealthy,0,1.2508,0.3926,12.971,12.971,0.2508,26.7952,1.2475,0.0026,15.8874,0.0016,0.8164
1973,2026-09-26 07:05:00,H02,Humidity,62.832,48.594,1.25243,0.4047,unhealthy,0,1.25243,0.4047,14.238,14.238,0.2524,29.2999,1.2492,0.0026,16.2552,0.0016,0.8759
1974,2026-09-26 07:10:00,H02,Humidity,61.803,48.135,1.25407,0.3748,unhealthy,0,1.25407,0.3748,13.668,13.668,0.2541,28.3951,1.2508,0.0026,15.8422,0.0016,0.8627
1975,2026-09-26 07:15:00,H02,Humidity,61.256,47.854,1.25571,0.2367,unhealthy,0,1.25571,0.2367,13.402,13.402,0.2557,28.006,1.2524,0.0026,14.676,0.0016,0.9131
1976,2026-09-26 07:20:00,H02,Humidity,65.005,47.718,1.25734,0.3816,unhealthy,0,1.25734,0.3816,17.287,17.287,0.2573,36.2274,1.2541,0.0026,14.3132,0.0016,1.2077
1977,2026-09-26 07:25:00,H02,Humidity,63.372,47.951,1.25898,0.2777,unhealthy,0,1.25898,0.2777,15.421,15.421,0.259,32.1599,1.2557,0.0026,14.8032,0.0016,1.0417
1978,2026-09-26 07:30:00,H02,Humidity,63.587,47.251,1.26062,0.4419,unhealthy,0,1.26062,0.4419,16.336,16.336,0.2606,34.5728,1.2573,0.0026,15.2228,0.0016,1.0731
1979,2026-09-26 07:35:00,H02,Humidity,60.805,47.501,1.26226,0.2228,unhealthy,0,1.26226,0.2228,13.304,13.304,0.2623,28.0078,1.259,0.0026,15.15,0.0016,0.8781
1980,2026-09-26 07:40:00,H02,Humidity,66.507,47.576,1.26389,0.3302,unhealthy,0,1.26389,0.3302,18.931,18.931,0.2639,39.7911,1.2606,0.0026,16.2558,0.0016,1.1645
1981,2026-09-26 07:45:00,H02,Humidity,61.031,47.174,1.26553,0.5722,unhealthy,0,1.26553,0.5722,13.857,13.857,0.2655,29.3742,1.2623,0.0026,15.5698,0.0016,0.8899
1982,2026-09-26 07:50:00,H02,Humidity,58.244,46.916,1.26717,0.4335,unhealthy,0,1.26717,0.4335,11.328,11.328,0.2672,24.1453,1.2639,0.0026,14.7512,0.0016,0.7679
1983,2026-09-26 07:55:00,H02,Humidity,58.951,47.42,1.2688,0.293,unhealthy,0,1.2688,0.293,11.531,11.531,0.2688,24.3167,1.2655,0.0026,13.7902,0.0016,0.8361
1984,2026-09-26 08:00:00,H02,Humidity,59.807,46.776,1.27044,0.5076,unhealthy,0,1.27044,0.5076,13.031,13.031,0.2704,27.8583,1.2672,0.0026,13.7356,0.0016,0.9486
1985,2026-09-26 08:05:00,H02,Humidity,64.427,47.573,1.27208,0.3115,unhealthy,0,1.27208,0.3115,16.854,16.854,0.2721,35.4277,1.2688,0.0026,13.3202,0.0016,1.2652
1986,2026-09-26 08:10:00,H02,Humidity,64.79,46.886,1.27372,0.3476,unhealthy,0,1.27372,0.3476,17.904,17.904,0.2737,38.1862,1.2704,0.0026,14.1296,0.0016,1.267
1987,2026-09-26 08:15:00,H02,Humidity,67.204,46.637,1.27535,0.5503,unhealthy,0,1.27535,0.5503,20.567,20.567,0.2754,44.1002,1.2721,0.0026,15.9774,0.0016,1.2872
1988,2026-09-26 08:20:00,H02,Humidity,62.995,46.441,1.27699,0.315,unhealthy,0,1.27699,0.315,16.554,16.554,0.277,35.6452,1.2737,0.0026,16.982,0.0016,0.9747
1989,2026-09-26 08:25:00,H02,Humidity,60.071,45.844,1.27863,0.2835,unhealthy,0,1.27863,0.2835,14.227,14.227,0.2786,31.0335,1.2754,0.0026,17.2212,0.0016,0.8261
1990,2026-09-26 08:30:00,H02,Humidity,61.875,47.737,1.28026,0.3801,unhealthy,0,1.28026,0.3801,14.138,14.138,0.2803,29.6164,1.277,0.0026,16.678,0.0016,0.8477
1991,2026-09-26 08:35:00,H02,Humidity,64.328,45.836,1.2819,0.3496,unhealthy,0,1.2819,0.3496,18.492,18.492,0.2819,40.3438,1.2786,0.0026,16.7956,0.0016,1.1009
1992,2026-09-26 08:40:00,H02,Humidity,64.457,46.962,1.28354,0.4695,unhealthy,0,1.28354,0.4695,17.495,17.495,0.2835,37.2535,1.2803,0.0026,16.1812,0.0016,1.0811
1993,2026-09-26 08:45:00,H02,Humidity,62.754,46.339,1.28518,0.3838,unhealthy,0,1.28518,0.3838,16.415,16.415,0.2852,35.4237,1.2819,0.0026,16.1534,0.0016,1.0161
1994,2026-09-26 08:50:00,H02,Humidity,62.673,46.644,1.28681,0.3457,unhealthy,0,1.28681,0.3457,16.029,16.029,0.2868,34.3645,1.2835,0.0026,16.5138,0.0016,0.9706
1995,2026-09-26 08:55:00,H02,Humidity,65.282,46.402,1.28845,0.3737,unhealthy,0,1.28845,0.3737,18.88,18.88,0.2885,40.6879,1.2852,0.0026,17.4622,0.0016,1.0811
1996,2026-09-26 09:00:00,H02,Humidity,62.655,46.75,1.29009,0.4494,unhealthy,0,1.29009,0.4494,15.905,15.905,0.2901,34.0214,1.2868,0.0026,16.9448,0.0016,0.9386
1997,2026-09-26 09:05:00,H02,Humidity,60.155,46.059,1.29172,0.4124,unhealthy,0,1.29172,0.4124,14.096,14.096,0.2917,30.6042,1.2885,0.0026,16.265,0.0016,0.8666
1998,2026-09-26 09:10:00,H02,Humidity,66.03,46.549,1.29336,0.3349,unhealthy,0,1.29336,0.3349,19.481,19.481,0.2934,41.8505,1.2901,0.0026,16.8782,0.0016,1.1541
1999,2026-09-26 09:15:00,H02,Humidity,60.286,44.803,1.295,0.418,unhealthy,0,1.295,0.418,15.483,15.483,0.295,34.558,1.2917,0.0026,16.769,0.0016,0.9233
2000,2026-09-25 00:00:00,C01,CO2,637.94,649.058,0.97173,14.808,healthy,0,0.97173,14.808,11.118,-11.118,0.0283,1.7129,0.9717,0.0,11.118,0.0,0.9999
2001,2026-09-25 00:05:00,C01,CO2,674.006,652.807,0.97277,11.0925,healthy,0,0.97277,11.0925,21.199,21.199,0.0272,3.2474,0.9722,0.0007,16.1585,0.001,1.3119
2002,2026-09-25 00:10:00,C01,CO2,636.626,635.414,0.97111,13.1449,healthy,0,0.97111,13.1449,1.212,1.212,0.0289,0.1907,0.9719,0.0008,11.1763,-0.0017,0.1084
2003,2026-09-25 00:15:00,C01,CO2,638.954,648.738,0.97196,10.6109,healthy,0,0.97196,10.6109,9.784,-9.784,0.028,1.5082,0.9719,0.0007,10.8282,0.0009,0.9035
2004,2026-09-25 00:20:00,C01,CO2,663.532,658.794,0.97003,14.8767,healthy,0,0.97003,14.8767,4.738,4.738,0.03,0.7192,0.9715,0.001,9.6102,-0.0019,0.493
2005,2026-09-25 00:25:00,C01,CO2,641.267,646.606,0.9687,9.604,healthy,0,0.9687,9.604,5.339,-5.339,0.0313,0.8257,0.9709,0.0016,8.4544,-0.0013,0.6314
2006,2026-09-25 00:30:00,C01,CO2,657.738,649.674,0.97294,14.9887,healthy,0,0.97294,14.9887,8.064,8.064,0.0271,1.2412,0.9709,0.0017,5.8274,0.0042,1.3836
2007,2026-09-25 00:35:00,C01,CO2,678.427,654.431,0.97513,12.636,healthy,0,0.97513,12.636,23.996,23.996,0.0249,3.6667,0.9718,0.0025,10.3842,0.0022,2.3106
2008,2026-09-25 00:40:00,C01,CO2,650.89,652.471,0.9704,9.4095,healthy,0,0.9704,9.4095,1.581,-1.581,0.0296,0.2423,0.9714,0.0026,8.7436,-0.0047,0.1808
2009,2026-09-25 00:45:00,C01,CO2,624.502,650.334,0.9702,13.9615,healthy,0,0.9702,13.9615,25.832,-25.832,0.0298,3.9721,0.9715,0.0025,12.9624,-0.0002,1.9927
2010,2026-09-25 00:50:00,C01,CO2,683.176,662.415,0.97253,12.5482,healthy,0,0.97253,12.5482,20.761,20.761,0.0275,3.1341,0.9722,0.002,16.0468,0.0023,1.2937
2011,2026-09-25 00:55:00,C01,CO2,667.21,657.449,0.97547,9.7697,healthy,0,0.97547,9.7697,9.761,9.761,0.0245,1.4847,0.9727,0.0025,16.3862,0.0029,0.5956
2012,2026-09-25 01:00:00,C01,CO2,674.922,676.673,0.96459,12.3569,healthy,0,0.96459,12.3569,1.751,-1.751,0.0354,0.2588,0.9706,0.004,11.9372,-0.0109,0.1467
2013,2026-09-25 01:05:00,C01,CO2,650.281,668.049,0.97612,11.2646,healthy,0,0.97612,11.2646,17.768,-17.768,0.0239,2.6597,0.9718,0.0047,15.1746,0.0115,1.1708
2014,2026-09-25 01:10:00,C01,CO2,670.475,669.961,0.97495,13.248,healthy,0,0.97495,13.248,0.514,0.514,0.0251,0.0767,0.9727,0.0047,10.111,-0.0012,0.0508
2015,2026-09-25 01:15:00,C01,CO2,680.029,669.449,0.96869,13.2888,healthy,0,0.96869,13.2888,10.58,10.58,0.0313,1.5804,0.972,0.0051,8.0748,-0.0063,1.3101
2016,2026-09-25 01:20:00,C01,CO2,680.74,667.718,0.97177,10.8377,healthy,0,0.97177,10.8377,13.022,13.022,0.0282,1.9502,0.9712,0.0047,8.727,0.0031,1.492
2017,2026-09-25 01:25:00,C01,CO2,676.751,671.846,0.9724,13.3539,healthy,0,0.9724,13.3539,4.905,4.905,0.0276,0.7301,0.9728,0.0029,9.3578,0.0006,0.5241
2018,2026-09-25 01:30:00,C01,CO2,683.243,680.428,0.97305,12.7057,healthy,0,0.97305,12.7057,2.815,2.815,0.027,0.4137,0.9722,0.0023,6.3672,0.0006,0.442
2019,2026-09-25 01:35:00,C01,CO2,672.188,681.145,0.9737,10.5729,healthy,0,0.9737,10.5729,8.957,-8.957,0.0263,1.315,0.9719,0.0019,8.0558,0.0007,1.1117
2020,2026-09-25 01:40:00,C01,CO2,665.498,677.696,0.9736,14.8061,healthy,0,0.9736,14.8061,12.198,-12.198,0.0264,1.7999,0.9729,0.0008,8.3794,-0.0001,1.4555
2021,2026-09-25 01:45:00,C01,CO2,715.895,687.21,0.97156,14.4658,healthy,0,0.97156,14.4658,28.685,28.685,0.0284,4.1741,0.9729,0.0009,11.512,-0.002,2.4915
2022,2026-09-25 01:50:00,C01,CO2,643.483,668.83,0.97205,8.8846,healthy,0,0.97205,8.8846,25.347,-25.347,0.028,3.7898,0.9728,0.001,15.6004,0.0005,1.6247
2023,2026-09-25 01:55:00,C01,CO2,682.994,670.975,0.97395,13.0655,healthy,0,0.97395,13.0655,12.019,12.019,0.0261,1.7913,0.973,0.0011,17.4412,0.0019,0.6891
2024,2026-09-25 02:00:00,C01,CO2,686.937,688.9,0.97367,12.5778,healthy,0,0.97367,12.5778,1.963,-1.963,0.0263,0.2849,0.973,0.0011,16.0424,-0.0003,0.1224
2025,2026-09-25 02:05:00,C01,CO2,658.108,693.062,0.97272,13.1978,healthy,0,0.97272,13.1978,34.954,-34.954,0.0273,5.0434,0.9728,0.001,20.5936,-0.001,1.6972
2026,2026-09-25 02:10:00,C01,CO2,656.66,677.59,0.97466,11.4073,healthy,0,0.97466,11.4073,20.93,-20.93,0.0253,3.0889,0.9734,0.001,19.0426,0.0019,1.0991
2027,2026-09-25 02:15:00,C01,CO2,714.749,692.112,0.9727,11.7996,healthy,0,0.9727,11.7996,22.637,22.637,0.0273,3.2707,0.9735,0.0008,18.5006,-0.002,1.2235
2028,2026-09-25 02:20:00,C01,CO2,664.562,698.143,0.97232,13.4936,healthy,0,0.97232,13.4936,33.581,-33.581,0.0277,4.81,0.9732,0.0009,22.813,-0.0004,1.4719
2029,2026-09-25 02:25:00,C01,CO2,670.252,697.031,0.97053,10.2318,healthy,0,0.97053,10.2318,26.779,-26.779,0.0295,3.8419,0.9726,0.0015,27.7762,-0.0018,0.9641
2030,2026-09-25 02:30:00,C01,CO2,663.998,675.486,0.97486,13.3567,healthy,0,0.97486,13.3567,11.488,-11.488,0.0251,1.7007,0.973,0.0018,23.083,0.0043,0.4977
2031,2026-09-25 02:35:00,C01,CO2,689.163,696.398,0.97151,12.8955,healthy,0,0.97151,12.8955,7.235,-7.235,0.0285,1.0389,0.9724,0.0016,20.344,-0.0033,0.3556
2032,2026-09-25 02:40:00,C01,CO2,697.684,689.522,0.97088,11.2703,healthy,0,0.97088,11.2703,8.162,8.162,0.0291,1.1837,0.972,0.0017,17.449,-0.0006,0.4677
2033,2026-09-25 02:45:00,C01,CO2,733.117,696.048,0.97187,10.1217,healthy,0,0.97187,10.1217,37.069,37.069,0.0281,5.3256,0.9719,0.0017,18.1466,0.001,2.0426
2034,2026-09-25 02:50:00,C01,CO2,709.509,691.28,0.97332,10.518,healthy,0,0.97332,10.518,18.229,18.229,0.0267,2.637,0.9725,0.0016,16.4366,0.0014,1.109
2035,2026-09-25 02:55:00,C01,CO2,698.704,701.41,0.96928,12.2564,healthy,0,0.96928,12.2564,2.706,-2.706,0.0307,0.3858,0.9714,0.0015,14.6802,-0.004,0.1843
2036,2026-09-25 03:00:00,C01,CO2,698.193,709.113,0.97559,10.2338,healthy,0,0.97559,10.2338,10.92,-10.92,0.0244,1.54,0.9722,0.0024,15.4172,0.0063,0.7083
2037,2026-09-25 03:05:00,C01,CO2,686.091,684.454,0.97344,14.7683,healthy,0,0.97344,14.7683,1.637,1.637,0.0266,0.2392,0.9727,0.0023,14.1122,-0.0021,0.116
2038,2026-09-25 03:10:00,C01,CO2,687.685,694.764,0.97137,13.1537,healthy,0,0.97137,13.1537,7.079,-7.079,0.0286,1.0189,0.9726,0.0024,8.1142,-0.0021,0.8723
2039,2026-09-25 03:15:00,C01,CO2,661.998,678.456,0.97356,12.3952,healthy,0,0.97356,12.3952,16.458,-16.458,0.0264,2.4258,0.9726,0.0024,7.76,0.0022,2.1206
2040,2026-09-25 03:20:00,C01,CO2,697.324,702.763,0.97117,13.3237,healthy,0,0.97117,13.3237,5.439,-5.439,0.0288,0.7739,0.973,0.0018,8.3066,-0.0024,0.6547
2041,2026-09-25 03:25:00,C01,CO2,713.713,701.563,0.97222,9.8981,healthy,0,0.97222,9.8981,12.15,12.15,0.0278,1.7318,0.9724,0.0011,8.5526,0.001,1.4205
2042,2026-09-25 03:30:00,C01,CO2,702.943,701.002,0.97184,13.4283,healthy,0,0.97184,13.4283,1.941,1.941,0.0282,0.2769,0.972,0.0009,8.6134,-0.0004,0.2253
2043,2026-09-25 03:35:00,C01,CO2,686.447,685.96,0.97438,11.2099,healthy,0,0.97438,11.2099,0.487,0.487,0.0256,0.071,0.9726,0.0013,7.295,0.0025,0.0667
2044,2026-09-25 03:40:00,C01,CO2,720.937,690.042,0.97314,11.2469,healthy,0,0.97314,11.2469,30.895,30.895,0.0269,4.4773,0.9726,0.0012,10.1824,-0.0012,3.0339
2045,2026-09-25 03:45:00,C01,CO2,697.801,696.769,0.97468,14.5598,healthy,0,0.97468,14.5598,1.032,1.032,0.0253,0.1481,0.9733,0.0013,9.301,0.0015,0.1109
2046,2026-09-25 03:50:00,C01,CO2,668.408,683.618,0.97052,11.3549,healthy,0,0.97052,11.3549,15.21,-15.21,0.0295,2.2249,0.9729,0.0017,9.913,-0.0042,1.5342
2047,2026-09-25 03:55:00,C01,CO2,694.749,681.454,0.97325,13.781,healthy,0,0.97325,13.781,13.295,13.295,0.0268,1.951,0.9732,0.0016,12.1838,0.0027,1.0911
2048,2026-09-25 04:00:00,C01,CO2,671.741,675.554,0.97408,14.1258,healthy,0,0.97408,14.1258,3.813,-3.813,0.0259,0.5644,0.9731,0.0016,12.849,0.0008,0.2967
2049,2026-09-25 04:05:00,C01,CO2,725.041,692.165,0.97445,10.5131,healthy,0,0.97445,10.5131,32.876,32.876,0.0255,4.7497,0.9734,0.0017,13.2452,0.0004,2.4819
2050,2026-09-25 04:10:00,C01,CO2,658.213,676.573,0.97461,13.7918,healthy,0,0.97461,13.7918,18.36,-18.36,0.0254,2.7137,0.9734,0.0017,16.7108,0.0002,1.0986
2051,2026-09-25 04:15:00,C01,CO2,683.456,681.962,0.97452,10.5581,healthy,0,0.97452,10.5581,1.494,1.494,0.0255,0.2191,0.9742,0.0006,13.9676,-0.0001,0.107
2052,2026-09-25 04:20:00,C01,CO2,709.832,686.667,0.97481,11.8144,healthy,0,0.97481,11.8144,23.165,23.165,0.0252,3.3735,0.9745,0.0003,15.9416,0.0003,1.453
2053,2026-09-25 04:25:00,C01,CO2,670.052,687.54,0.97318,11.4216,healthy,0,0.97318,11.4216,17.488,-17.488,0.0268,2.5436,0.9743,0.0006,18.6766,-0.0016,0.9363
2054,2026-09-25 04:30:00,C01,CO2,666.149,679.035,0.97563,12.1893,healthy,0,0.97563,12.1893,12.886,-12.886,0.0244,1.8977,0.9746,0.0009,14.6786,0.0024,0.8778
2055,2026-09-25 04:35:00,C01,CO2,672.898,680.777,0.97305,13.1839,healthy,0,0.97305,13.1839,7.879,-7.879,0.027,1.1574,0.9742,0.0011,12.5824,-0.0026,0.6261
2056,2026-09-25 04:40:00,C01,CO2,665.046,670.137,0.97164,13.1588,healthy,0,0.97164,13.1588,5.091,-5.091,0.0284,0.7597,0.9737,0.0016,13.3018,-0.0014,0.3827
2057,2026-09-25 04:45:00,C01,CO2,686.168,675.612,0.97146,13.1563,healthy,0,0.97146,13.1563,10.556,10.556,0.0285,1.5624,0.973,0.0017,10.78,-0.0002,0.9791
2058,2026-09-25 04:50:00,C01,CO2,682.243,671.854,0.97453,11.6878,healthy,0,0.97453,11.6878,10.389,10.389,0.0255,1.5463,0.9733,0.0018,9.3602,0.0031,1.1098
2059,2026-09-25 04:55:00,C01,CO2,643.862,669.26,0.97108,9.5495,healthy,0,0.97108,9.5495,25.398,-25.398,0.0289,3.7949,0.9724,0.0014,11.8626,-0.0034,2.1408
2060,2026-09-25 05:00:00,C01,CO2,650.345,649.037,0.97355,11.9228,healthy,0,0.97355,11.9228,1.308,1.308,0.0264,0.2015,0.9725,0.0015,10.5484,0.0025,0.124
2061,2026-09-25 05:05:00,C01,CO2,662.932,662.289,0.97386,13.3264,healthy,0,0.97386,13.3264,0.643,0.643,0.0261,0.0971,0.9729,0.0015,9.6588,0.0003,0.0666
2062,2026-09-25 05:10:00,C01,CO2,632.345,662.414,0.97299,14.4977,healthy,0,0.97299,14.4977,30.069,-30.069,0.027,4.5393,0.9732,0.0013,13.5614,-0.0009,2.2171
2063,2026-09-25 05:15:00,C01,CO2,660.972,654.564,0.97443,14.0719,healthy,0,0.97443,14.0719,6.408,6.408,0.0256,0.979,0.9732,0.0013,12.7652,0.0014,0.502
2064,2026-09-25 05:20:00,C01,CO2,656.592,656.13,0.97642,12.6767,healthy,0,0.97642,12.6767,0.462,0.462,0.0236,0.0704,0.9742,0.0013,7.778,0.002,0.0594
2065,2026-09-25 05:25:00,C01,CO2,681.239,665.385,0.97365,13.8197,healthy,0,0.97365,13.8197,15.854,15.854,0.0263,2.3827,0.9743,0.0013,10.6872,-0.0028,1.4833
2066,2026-09-25 05:30:00,C01,CO2,620.763,650.458,0.97624,8.7168,healthy,0,0.97624,8.7168,29.695,-29.695,0.0238,4.5652,0.9747,0.0015,16.4976,0.0026,1.7998
2067,2026-09-25 05:35:00,C01,CO2,635.638,645.98,0.97185,12.9539,healthy,0,0.97185,12.9539,10.342,-10.342,0.0282,1.601,0.9745,0.0019,12.5522,-0.0044,0.8239
2068,2026-09-25 05:40:00,C01,CO2,636.727,648.801,0.97229,15.4167,healthy,0,0.97229,15.4167,12.074,-12.074,0.0277,1.861,0.9741,0.0022,13.6854,0.0004,0.8822
2069,2026-09-25 05:45:00,C01,CO2,632.685,634.06,0.97494,11.3391,healthy,0,0.97494,11.3391,1.375,-1.375,0.0251,0.2169,0.9738,0.0018,13.868,0.0027,0.0991
2070,2026-09-25 05:50:00,C01,CO2,597.628,639.616,0.97417,10.3486,healthy,0,0.97417,10.3486,41.988,-41.988,0.0258,6.5646,0.9739,0.0018,19.0948,-0.0008,2.1988
2071,2026-09-25 05:55:00,C01,CO2,670.884,651.951,0.97319,14.019,healthy,0,0.97319,14.019,18.933,18.933,0.0268,2.9041,0.9733,0.0013,16.9424,-0.001,1.1174
2072,2026-09-25 06:00:00,C01,CO2,631.502,633.127,0.97282,13.1681,healthy,0,0.97282,13.1681,1.625,-1.625,0.0272,0.2567,0.9735,0.0011,15.199,-0.0004,0.1069
2073,2026-09-25 06:05:00,C01,CO2,631.54,635.426,0.97227,14.0353,healthy,0,0.97227,14.0353,3.886,-3.886,0.0277,0.6116,0.9735,0.0011,13.5614,-0.0006,0.2865
2074,2026-09-25 06:10:00,C01,CO2,644.569,640.039,0.97339,10.9637,healthy,0,0.97339,10.9637,4.53,4.53,0.0266,0.7078,0.9732,0.0007,14.1924,0.0011,0.3192
2075,2026-09-25 06:15:00,C01,CO2,638.598,621.777,0.9735,13.7467,healthy,0,0.9735,13.7467,16.821,16.821,0.0265,2.7053,0.973,0.0005,9.159,0.0001,1.8364
2076,2026-09-25 06:20:00,C01,CO2,616.825,623.964,0.97163,12.8361,healthy,0,0.97163,12.8361,7.139,-7.139,0.0284,1.1441,0.9727,0.0008,6.8002,-0.0019,1.0497
2077,2026-09-25 06:25:00,C01,CO2,630.465,614.452,0.97162,12.8303,healthy,0,0.97162,12.8303,16.013,16.013,0.0284,2.6061,0.9725,0.0009,9.6778,-0.0,1.6544
2078,2026-09-25 06:30:00,C01,CO2,653.829,639.418,0.97295,13.2597,healthy,0,0.97295,13.2597,14.411,14.411,0.0271,2.2538,0.9726,0.0009,11.7828,0.0013,1.223
2079,2026-09-25 06:35:00,C01,CO2,632.564,609.225,0.97066,12.5638,healthy,0,0.97066,12.5638,23.339,23.339,0.0293,3.8309,0.9721,0.0011,15.5446,-0.0023,1.5013
2080,2026-09-25 06:40:00,C01,CO2,633.614,627.212,0.97336,12.0678,healthy,0,0.97336,12.0678,6.402,6.402,0.0266,1.0207,0.972,0.0011,13.4608,0.0027,0.4756
2081,2026-09-25 06:45:00,C01,CO2,636.041,615.933,0.97114,11.3706,healthy,0,0.97114,11.3706,20.108,20.108,0.0289,3.2646,0.9719,0.0012,16.0546,-0.0022,1.2524
2082,2026-09-25 06:50:00,C01,CO2,598.857,612.06,0.9719,13.1165,healthy,0,0.9719,13.1165,13.203,-13.203,0.0281,2.1571,0.972,0.0012,15.4926,0.0008,0.8522
2083,2026-09-25 06:55:00,C01,CO2,614.173,618.055,0.97315,11.4733,healthy,0,0.97315,11.4733,3.882,-3.882,0.0269,0.6281,0.972,0.0012,13.3868,0.0012,0.29
2084,2026-09-25 07:00:00,C01,CO2,591.594,607.323,0.97547,12.7964,healthy,0,0.97547,12.7964,15.729,-15.729,0.0245,2.5899,0.973,0.0017,11.8648,0.0023,1.3256
2085,2026-09-25 07:05:00,C01,CO2,633.544,613.438,0.97304,9.0451,healthy,0,0.97304,9.0451,20.106,20.106,0.027,3.2776,0.9729,0.0016,14.6056,-0.0024,1.3765
2086,2026-09-25 07:10:00,C01,CO2,586.308,603.211,0.97688,13.6029,healthy,0,0.97688,13.6029,16.903,-16.903,0.0231,2.8022,0.9741,0.002,13.9646,0.0038,1.2103
2087,2026-09-25 07:15:00,C01,CO2,624.148,606.475,0.97455,12.0534,healthy,0,0.97455,12.0534,17.673,17.673,0.0254,2.9141,0.9746,0.0016,14.8586,-0.0023,1.1893
2088,2026-09-25 07:20:00,C01,CO2,613.32,604.269,0.97254,13.8352,healthy,0,0.97254,13.8352,9.051,9.051,0.0275,1.4978,0.9745,0.0018,15.8924,-0.002,0.5695
2089,2026-09-25 07:25:00,C01,CO2,584.795,598.471,0.97357,12.6612,healthy,0,0.97357,12.6612,13.676,-13.676,0.0264,2.2852,0.9741,0.0017,15.4818,0.001,0.8833
2090,2026-09-25 07:30:00,C01,CO2,592.557,593.368,0.96884,11.9684,healthy,0,0.96884,11.9684,0.811,-0.811,0.0312,0.1367,0.9733,0.003,11.6228,-0.0047,0.0698
2091,2026-09-25 07:35:00,C01,CO2,604.79,606.036,0.97434,11.7892,healthy,0,0.97434,11.7892,1.246,-1.246,0.0257,0.2056,0.9728,0.0023,8.4914,0.0055,0.1467
2092,2026-09-25 07:40:00,C01,CO2,596.605,595.088,0.97287,13.8628,healthy,0,0.97287,13.8628,1.517,1.517,0.0271,0.2549,0.9724,0.0021,5.2602,-0.0015,0.2883
2093,2026-09-25 07:45:00,C01,CO2,610.044,608.105,0.9746,14.5965,healthy,0,0.9746,14.5965,1.939,1.939,0.0254,0.3189,0.9728,0.0023,3.8378,0.0017,0.5051
2094,2026-09-25 07:50:00,C01,CO2,602.914,594.066,0.97394,11.8506,healthy,0,0.97394,11.8506,8.848,8.848,0.0261,1.4894,0.9729,0.0024,2.8722,-0.0007,3.0795
2095,2026-09-25 07:55:00,C01,CO2,576.659,591.847,0.97104,14.2347,healthy,0,0.97104,14.2347,15.188,-15.188,0.029,2.5662,0.9734,0.0015,5.7476,-0.0029,2.642
2096,2026-09-25 08:00:00,C01,CO2,574.937,603.326,0.97387,12.5514,healthy,0,0.97387,12.5514,28.389,-28.389,0.0261,4.7054,0.9733,0.0014,11.1762,0.0028,2.5399
2097,2026-09-25 08:05:00,C01,CO2,595.363,605.727,0.97083,13.8397,healthy,0,0.97083,13.8397,10.364,-10.364,0.0292,1.711,0.9729,0.0018,12.9456,-0.003,0.8005
2098,2026-09-25 08:10:00,C01,CO2,570.637,587.813,0.97404,13.2177,healthy,0,0.97404,13.2177,17.176,-17.176,0.026,2.922,0.9727,0.0017,15.993,0.0032,1.0739
2099,2026-09-25 08:15:00,C01,CO2,599.017,603.473,0.97229,12.5134,healthy,0,0.97229,12.5134,4.456,-4.456,0.0277,0.7384,0.9724,0.0015,15.1146,-0.0018,0.2948
2100,2026-09-25 08:20:00,C01,CO2,571.541,583.617,0.97417,12.8443,healthy,0,0.97417,12.8443,12.076,-12.076,0.0258,2.0692,0.973,0.0015,14.4922,0.0019,0.8332
2101,2026-09-25 08:25:00,C01,CO2,624.898,598.251,0.97281,12.5246,healthy,0,0.97281,12.5246,26.647,26.647,0.0272,4.4542,0.9728,0.0014,14.1438,-0.0014,1.8839
2102,2026-09-25 08:30:00,C01,CO2,583.939,578.485,0.96946,10.316,healthy,0,0.96946,10.316,5.454,5.454,0.0305,0.9428,0.9726,0.0019,13.1618,-0.0033,0.4143
2103,2026-09-25 08:35:00,C01,CO2,612.3,587.321,0.97214,10.9964,healthy,0,0.97214,10.9964,24.979,24.979,0.0279,4.253,0.9722,0.0017,14.7224,0.0027,1.6966
2104,2026-09-25 08:40:00,C01,CO2,597.282,604.585,0.9745,10.1491,healthy,0,0.9745,10.1491,7.303,-7.303,0.0255,1.2079,0.9726,0.002,15.2918,0.0024,0.4775
2105,2026-09-25 08:45:00,C01,CO2,614.161,595.444,0.97261,13.7633,healthy,0,0.97261,13.7633,18.717,18.717,0.0274,3.1434,0.9723,0.0018,16.62,-0.0019,1.1261
2106,2026-09-25 08:50:00,C01,CO2,596.687,603.299,0.97139,12.5319,healthy,0,0.97139,12.5319,6.612,-6.612,0.0286,1.096,0.972,0.0018,12.613,-0.0012,0.5242
2107,2026-09-25 08:55:00,C01,CO2,565.64,573.843,0.9741,13.2552,healthy,0,0.9741,13.2552,8.203,-8.203,0.0259,1.4295,0.9729,0.0013,13.1628,0.0027,0.6231
2108,2026-09-25 09:00:00,C01,CO2,596.875,576.815,0.97193,13.5067,healthy,0,0.97193,13.5067,20.06,20.06,0.0281,3.4777,0.9729,0.0014,12.179,-0.0022,1.647
2109,2026-09-25 09:05:00,C01,CO2,589.703,583.504,0.97492,13.3437,healthy,0,0.97492,13.3437,6.199,6.199,0.0251,1.0624,0.973,0.0015,11.9582,0.003,0.5183
2110,2026-09-25 09:10:00,C01,CO2,574.397,579.293,0.9702,11.1638,healthy,0,0.9702,11.1638,4.896,-4.896,0.0298,0.8452,0.9725,0.002,9.194,-0.0047,0.5325
2111,2026-09-25 09:15:00,C01,CO2,595.772,602.744,0.97138,13.5669,healthy,0,0.97138,13.5669,6.972,-6.972,0.0286,1.1567,0.9725,0.002,9.266,0.0012,0.7523
2112,2026-09-25 09:20:00,C01,CO2,598.667,593.123,0.97257,12.6755,healthy,0,0.97257,12.6755,5.544,5.544,0.0274,0.9347,0.9722,0.0018,8.7342,0.0012,0.6347
2113,2026-09-25 09:25:00,C01,CO2,576.831,588.143,0.97345,14.2609,healthy,0,0.97345,14.2609,11.312,-11.312,0.0265,1.9233,0.9725,0.0018,6.9846,0.0009,1.6193
2114,2026-09-25 09:30:00,C01,CO2,609.932,599.439,0.97217,11.8535,healthy,0,0.97217,11.8535,10.493,10.493,0.0278,1.7505,0.972,0.0012,7.8434,-0.0013,1.3376
2115,2026-09-25 09:35:00,C01,CO2,557.359,588.611,0.97334,12.7486,healthy,0,0.97334,12.7486,31.252,-31.252,0.0267,5.3094,0.9726,0.0009,13.1146,0.0012,2.3828
2116,2026-09-25 09:40:00,C01,CO2,600.517,595.02,0.96982,10.3627,healthy,0,0.96982,10.3627,5.497,5.497,0.0302,0.9238,0.9723,0.0015,12.8196,-0.0035,0.4288
2117,2026-09-25 09:45:00,C01,CO2,585.603,596.722,0.97511,10.7759,healthy,0,0.97511,10.7759,11.119,-11.119,0.0249,1.8633,0.9728,0.002,13.9346,0.0053,0.7979
2118,2026-09-25 09:50:00,C01,CO2,583.91,597.08,0.97515,12.6983,healthy,0,0.97515,12.6983,13.17,-13.17,0.0249,2.2057,0.9731,0.0022,14.3062,0.0,0.9205
2119,2026-09-25 09:55:00,C01,CO2,584.345,605.883,0.97218,12.0632,healthy,0,0.97218,12.0632,21.538,-21.538,0.0278,3.5548,0.9731,0.0022,16.5152,-0.003,1.3041
2120,2026-09-25 10:00:00,C01,CO2,627.358,601.09,0.97441,11.3513,healthy,0,0.97441,11.3513,26.268,26.268,0.0256,4.3701,0.9733,0.0023,15.5184,0.0022,1.6926
2121,2026-09-25 10:05:00,C01,CO2,562.032,592.415,0.97395,12.7455,healthy,0,0.97395,12.7455,30.383,-30.383,0.0261,5.1287,0.9742,0.0012,20.4956,-0.0005,1.4823
2122,2026-09-25 10:10:00,C01,CO2,625.019,602.139,0.97361,9.7604,healthy,0,0.97361,9.7604,22.88,22.88,0.0264,3.7998,0.9739,0.0011,22.8478,-0.0003,1.0014
2123,2026-09-25 10:15:00,C01,CO2,596.66,602.817,0.97518,9.8358,healthy,0,0.97518,9.8358,6.157,-6.157,0.0248,1.0214,0.9739,0.0011,21.4452,0.0016,0.2871
2124,2026-09-25 10:20:00,C01,CO2,615.731,609.633,0.96956,11.8383,healthy,0,0.96956,11.8383,6.098,6.098,0.0304,1.0003,0.9733,0.0022,18.3572,-0.0056,0.3322
2125,2026-09-25 10:25:00,C01,CO2,588.939,588.042,0.97006,14.4831,healthy,0,0.97006,14.4831,0.897,0.897,0.0299,0.1525,0.9725,0.0025,13.283,0.0005,0.0675
2126,2026-09-25 10:30:00,C01,CO2,619.202,612.621,0.97306,16.0938,healthy,0,0.97306,16.0938,6.581,6.581,0.0269,1.0742,0.9723,0.0024,8.5226,0.003,0.7721
2127,2026-09-25 10:35:00,C01,CO2,624.561,614.933,0.97221,12.7261,healthy,0,0.97221,12.7261,9.628,9.628,0.0278,1.5657,0.972,0.0023,5.8722,-0.0009,1.6393
2128,2026-09-25 10:40:00,C01,CO2,620.677,613.148,0.97262,12.4141,healthy,0,0.97262,12.4141,7.529,7.529,0.0274,1.2279,0.9715,0.0016,6.1466,0.0004,1.2247
2129,2026-09-25 10:45:00,C01,CO2,617.402,612.591,0.97065,12.7474,healthy,0,0.97065,12.7474,4.811,4.811,0.0293,0.7854,0.9717,0.0013,5.8892,-0.002,0.8168
2130,2026-09-25 10:50:00,C01,CO2,638.27,603.311,0.97451,13.0291,healthy,0,0.97451,13.0291,34.959,34.959,0.0255,5.7945,0.9726,0.0014,12.7016,0.0039,2.7521
2131,2026-09-25 10:55:00,C01,CO2,641.117,612.295,0.97497,13.2187,healthy,0,0.97497,13.2187,28.822,28.822,0.025,4.7072,0.973,0.0018,17.1498,0.0005,1.6805
2132,2026-09-25 11:00:00,C01,CO2,605.956,607.125,0.97171,11.0064,healthy,0,0.97171,11.0064,1.169,-1.169,0.0283,0.1925,0.9729,0.0018,15.458,-0.0033,0.0756
2133,2026-09-25 11:05:00,C01,CO2,574.961,607.923,0.96965,9.2099,healthy,0,0.96965,9.2099,32.962,-32.962,0.0303,5.4221,0.9723,0.0024,20.5446,-0.0021,1.6043
2134,2026-09-25 11:10:00,C01,CO2,613.399,623.285,0.97179,10.5594,healthy,0,0.97179,10.5594,9.886,-9.886,0.0282,1.5861,0.9725,0.0022,21.5596,0.0021,0.4585
2135,2026-09-25 11:15:00,C01,CO2,637.7,616.447,0.97077,14.8183,healthy,0,0.97077,14.8183,21.253,21.253,0.0292,3.4477,0.9718,0.002,18.8184,-0.001,1.1293
2136,2026-09-25 11:20:00,C01,CO2,624.613,634.402,0.97306,12.8307,healthy,0,0.97306,12.8307,9.789,-9.789,0.0269,1.543,0.9714,0.0013,15.0118,0.0023,0.652
2137,2026-09-25 11:25:00,C01,CO2,636.187,618.251,0.97274,13.3885,healthy,0,0.97274,13.3885,17.936,17.936,0.0273,2.9011,0.9716,0.0014,18.3652,-0.0003,0.9766
2138,2026-09-25 11:30:00,C01,CO2,595.381,622.654,0.97019,13.511,healthy,0,0.97019,13.511,27.273,-27.273,0.0298,4.3801,0.9717,0.0012,17.2274,-0.0026,1.583
2139,2026-09-25 11:35:00,C01,CO2,605.446,628.624,0.97288,11.8418,healthy,0,0.97288,11.8418,23.178,-23.178,0.0271,3.6871,0.9719,0.0013,19.8858,0.0027,1.1655
2140,2026-09-25 11:40:00,C01,CO2,645.793,628.367,0.97599,13.2976,healthy,0,0.97599,13.2976,17.426,17.426,0.024,2.7732,0.973,0.0021,19.1204,0.0031,0.9113
2141,2026-09-25 11:45:00,C01,CO2,625.804,624.188,0.97321,12.5425,healthy,0,0.97321,12.5425,1.616,1.616,0.0268,0.2589,0.973,0.0021,17.4858,-0.0028,0.0924
2142,2026-09-25 11:50:00,C01,CO2,648.905,639.706,0.97299,10.6258,healthy,0,0.97299,10.6258,9.199,9.199,0.027,1.438,0.9731,0.0021,15.7384,-0.0002,0.5845
2143,2026-09-25 11:55:00,C01,CO2,651.22,644.073,0.97534,14.4555,healthy,0,0.97534,14.4555,7.147,7.147,0.0247,1.1097,0.9741,0.0015,11.7132,0.0023,0.6101
2144,2026-09-25 12:00:00,C01,CO2,645.221,631.429,0.96964,12.0694,healthy,0,0.96964,12.0694,13.792,13.792,0.0304,2.1843,0.9734,0.0025,9.836,-0.0057,1.4021
2145,2026-09-25 12:05:00,C01,CO2,677.202,648.646,0.97325,12.3552,healthy,0,0.97325,12.3552,28.556,28.556,0.0268,4.4024,0.9729,0.002,12.062,0.0036,2.3672
2146,2026-09-25 12:10:00,C01,CO2,633.639,648.768,0.97253,11.4418,healthy,0,0.97253,11.4418,15.129,-15.129,0.0275,2.332,0.9728,0.002,14.7646,-0.0007,1.0246
2147,2026-09-25 12:15:00,C01,CO2,638.109,638.38,0.97068,12.8314,healthy,0,0.97068,12.8314,0.271,-0.271,0.0293,0.0425,0.9723,0.0022,12.979,-0.0019,0.0209
2148,2026-09-25 12:20:00,C01,CO2,634.096,646.446,0.97417,15.1238,healthy,0,0.97417,15.1238,12.35,-12.35,0.0258,1.9104,0.9721,0.0019,14.0196,0.0035,0.8808
2149,2026-09-25 12:25:00,C01,CO2,644.11,646.025,0.96827,12.3705,healthy,0,0.96827,12.3705,1.915,-1.915,0.0317,0.2964,0.9718,0.0023,11.6442,-0.0059,0.1644
2150,2026-09-25 12:30:00,C01,CO2,662.838,659.947,0.97253,11.5278,healthy,0,0.97253,11.5278,2.891,2.891,0.0275,0.4381,0.9716,0.0023,6.5112,0.0043,0.4439
2151,2026-09-25 12:35:00,C01,CO2,679.169,659.574,0.96946,13.9203,healthy,0,0.96946,13.9203,19.595,19.595,0.0305,2.9709,0.971,0.0024,7.4044,-0.0031,2.646
2152,2026-09-25 12:40:00,C01,CO2,679.36,661.617,0.97083,11.921,healthy,0,0.97083,11.921,17.743,17.743,0.0292,2.6818,0.9711,0.0024,10.8988,0.0014,1.6278
2153,2026-09-25 12:45:00,C01,CO2,654.66,652.257,0.97396,12.3338,healthy,0,0.97396,12.3338,2.403,2.403,0.026,0.3684,0.971,0.0023,8.9094,0.0031,0.2697
2154,2026-09-25 12:50:00,C01,CO2,632.729,655.37,0.97336,12.7986,healthy,0,0.97336,12.7986,22.641,-22.641,0.0266,3.4547,0.972,0.0019,13.0546,-0.0006,1.7342
2155,2026-09-25 12:55:00,C01,CO2,626.892,663.608,0.97393,11.8321,healthy,0,0.97393,11.8321,36.716,-36.716,0.0261,5.5328,0.9723,0.002,19.8196,0.0006,1.8524
2156,2026-09-25 13:00:00,C01,CO2,686.169,664.739,0.97563,11.8933,healthy,0,0.97563,11.8933,21.43,21.43,0.0244,3.2238,0.9735,0.0017,20.1866,0.0017,1.0615
2157,2026-09-25 13:05:00,C01,CO2,649.078,661.417,0.97038,12.4023,healthy,0,0.97038,12.4023,12.339,-12.339,0.0296,1.8655,0.9735,0.0019,19.1058,-0.0052,0.6458
2158,2026-09-25 13:10:00,C01,CO2,665.216,671.841,0.97195,14.6209,healthy,0,0.97195,14.6209,6.625,-6.625,0.0281,0.9861,0.973,0.002,19.9502,0.0016,0.3321
2159,2026-09-25 13:15:00,C01,CO2,694.036,671.842,0.97389,13.8445,healthy,0,0.97389,13.8445,22.194,22.194,0.0261,3.3035,0.9732,0.002,19.8608,0.0019,1.1174
2160,2026-09-25 13:20:00,C01,CO2,701.775,671.149,0.9719,9.5391,healthy,0,0.9719,9.5391,30.626,30.626,0.0281,4.5632,0.9727,0.002,18.6428,-0.002,1.6427
2161,2026-09-25 13:25:00,C01,CO2,678.04,677.297,0.9742,13.2436,healthy,0,0.9742,13.2436,0.743,0.743,0.0258,0.1097,0.9725,0.0016,14.5054,0.0023,0.0512
2162,2026-09-25 13:30:00,C01,CO2,664.578,678.832,0.97158,11.9569,healthy,0,0.97158,11.9569,14.254,-14.254,0.0284,2.0998,0.9727,0.0012,14.8884,-0.0026,0.9573
2163,2026-09-25 13:35:00,C01,CO2,723.874,689.428,0.97382,15.3743,healthy,0,0.97382,15.3743,34.446,34.446,0.0262,4.9963,0.9731,0.0012,20.4526,0.0022,1.6841
2164,2026-09-25 13:40:00,C01,CO2,671.352,668.69,0.97467,10.3731,healthy,0,0.97467,10.3731,2.662,2.662,0.0253,0.3981,0.9732,0.0014,16.5462,0.0009,0.1609
2165,2026-09-25 13:45:00,C01,CO2,688.385,682.98,0.97013,11.3037,healthy,0,0.97013,11.3037,5.405,5.405,0.0299,0.7914,0.9729,0.0019,11.502,-0.0045,0.4699
2166,2026-09-25 13:50:00,C01,CO2,660.891,683.263,0.97066,11.363,healthy,0,0.97066,11.363,22.372,-22.372,0.0293,3.2743,0.9722,0.002,15.8278,0.0005,1.4134
2167,2026-09-25 13:55:00,C01,CO2,690.873,674.16,0.97196,13.8912,healthy,0,0.97196,13.8912,16.713,16.713,0.028,2.4791,0.9722,0.002,16.3196,0.0013,1.024
2168,2026-09-25 14:00:00,C01,CO2,705.518,698.091,0.97355,12.6924,healthy,0,0.97355,12.6924,7.427,7.427,0.0264,1.0639,0.9722,0.0019,10.9158,0.0016,0.6803
2169,2026-09-25 14:05:00,C01,CO2,660.093,689.057,0.96947,15.2433,healthy,0,0.96947,15.2433,28.964,-28.964,0.0305,4.2034,0.9712,0.0016,16.1762,-0.0041,1.7904
2170,2026-09-25 14:10:00,C01,CO2,702.989,695.019,0.97281,10.7758,healthy,0,0.97281,10.7758,7.97,7.97,0.0272,1.1467,0.9717,0.0016,16.6892,0.0033,0.4775
2171,2026-09-25 14:15:00,C01,CO2,664.434,686.417,0.97133,10.3378,healthy,0,0.97133,10.3378,21.983,-21.983,0.0287,3.2026,0.9718,0.0016,16.6114,-0.0015,1.3233
2172,2026-09-25 14:20:00,C01,CO2,684.108,683.53,0.97193,10.5942,healthy,0,0.97193,10.5942,0.578,0.578,0.0281,0.0846,0.9718,0.0016,13.3844,0.0006,0.0432
2173,2026-09-25 14:25:00,C01,CO2,685.16,680.819,0.97342,14.2571,healthy,0,0.97342,14.2571,4.341,4.341,0.0266,0.6376,0.9718,0.0015,12.7672,0.0015,0.34
2174,2026-09-25 14:30:00,C01,CO2,685.849,688.752,0.97163,14.5791,healthy,0,0.97163,14.5791,2.903,-2.903,0.0284,0.4215,0.9722,0.0009,7.555,-0.0018,0.3842
2175,2026-09-25 14:35:00,C01,CO2,729.854,708.663,0.97033,12.8449,healthy,0,0.97033,12.8449,21.191,21.191,0.0297,2.9903,0.9717,0.0011,10.1992,-0.0013,2.0775
2176,2026-09-25 14:40:00,C01,CO2,691.064,685.246,0.97223,13.3492,healthy,0,0.97223,13.3492,5.818,5.818,0.0278,0.849,0.9719,0.0011,6.9662,0.0019,0.8351
2177,2026-09-25 14:45:00,C01,CO2,716.515,694.96,0.97502,11.8899,healthy,0,0.97502,11.8899,21.555,21.555,0.025,3.1016,0.9725,0.0018,11.1616,0.0028,1.931
2178,2026-09-25 14:50:00,C01,CO2,666.488,678.105,0.97485,14.1308,healthy,0,0.97485,14.1308,11.617,-11.617,0.0252,1.7132,0.9728,0.0021,12.6168,-0.0002,0.9207
2179,2026-09-25 14:55:00,C01,CO2,675.245,680.271,0.97224,13.0157,healthy,0,0.97224,13.0157,5.026,-5.026,0.0278,0.7388,0.9729,0.002,13.0414,-0.0026,0.3854
2180,2026-09-25 15:00:00,C01,CO2,665.653,694.965,0.97658,10.3629,healthy,0,0.97658,10.3629,29.312,-29.312,0.0234,4.2178,0.9742,0.0019,14.6656,0.0043,1.9986
2181,2026-09-25 15:05:00,C01,CO2,709.635,690.632,0.97134,11.6895,healthy,0,0.97134,11.6895,19.003,19.003,0.0287,2.7515,0.974,0.0022,17.3026,-0.0052,1.0982
2182,2026-09-25 15:10:00,C01,CO2,689.519,690.101,0.97264,11.7548,healthy,0,0.97264,11.7548,0.582,-0.582,0.0274,0.0843,0.9735,0.0021,13.108,0.0013,0.0444
2183,2026-09-25 15:15:00,C01,CO2,710.216,692.776,0.97827,12.8295,healthy,0,0.97827,12.8295,17.44,17.44,0.0217,2.5174,0.9742,0.003,14.2726,0.0056,1.2218
2184,2026-09-25 15:20:00,C01,CO2,696.004,691.82,0.96864,11.5594,healthy,0,0.96864,11.5594,4.184,4.184,0.0314,0.6048,0.9735,0.0039,14.1042,-0.0096,0.2966
2185,2026-09-25 15:25:00,C01,CO2,673.512,695.412,0.97312,13.7905,healthy,0,0.97312,13.7905,21.9,-21.9,0.0269,3.1492,0.9728,0.0035,12.6218,0.0045,1.735
2186,2026-09-25 15:30:00,C01,CO2,706.63,689.821,0.97536,10.9527,healthy,0,0.97536,10.9527,16.809,16.809,0.0246,2.4367,0.9736,0.0036,12.183,0.0022,1.3796
2187,2026-09-25 15:35:00,C01,CO2,699.229,696.847,0.97023,12.9168,healthy,0,0.97023,12.9168,2.382,2.382,0.0298,0.3418,0.9731,0.0039,12.543,-0.0051,0.1899
2188,2026-09-25 15:40:00,C01,CO2,684.445,686.79,0.96965,12.0154,healthy,0,0.96965,12.0154,2.345,-2.345,0.0303,0.3414,0.9714,0.0028,9.524,-0.0006,0.2462
2189,2026-09-25 15:45:00,C01,CO2,658.841,674.565,0.97009,11.0195,healthy,0,0.97009,11.0195,15.724,-15.724,0.0299,2.331,0.9717,0.0025,11.832,0.0004,1.3288
2190,2026-09-25 15:50:00,C01,CO2,700.344,688.85,0.97452,11.9442,healthy,0,0.97452,11.9442,11.494,11.494,0.0255,1.6686,0.972,0.0027,9.7508,0.0044,1.1787
2191,2026-09-25 15:55:00,C01,CO2,689.208,692.559,0.97253,13.0221,healthy,0,0.97253,13.0221,3.351,-3.351,0.0275,0.4839,0.9714,0.0021,7.0592,-0.002,0.4746
2192,2026-09-25 16:00:00,C01,CO2,674.099,675.919,0.97121,12.8992,healthy,0,0.97121,12.8992,1.82,-1.82,0.0288,0.2693,0.9716,0.002,6.9468,-0.0013,0.262
2193,2026-09-25 16:05:00,C01,CO2,665.787,688.71,0.96893,9.9401,healthy,0,0.96893,9.9401,22.923,-22.923,0.0311,3.3284,0.9715,0.0022,11.0624,-0.0023,2.072
2194,2026-09-25 16:10:00,C01,CO2,694.486,683.19,0.96994,12.8902,healthy,0,0.96994,12.8902,11.296,11.296,0.0301,1.6534,0.9714,0.0022,10.1768,0.001,1.1099
2195,2026-09-25 16:15:00,C01,CO2,666.947,691.992,0.97551,11.3669,healthy,0,0.97551,11.3669,25.045,-25.045,0.0245,3.6193,0.9716,0.0026,12.887,0.0056,1.9433
2196,2026-09-25 16:20:00,C01,CO2,674.117,674.482,0.97465,11.8255,healthy,0,0.97465,11.8255,0.365,-0.365,0.0253,0.0541,0.972,0.0029,12.2898,-0.0009,0.0297
2197,2026-09-25 16:25:00,C01,CO2,674.571,673.57,0.97586,10.8883,healthy,0,0.97586,10.8883,1.001,1.001,0.0241,0.1486,0.973,0.0033,12.126,0.0012,0.0825
2198,2026-09-25 16:30:00,C01,CO2,698.928,684.516,0.97638,11.3678,healthy,0,0.97638,11.3678,14.412,14.412,0.0236,2.1054,0.9745,0.0026,10.4238,0.0005,1.3825
2199,2026-09-25 16:35:00,C01,CO2,656.504,669.848,0.97545,15.0042,healthy,0,0.97545,15.0042,13.344,-13.344,0.0245,1.9921,0.9756,0.0006,10.8334,-0.0009,1.2316
2200,2026-09-25 16:40:00,C01,CO2,686.027,677.812,0.97493,11.9686,healthy,0,0.97493,11.9686,8.215,8.215,0.0251,1.212,0.9755,0.0007,7.4674,-0.0005,1.1
2201,2026-09-25 16:45:00,C01,CO2,674.83,675.669,0.97672,9.4535,healthy,0,0.97672,9.4535,0.839,-0.839,0.0233,0.1242,0.9759,0.0007,7.5622,0.0018,0.1109
2202,2026-09-25 16:50:00,C01,CO2,656.166,659.99,0.97273,11.2357,healthy,0,0.97273,11.2357,3.824,-3.824,0.0273,0.5794,0.9752,0.0016,8.1268,-0.004,0.4705
2203,2026-09-25 16:55:00,C01,CO2,655.363,660.954,0.97301,14.0208,healthy,0,0.97301,14.0208,5.591,-5.591,0.027,0.8459,0.9746,0.0017,6.3626,0.0003,0.8786
2204,2026-09-25 17:00:00,C01,CO2,682.5,676.33,0.97479,15.4611,healthy,0,0.97479,15.4611,6.17,6.17,0.0252,0.9123,0.9744,0.0016,4.9278,0.0018,1.2518
2205,2026-09-25 17:05:00,C01,CO2,660.061,663.179,0.96953,11.2375,healthy,0,0.96953,11.2375,3.118,-3.118,0.0305,0.4702,0.9734,0.0027,3.9084,-0.0053,0.7976
2206,2026-09-25 17:10:00,C01,CO2,634.441,660.967,0.9774,12.0995,healthy,0,0.9774,12.0995,26.526,-26.526,0.0226,4.0132,0.9735,0.0029,9.0458,0.0079,2.9321
2207,2026-09-25 17:15:00,C01,CO2,696.493,664.578,0.97391,11.7216,healthy,0,0.97391,11.7216,31.915,31.915,0.0261,4.8023,0.9737,0.0029,14.664,-0.0035,2.1763
2208,2026-09-25 17:20:00,C01,CO2,629.031,643.287,0.9752,11.9734,healthy,0,0.9752,11.9734,14.256,-14.256,0.0248,2.2161,0.9742,0.0029,16.397,0.0013,0.8694
2209,2026-09-25 17:25:00,C01,CO2,1116.682,660.299,0.96825,11.6091,anomaly,1,0.96825,11.6091,456.383,456.383,0.0317,69.1176,0.9729,0.0039,106.4396,-0.0069,4.2877
2210,2026-09-25 17:30:00,C01,CO2,651.924,646.046,0.97321,13.4556,healthy,0,0.97321,13.4556,5.878,5.878,0.0268,0.9098,0.9736,0.0034,106.9916,0.005,0.0549
2211,2026-09-25 17:35:00,C01,CO2,632.93,643.322,0.97144,10.9223,healthy,0,0.97144,10.9223,10.392,-10.392,0.0286,1.6154,0.9724,0.0027,103.7648,-0.0018,0.1001
2212,2026-09-25 17:40:00,C01,CO2,452.038,639.338,0.97265,13.1617,anomaly,1,0.97265,13.1617,187.3,-187.3,0.0273,29.2959,0.9721,0.0026,134.8418,0.0012,1.389
2213,2026-09-25 17:45:00,C01,CO2,648.895,639.839,0.9741,13.6779,healthy,0,0.9741,13.6779,9.056,9.056,0.0259,1.4154,0.9719,0.0023,133.8018,0.0014,0.0677
2214,2026-09-25 17:50:00,C01,CO2,651.392,640.118,0.97567,14.0788,healthy,0,0.97567,14.0788,11.274,11.274,0.0243,1.7612,0.9734,0.0016,44.78,0.0016,0.2518
2215,2026-09-25 17:55:00,C01,CO2,627.082,634.638,0.96918,11.7413,healthy,0,0.96918,11.7413,7.556,-7.556,0.0308,1.1906,0.9726,0.0025,45.1156,-0.0065,0.1675
2216,2026-09-25 18:00:00,C01,CO2,625.878,638.574,0.9742,11.5577,healthy,0,0.9742,11.5577,12.696,-12.696,0.0258,1.9882,0.9732,0.0025,45.5764,0.005,0.2786
2217,2026-09-25 18:05:00,C01,CO2,1083.281,630.41,0.97182,14.5604,anomaly,1,0.97182,14.5604,452.871,452.871,0.0282,71.8375,0.973,0.0025,98.6906,-0.0024,4.5887
2218,2026-09-25 18:10:00,C01,CO2,1092.344,643.222,0.96652,12.5028,anomaly,1,0.96652,12.5028,449.122,449.122,0.0335,69.8238,0.9715,0.0037,186.7038,-0.0053,2.4055
2219,2026-09-25 18:15:00,C01,CO2,628.512,634.62,0.971,12.1878,healthy,0,0.971,12.1878,6.108,-6.108,0.029,0.9625,0.9705,0.0029,185.6706,0.0045,0.0329
2220,2026-09-25 18:20:00,C01,CO2,650.894,638.615,0.97114,11.1386,healthy,0,0.97114,11.1386,12.279,12.279,0.0289,1.9228,0.9709,0.0028,186.6152,0.0001,0.0658
2221,2026-09-25 18:25:00,C01,CO2,602.334,624.391,0.97562,12.572,healthy,0,0.97562,12.572,22.057,-22.057,0.0244,3.5326,0.9712,0.0032,188.4874,0.0045,0.117
2222,2026-09-25 18:30:00,C01,CO2,645.614,618.696,0.97362,11.3378,healthy,0,0.97362,11.3378,26.918,26.918,0.0264,4.3508,0.9716,0.0034,103.2968,-0.002,0.2606
2223,2026-09-25 18:35:00,C01,CO2,637.979,625.436,0.97617,13.2975,healthy,0,0.97617,13.2975,12.543,12.543,0.0238,2.0055,0.9735,0.0024,15.981,0.0025,0.7848
2224,2026-09-25 18:40:00,C01,CO2,623.083,624.33,0.97219,9.8531,healthy,0,0.97219,9.8531,1.247,-1.247,0.0278,0.1997,0.9737,0.0022,15.0088,-0.004,0.0831
2225,2026-09-25 18:45:00,C01,CO2,617.689,615.15,0.97357,12.1951,healthy,0,0.97357,12.1951,2.539,2.539,0.0264,0.4127,0.9742,0.0016,13.0608,0.0014,0.1944
2226,2026-09-25 18:50:00,C01,CO2,598.842,603.536,0.97171,11.9535,healthy,0,0.97171,11.9535,4.694,-4.694,0.0283,0.7777,0.9735,0.0017,9.5882,-0.0019,0.4895
2227,2026-09-25 18:55:00,C01,CO2,873.585,608.617,0.96698,13.711,anomaly,1,0.96698,13.711,264.968,264.968,0.033,43.5361,0.9721,0.0034,57.1982,-0.0047,4.6324
2228,2026-09-25 19:00:00,C01,CO2,432.987,617.363,0.97072,12.492,anomaly,1,0.97072,12.492,184.376,-184.376,0.0293,29.8651,0.971,0.0025,91.5648,0.0037,2.0136
2229,2026-09-25 19:05:00,C01,CO2,621.43,621.011,0.96856,12.5152,healthy,0,0.96856,12.5152,0.419,0.419,0.0314,0.0675,0.9703,0.0026,91.3992,-0.0022,0.0046
2230,2026-09-25 19:10:00,C01,CO2,628.301,622.789,0.97367,14.6969,healthy,0,0.97367,14.6969,5.512,5.512,0.0263,0.8851,0.9703,0.0026,91.9938,0.0051,0.0599
2231,2026-09-25 19:15:00,C01,CO2,427.066,616.639,0.97764,11.9885,anomaly,1,0.97764,11.9885,189.573,-189.573,0.0224,30.7429,0.9715,0.0042,128.9696,0.004,1.4699
2232,2026-09-25 19:20:00,C01,CO2,420.681,610.533,0.96731,11.9444,anomaly,1,0.96731,11.9444,189.852,-189.852,0.0327,31.0961,0.9716,0.0042,113.9464,-0.0103,1.6661
2233,2026-09-25 19:25:00,C01,CO2,600.862,608.354,0.96901,9.8987,healthy,0,0.96901,9.8987,7.492,-7.492,0.031,1.2315,0.9712,0.0043,78.5696,0.0017,0.0954
2234,2026-09-25 19:30:00,C01,CO2,591.712,597.311,0.97051,12.9444,healthy,0,0.97051,12.9444,5.599,-5.599,0.0295,0.9374,0.9716,0.0041,79.6056,0.0015,0.0703
2235,2026-09-25 19:35:00,C01,CO2,1052.679,611.04,0.97294,10.7793,anomaly,1,0.97294,10.7793,441.639,441.639,0.0271,72.2766,0.9715,0.004,166.831,0.0024,2.6472
2236,2026-09-25 19:40:00,C01,CO2,605.535,601.363,0.97671,12.0986,healthy,0,0.97671,12.0986,4.172,4.172,0.0233,0.6938,0.9713,0.0037,129.7508,0.0038,0.0322
2237,2026-09-25 19:45:00,C01,CO2,574.313,587.186,0.96849,11.3997,healthy,0,0.96849,11.3997,12.873,-12.873,0.0315,2.1923,0.9715,0.0034,94.355,-0.0082,0.1364
2238,2026-09-25 19:50:00,C01,CO2,624.516,593.962,0.97249,13.2212,healthy,0,0.97249,13.2212,30.554,30.554,0.0275,5.1441,0.9722,0.0031,98.9674,0.004,0.3087
2239,2026-09-25 19:55:00,C01,CO2,590.937,595.155,0.97136,12.5438,healthy,0,0.97136,12.5438,4.218,-4.218,0.0286,0.7087,0.9724,0.003,98.6912,-0.0011,0.0427
2240,2026-09-25 20:00:00,C01,CO2,593.366,596.585,0.97164,13.3971,healthy,0,0.97164,13.3971,3.219,-3.219,0.0284,0.5396,0.9721,0.003,11.0072,0.0003,0.2924
2241,2026-09-25 20:05:00,C01,CO2,395.204,579.398,0.97206,9.9985,anomaly,1,0.97206,9.9985,184.194,-184.194,0.0279,31.7906,0.9712,0.0016,47.0116,0.0004,3.918
2242,2026-09-25 20:10:00,C01,CO2,829.897,597.143,0.97461,12.6592,anomaly,1,0.97461,12.6592,232.754,232.754,0.0254,38.9779,0.9724,0.0013,90.9878,0.0025,2.5581
2243,2026-09-25 20:15:00,C01,CO2,572.027,589.263,0.97099,12.7317,healthy,0,0.97099,12.7317,17.236,-17.236,0.029,2.925,0.9721,0.0014,88.3242,-0.0036,0.1951
2244,2026-09-25 20:20:00,C01,CO2,605.327,606.091,0.97405,10.8699,healthy,0,0.97405,10.8699,0.764,-0.764,0.026,0.1261,0.9727,0.0016,87.6334,0.0031,0.0087
2245,2026-09-25 20:25:00,C01,CO2,424.153,595.393,0.97297,11.9999,anomaly,1,0.97297,11.9999,171.24,-171.24,0.027,28.7608,0.9729,0.0015,121.2376,-0.0011,1.4124
2246,2026-09-25 20:30:00,C01,CO2,569.678,590.801,0.97099,11.7245,healthy,0,0.97099,11.7245,21.123,-21.123,0.029,3.5753,0.9727,0.0017,88.6234,-0.002,0.2383
2247,2026-09-25 20:35:00,C01,CO2,565.766,574.562,0.97338,13.3144,healthy,0,0.97338,13.3144,8.796,-8.796,0.0266,1.5309,0.9725,0.0014,43.8318,0.0024,0.2007
2248,2026-09-25 20:40:00,C01,CO2,576.848,578.379,0.97236,12.8347,healthy,0,0.97236,12.8347,1.531,-1.531,0.0276,0.2647,0.9727,0.0012,40.6908,-0.001,0.0376
2249,2026-09-25 20:45:00,C01,CO2,430.525,593.231,0.97131,11.4189,anomaly,1,0.97131,11.4189,162.706,-162.706,0.0287,27.4271,0.9722,0.001,73.0792,-0.001,2.2264
2250,2026-09-25 20:50:00,C01,CO2,637.209,598.185,0.97288,11.3641,healthy,0,0.97288,11.3641,39.024,39.024,0.0271,6.5237,0.9722,0.001,46.636,0.0016,0.8368
2251,2026-09-25 20:55:00,C01,CO2,598.892,598.672,0.96975,13.8085,healthy,0,0.96975,13.8085,0.22,0.22,0.0302,0.0367,0.9719,0.0014,42.4554,-0.0031,0.0052
2252,2026-09-25 21:00:00,C01,CO2,826.876,574.595,0.97143,11.9781,anomaly,1,0.97143,11.9781,252.281,252.281,0.0286,43.9059,0.9715,0.0012,91.1524,0.0017,2.7677
2253,2026-09-25 21:05:00,C01,CO2,586.613,590.601,0.97693,11.1557,healthy,0,0.97693,11.1557,3.988,-3.988,0.0231,0.6752,0.9725,0.0027,91.6438,0.0055,0.0435
2254,2026-09-25 21:10:00,C01,CO2,608.877,599.905,0.97646,13.2303,healthy,0,0.97646,13.2303,8.972,8.972,0.0235,1.4956,0.9735,0.0031,60.897,-0.0005,0.1473
2255,2026-09-25 21:15:00,C01,CO2,610.856,592.907,0.97281,12.4091,healthy,0,0.97281,12.4091,17.949,17.949,0.0272,3.0273,0.9735,0.0031,56.682,-0.0037,0.3167
2256,2026-09-25 21:20:00,C01,CO2,1035.569,585.283,0.97189,14.0489,anomaly,1,0.97189,14.0489,450.286,450.286,0.0281,76.9347,0.9739,0.0026,146.6952,-0.0009,3.0695
2257,2026-09-25 21:25:00,C01,CO2,602.392,592.024,0.96981,14.8761,healthy,0,0.96981,14.8761,10.368,10.368,0.0302,1.7513,0.9736,0.003,98.3126,-0.0021,0.1055
2258,2026-09-25 21:30:00,C01,CO2,573.658,576.588,0.97322,14.5469,healthy,0,0.97322,14.5469,2.93,-2.93,0.0268,0.5082,0.9728,0.0024,98.101,0.0034,0.0299
2259,2026-09-25 21:35:00,C01,CO2,602.179,588.254,0.97147,12.6674,healthy,0,0.97147,12.6674,13.925,13.925,0.0285,2.3672,0.9718,0.0013,99.0916,-0.0018,0.1405
2260,2026-09-25 21:40:00,C01,CO2,588.623,592.411,0.97396,13.9494,healthy,0,0.97396,13.9494,3.788,-3.788,0.026,0.6394,0.9721,0.0016,96.2594,0.0025,0.0394
2261,2026-09-25 21:45:00,C01,CO2,847.431,591.271,0.96653,15.0227,anomaly,1,0.96653,15.0227,256.16,256.16,0.0335,43.3236,0.971,0.003,57.4342,-0.0074,4.46
2262,2026-09-25 21:50:00,C01,CO2,614.251,589.441,0.96899,13.1757,healthy,0,0.96899,13.1757,24.81,24.81,0.031,4.2091,0.9708,0.0031,60.3226,0.0025,0.4113
2263,2026-09-25 21:55:00,C01,CO2,603.234,597.683,0.97262,11.0416,healthy,0,0.97262,11.0416,5.551,5.551,0.0274,0.9288,0.9707,0.003,60.8468,0.0036,0.0912
2264,2026-09-25 22:00:00,C01,CO2,585.179,598.963,0.97283,12.904,healthy,0,0.97283,12.904,13.784,-13.784,0.0272,2.3013,0.971,0.0031,60.8186,0.0002,0.2266
2265,2026-09-25 22:05:00,C01,CO2,596.657,599.895,0.9706,12.2604,healthy,0,0.9706,12.2604,3.238,-3.238,0.0294,0.5398,0.9703,0.0026,60.7086,-0.0022,0.0533
2266,2026-09-25 22:10:00,C01,CO2,597.247,606.723,0.97233,12.0866,healthy,0,0.97233,12.0866,9.476,-9.476,0.0277,1.5618,0.9715,0.0016,11.3718,0.0017,0.8332
2267,2026-09-25 22:15:00,C01,CO2,619.169,596.718,0.97127,12.7584,healthy,0,0.97127,12.7584,22.451,22.451,0.0287,3.7624,0.9719,0.001,10.9,-0.0011,2.0595
2268,2026-09-25 22:20:00,C01,CO2,628.548,620.894,0.97138,14.3228,healthy,0,0.97138,14.3228,7.654,7.654,0.0286,1.2327,0.9717,0.0009,11.3206,0.0001,0.6761
2269,2026-09-25 22:25:00,C01,CO2,600.23,597.728,0.9713,12.6221,healthy,0,0.9713,12.6221,2.502,2.502,0.0287,0.4186,0.9714,0.0006,9.0642,-0.0001,0.276
2270,2026-09-25 22:30:00,C01,CO2,1056.32,607.631,0.97339,11.6967,anomaly,1,0.97339,11.6967,448.689,448.689,0.0266,73.8423,0.9719,0.0009,98.1544,0.0021,4.5712
2271,2026-09-25 22:35:00,C01,CO2,629.965,614.332,0.97339,12.3169,healthy,0,0.97339,12.3169,15.633,15.633,0.0266,2.5447,0.9721,0.0011,99.3858,0.0,0.1573
2272,2026-09-25 22:40:00,C01,CO2,1050.646,608.839,0.9701,15.3144,anomaly,1,0.9701,15.3144,441.807,441.807,0.0299,72.5655,0.9719,0.0014,183.257,-0.0033,2.4108
2273,2026-09-25 22:45:00,C01,CO2,409.723,607.532,0.96092,10.8407,anomaly,1,0.96092,10.8407,197.809,-197.809,0.0391,32.5594,0.9698,0.0052,221.288,-0.0092,0.8939
2274,2026-09-25 22:50:00,C01,CO2,651.055,622.442,0.97487,13.0786,healthy,0,0.97487,13.0786,28.613,28.613,0.0251,4.5969,0.9705,0.0057,226.5102,0.014,0.1263
2275,2026-09-25 22:55:00,C01,CO2,589.064,605.16,0.97219,14.1775,healthy,0,0.97219,14.1775,16.096,-16.096,0.0278,2.6598,0.9703,0.0055,139.9916,-0.0027,0.115
2276,2026-09-25 23:00:00,C01,CO2,615.686,618.007,0.97273,12.9892,healthy,0,0.97273,12.9892,2.321,-2.321,0.0273,0.3756,0.9702,0.0054,137.3292,0.0005,0.0169
2277,2026-09-25 23:05:00,C01,CO2,847.831,621.713,0.97576,12.5488,anomaly,1,0.97576,12.5488,226.118,226.118,0.0242,36.3702,0.9713,0.006,94.1914,0.003,2.4006
2278,2026-09-25 23:10:00,C01,CO2,615.577,624.874,0.97139,11.0682,healthy,0,0.97139,11.0682,9.297,-9.297,0.0286,1.4878,0.9734,0.0018,56.489,-0.0044,0.1646
2279,2026-09-25 23:15:00,C01,CO2,660.483,629.577,0.96936,14.1094,healthy,0,0.96936,14.1094,30.906,30.906,0.0306,4.909,0.9723,0.0023,56.9476,-0.002,0.5427
2280,2026-09-25 23:20:00,C01,CO2,629.652,615.537,0.9727,12.0385,warning,0,0.9727,12.0385,14.115,14.115,0.0273,2.2931,0.9724,0.0023,56.5514,0.0033,0.2496
2281,2026-09-25 23:25:00,C01,CO2,635.965,625.066,0.97416,13.0931,warning,0,0.97416,13.0931,10.899,10.899,0.0258,1.7437,0.9727,0.0025,58.267,0.0015,0.187
2282,2026-09-25 23:30:00,C01,CO2,605.616,626.464,0.97562,12.3166,warning,0,0.97562,12.3166,20.848,-20.848,0.0244,3.3279,0.9726,0.0024,17.213,0.0015,1.2111
2283,2026-09-25 23:35:00,C01,CO2,626.712,634.472,0.97708,11.8037,warning,0,0.97708,11.8037,7.76,-7.76,0.0229,1.2231,0.9738,0.003,16.9056,0.0015,0.459
2284,2026-09-25 23:40:00,C01,CO2,611.729,629.945,0.97854,10.2675,warning,0,0.97854,10.2675,18.216,-18.216,0.0215,2.8917,0.9756,0.0023,14.3676,0.0015,1.2678
2285,2026-09-25 23:45:00,C01,CO2,668.028,628.543,0.98,13.8431,warning,0,0.98,13.8431,39.485,39.485,0.02,6.282,0.9771,0.0023,19.4416,0.0015,2.0308
2286,2026-09-25 23:50:00,C01,CO2,681.351,631.712,0.98145,11.0725,warning,0,0.98145,11.0725,49.639,49.639,0.0185,7.8579,0.9785,0.0023,27.1896,0.0015,1.8256
2287,2026-09-25 23:55:00,C01,CO2,633.249,626.219,0.98291,12.8128,warning,0,0.98291,12.8128,7.03,7.03,0.0171,1.1226,0.98,0.0023,24.426,0.0015,0.2878
2288,2026-09-26 00:00:00,C01,CO2,690.899,644.468,0.98437,10.9927,warning,0,0.98437,10.9927,46.431,46.431,0.0156,7.2045,0.9815,0.0023,32.1602,0.0015,1.4437
2289,2026-09-26 00:05:00,C01,CO2,627.597,646.438,0.98583,10.7995,warning,0,0.98583,10.7995,18.841,-18.841,0.0142,2.9146,0.9829,0.0023,32.2852,0.0015,0.5836
2290,2026-09-26 00:10:00,C01,CO2,668.421,657.721,0.98729,11.2153,warning,0,0.98729,11.2153,10.7,10.7,0.0127,1.6268,0.9844,0.0023,26.5282,0.0015,0.4033
2291,2026-09-26 00:15:00,C01,CO2,676.152,647.011,0.98875,13.5746,warning,0,0.98875,13.5746,29.141,29.141,0.0112,4.5039,0.9858,0.0023,22.4286,0.0015,1.2992
2292,2026-09-26 00:20:00,C01,CO2,673.752,639.564,0.99021,12.5877,warning,0,0.99021,12.5877,34.188,34.188,0.0098,5.3455,0.9873,0.0023,27.8602,0.0015,1.2271
2293,2026-09-26 00:25:00,C01,CO2,667.217,668.177,0.99167,11.4325,warning,0,0.99167,11.4325,0.96,-0.96,0.0083,0.1437,0.9887,0.0023,18.766,0.0015,0.0512
2294,2026-09-26 00:30:00,C01,CO2,622.397,655.215,0.99313,12.8878,warning,0,0.99313,12.8878,32.818,-32.818,0.0069,5.0087,0.9902,0.0023,21.5614,0.0015,1.522
2295,2026-09-26 00:35:00,C01,CO2,677.787,646.631,0.99459,13.2228,warning,0,0.99459,13.2228,31.156,31.156,0.0054,4.8182,0.9917,0.0023,25.6526,0.0015,1.2145
2296,2026-09-26 00:40:00,C01,CO2,658.991,644.824,0.99604,11.0595,warning,0,0.99604,11.0595,14.167,14.167,0.004,2.197,0.9931,0.0023,22.6578,0.0015,0.6252
2297,2026-09-26 00:45:00,C01,CO2,659.537,649.324,0.9975,13.2808,warning,0,0.9975,13.2808,10.213,10.213,0.0025,1.5729,0.9946,0.0023,17.8628,0.0015,0.5717
2298,2026-09-26 00:50:00,C01,CO2,756.183,674.365,0.99896,9.168,warning,0,0.99896,9.168,81.818,81.818,0.001,12.1326,0.996,0.0023,34.0344,0.0015,2.4039
2299,2026-09-26 00:55:00,C01,CO2,700.092,667.233,1.00042,14.379,warning,0,1.00042,14.379,32.859,32.859,0.0004,4.9247,0.9975,0.0023,34.0426,0.0015,0.9652
2300,2026-09-26 01:00:00,C01,CO2,672.016,664.023,1.00188,13.0499,warning,0,1.00188,13.0499,7.993,7.993,0.0019,1.2037,0.999,0.0023,29.41,0.0015,0.2718
2301,2026-09-26 01:05:00,C01,CO2,693.084,664.068,1.00334,11.8293,warning,0,1.00334,11.8293,29.016,29.016,0.0033,4.3694,1.0004,0.0023,32.3798,0.0015,0.8961
2302,2026-09-26 01:10:00,C01,CO2,670.532,661.891,1.0048,12.1964,warning,0,1.0048,12.1964,8.641,8.641,0.0048,1.3055,1.0019,0.0023,32.0654,0.0015,0.2695
2303,2026-09-26 01:15:00,C01,CO2,674.806,660.332,1.00626,12.8992,warning,0,1.00626,12.8992,14.474,14.474,0.0063,2.1919,1.0033,0.0023,18.5966,0.0015,0.7783
2304,2026-09-26 01:20:00,C01,CO2,709.249,680.822,1.00772,10.645,warning,0,1.00772,10.645,28.427,28.427,0.0077,4.1754,1.0048,0.0023,17.7102,0.0015,1.605
2305,2026-09-26 01:25:00,C01,CO2,671.834,665.54,1.00918,12.2216,warning,0,1.00918,12.2216,6.294,6.294,0.0092,0.9457,1.0063,0.0023,17.3704,0.0015,0.3623
2306,2026-09-26 01:30:00,C01,CO2,685.617,669.06,1.01064,11.7422,warning,0,1.01064,11.7422,16.557,16.557,0.0106,2.4747,1.0077,0.0023,14.8786,0.0015,1.1127
2307,2026-09-26 01:35:00,C01,CO2,673.823,677.017,1.01209,11.2903,warning,0,1.01209,11.2903,3.194,-3.194,0.0121,0.4718,1.0092,0.0023,13.7892,0.0014,0.2316
2308,2026-09-26 01:40:00,C01,CO2,687.585,683.835,1.01355,12.144,warning,0,1.01355,12.144,3.75,3.75,0.0135,0.5484,1.0106,0.0023,11.6444,0.0015,0.322
2309,2026-09-26 01:45:00,C01,CO2,659.346,676.781,1.01501,13.5327,warning,0,1.01501,13.5327,17.435,-17.435,0.015,2.5762,1.0121,0.0023,9.446,0.0015,1.8456
2310,2026-09-26 01:50:00,C01,CO2,707.467,676.567,1.01647,13.0262,warning,0,1.01647,13.0262,30.9,30.9,0.0165,4.5672,1.0136,0.0023,14.3672,0.0015,2.1506
2311,2026-09-26 01:55:00,C01,CO2,690.089,678.584,1.01793,10.1147,warning,0,1.01793,10.1147,11.505,11.505,0.0179,1.6954,1.015,0.0023,13.3568,0.0015,0.8613
2312,2026-09-26 02:00:00,C01,CO2,695.696,685.782,1.01939,12.6006,warning,0,1.01939,12.6006,9.914,9.914,0.0194,1.4456,1.0165,0.0023,14.7008,0.0015,0.6743
2313,2026-09-26 02:05:00,C01,CO2,692.683,695.162,1.02085,11.0543,warning,0,1.02085,11.0543,2.479,-2.479,0.0209,0.3566,1.0179,0.0023,14.4466,0.0015,0.1716
2314,2026-09-26 02:10:00,C01,CO2,676.904,689.27,1.02231,13.4026,warning,0,1.02231,13.4026,12.366,-12.366,0.0223,1.7941,1.0194,0.0023,13.4328,0.0015,0.9205
2315,2026-09-26 02:15:00,C01,CO2,771.67,688.255,1.02377,12.1502,warning,0,1.02377,12.1502,83.415,83.415,0.0238,12.1198,1.0208,0.0023,23.9358,0.0015,3.4848
2316,2026-09-26 02:20:00,C01,CO2,761.873,687.664,1.02523,13.9177,warning,0,1.02523,13.9177,74.209,74.209,0.0252,10.7915,1.0223,0.0023,36.4766,0.0015,2.0344
2317,2026-09-26 02:25:00,C01,CO2,713.313,693.853,1.02668,9.6087,warning,0,1.02668,9.6087,19.46,19.46,0.0267,2.8046,1.0238,0.0023,38.3858,0.0014,0.5069
2318,2026-09-26 02:30:00,C01,CO2,726.634,689.382,1.02814,10.8736,warning,0,1.02814,10.8736,37.252,37.252,0.0281,5.4037,1.0252,0.0023,45.3404,0.0015,0.8216
2319,2026-09-26 02:35:00,C01,CO2,720.053,675.212,1.0296,13.9967,warning,0,1.0296,13.9967,44.841,44.841,0.0296,6.641,1.0267,0.0023,51.8354,0.0015,0.865
2320,2026-09-26 02:40:00,C01,CO2,718.302,683.707,1.03106,13.9727,warning,0,1.03106,13.9727,34.595,34.595,0.0311,5.0599,1.0281,0.0023,42.0714,0.0015,0.8223
2321,2026-09-26 02:45:00,C01,CO2,674.485,689.28,1.03252,15.175,warning,0,1.03252,15.175,14.795,-14.795,0.0325,2.1464,1.0296,0.0023,30.1886,0.0015,0.4901
2322,2026-09-26 02:50:00,C01,CO2,740.896,688.691,1.03398,13.8176,warning,0,1.03398,13.8176,52.205,52.205,0.034,7.5803,1.0311,0.0023,36.7376,0.0015,1.421
2323,2026-09-26 02:55:00,C01,CO2,699.22,688.195,1.03544,11.1076,warning,0,1.03544,11.1076,11.025,11.025,0.0354,1.602,1.0325,0.0023,31.4922,0.0015,0.3501
2324,2026-09-26 03:00:00,C01,CO2,728.029,680.143,1.0369,10.7716,warning,0,1.0369,10.7716,47.886,47.886,0.0369,7.0406,1.034,0.0023,32.1012,0.0015,1.4917
2325,2026-09-26 03:05:00,C01,CO2,785.501,694.099,1.03836,12.2925,warning,0,1.03836,12.2925,91.402,91.402,0.0384,13.1684,1.0354,0.0023,43.4626,0.0015,2.103
2326,2026-09-26 03:10:00,C01,CO2,736.048,697.798,1.03982,12.5343,warning,0,1.03982,12.5343,38.25,38.25,0.0398,5.4815,1.0369,0.0023,48.1536,0.0015,0.7943
2327,2026-09-26 03:15:00,C01,CO2,688.37,691.724,1.04128,11.3202,warning,0,1.04128,11.3202,3.354,-3.354,0.0413,0.4849,1.0384,0.0023,38.3834,0.0015,0.0874
2328,2026-09-26 03:20:00,C01,CO2,716.084,697.081,1.04273,13.108,warning,0,1.04273,13.108,19.003,19.003,0.0427,2.7261,1.0398,0.0023,39.979,0.0014,0.4753
2329,2026-09-26 03:25:00,C01,CO2,728.748,684.6,1.04419,10.4771,warning,0,1.04419,10.4771,44.148,44.148,0.0442,6.4487,1.0413,0.0023,39.2314,0.0015,1.1253
2330,2026-09-26 03:30:00,C01,CO2,754.369,680.378,1.04565,9.8262,warning,0,1.04565,9.8262,73.991,73.991,0.0456,10.875,1.0427,0.0023,35.7492,0.0015,2.0697
2331,2026-09-26 03:35:00,C01,CO2,723.318,678.897,1.04711,12.6093,warning,0,1.04711,12.6093,44.421,44.421,0.0471,6.5431,1.0442,0.0023,36.9834,0.0015,1.2011
2332,2026-09-26 03:40:00,C01,CO2,727.209,692.323,1.04857,13.5565,warning,0,1.04857,13.5565,34.886,34.886,0.0486,5.039,1.0456,0.0023,43.2898,0.0015,0.8059
2333,2026-09-26 03:45:00,C01,CO2,737.814,695.759,1.05003,13.6938,warning,0,1.05003,13.6938,42.055,42.055,0.05,6.0445,1.0471,0.0023,47.9002,0.0015,0.878
2334,2026-09-26 03:50:00,C01,CO2,732.211,685.183,1.05149,8.7898,warning,0,1.05149,8.7898,47.028,47.028,0.0515,6.8636,1.0486,0.0023,48.4762,0.0015,0.9701
2335,2026-09-26 03:55:00,C01,CO2,714.106,687.558,1.05295,13.0007,warning,0,1.05295,13.0007,26.548,26.548,0.053,3.8612,1.05,0.0023,38.9876,0.0015,0.6809
2336,2026-09-26 04:00:00,C01,CO2,732.351,686.837,1.05441,11.2257,warning,0,1.05441,11.2257,45.514,45.514,0.0544,6.6266,1.0515,0.0023,39.2062,0.0015,1.1609
2337,2026-09-26 04:05:00,C01,CO2,728.561,689.825,1.05587,12.8275,warning,0,1.05587,12.8275,38.736,38.736,0.0559,5.6153,1.053,0.0023,39.9762,0.0015,0.969
2338,2026-09-26 04:10:00,C01,CO2,730.964,688.632,1.05732,11.9679,warning,0,1.05732,11.9679,42.332,42.332,0.0573,6.1473,1.0544,0.0023,40.0316,0.0014,1.0574
2339,2026-09-26 04:15:00,C01,CO2,781.122,672.299,1.05878,14.2406,warning,0,1.05878,14.2406,108.823,108.823,0.0588,16.1867,1.0559,0.0023,52.3906,0.0015,2.0771
2340,2026-09-26 04:20:00,C01,CO2,778.23,675.768,1.18669,10.638,unhealthy,0,1.18669,10.638,102.462,102.462,0.1867,15.1623,1.0826,0.0582,67.5734,0.1279,1.5163
2341,2026-09-26 04:25:00,C01,CO2,934.567,682.01,1.18832,9.3281,unhealthy,0,1.18832,9.3281,252.557,252.557,0.1883,37.0313,1.1094,0.0713,108.982,0.0016,2.3174
2342,2026-09-26 04:30:00,C01,CO2,852.521,679.282,1.18994,12.5983,unhealthy,0,1.18994,12.5983,173.239,173.239,0.1899,25.5033,1.1362,0.0714,135.8826,0.0016,1.2749
2343,2026-09-26 04:35:00,C01,CO2,840.751,676.431,1.19156,13.5546,unhealthy,0,1.19156,13.5546,164.32,164.32,0.1916,24.2922,1.1631,0.0583,160.2802,0.0016,1.0252
2344,2026-09-26 04:40:00,C01,CO2,870.986,668.988,1.19318,15.0488,unhealthy,0,1.19318,15.0488,201.998,201.998,0.1932,30.1946,1.1899,0.0026,178.9152,0.0016,1.129
2345,2026-09-26 04:45:00,C01,CO2,877.177,669.747,1.1948,11.2629,unhealthy,0,1.1948,11.2629,207.43,207.43,0.1948,30.9714,1.1916,0.0026,199.9088,0.0016,1.0376
2346,2026-09-26 04:50:00,C01,CO2,807.895,661.92,1.19642,12.5459,unhealthy,0,1.19642,12.5459,145.975,145.975,0.1964,22.0533,1.1932,0.0026,178.5924,0.0016,0.8174
2347,2026-09-26 04:55:00,C01,CO2,963.274,675.611,1.19804,16.2975,unhealthy,0,1.19804,16.2975,287.663,287.663,0.198,42.5782,1.1948,0.0026,201.4772,0.0016,1.4278
2348,2026-09-26 05:00:00,C01,CO2,817.672,664.652,1.19966,11.5036,unhealthy,0,1.19966,11.5036,153.02,153.02,0.1997,23.0226,1.1964,0.0026,199.2172,0.0016,0.7681
2349,2026-09-26 05:05:00,C01,CO2,847.386,660.899,1.20128,14.0917,unhealthy,0,1.20128,14.0917,186.487,186.487,0.2013,28.2172,1.198,0.0026,196.115,0.0016,0.9509
2350,2026-09-26 05:10:00,C01,CO2,827.144,664.521,1.20291,9.9162,unhealthy,0,1.20291,9.9162,162.623,162.623,0.2029,24.4722,1.1997,0.0026,187.1536,0.0016,0.8689
2351,2026-09-26 05:15:00,C01,CO2,840.841,645.556,1.20453,10.3576,unhealthy,0,1.20453,10.3576,195.285,195.285,0.2045,30.2507,1.2013,0.0026,197.0156,0.0016,0.9912
2352,2026-09-26 05:20:00,C01,CO2,871.28,655.257,1.20615,12.0543,unhealthy,0,1.20615,12.0543,216.023,216.023,0.2062,32.9677,1.2029,0.0026,182.6876,0.0016,1.1825
2353,2026-09-26 05:25:00,C01,CO2,819.634,668.547,1.20777,12.6572,unhealthy,0,1.20777,12.6572,151.087,151.087,0.2078,22.5993,1.2045,0.0026,182.301,0.0016,0.8288
2354,2026-09-26 05:30:00,C01,CO2,792.009,663.419,1.20939,13.3558,unhealthy,0,1.20939,13.3558,128.59,128.59,0.2094,19.3829,1.2062,0.0026,170.7216,0.0016,0.7532
2355,2026-09-26 05:35:00,C01,CO2,830.665,648.079,1.21101,12.6977,unhealthy,0,1.21101,12.6977,182.586,182.586,0.211,28.1734,1.2078,0.0026,174.7142,0.0016,1.045
2356,2026-09-26 05:40:00,C01,CO2,777.338,657.724,1.21263,9.2346,unhealthy,0,1.21263,9.2346,119.614,119.614,0.2126,18.186,1.2094,0.0026,159.58,0.0016,0.7496
2357,2026-09-26 05:45:00,C01,CO2,829.939,643.832,1.21425,12.3212,unhealthy,0,1.21425,12.3212,186.107,186.107,0.2143,28.9061,1.211,0.0026,153.5968,0.0016,1.2117
2358,2026-09-26 05:50:00,C01,CO2,875.819,663.353,1.21588,11.3694,unhealthy,0,1.21588,11.3694,212.466,212.466,0.2159,32.0291,1.2126,0.0026,165.8726,0.0016,1.2809
2359,2026-09-26 05:55:00,C01,CO2,809.928,642.087,1.2175,13.0871,unhealthy,0,1.2175,13.0871,167.841,167.841,0.2175,26.1399,1.2143,0.0026,173.7228,0.0016,0.9661
2360,2026-09-26 06:00:00,C01,CO2,853.186,634.247,1.21912,11.2584,unhealthy,0,1.21912,11.2584,218.939,218.939,0.2191,34.5195,1.2159,0.0026,180.9934,0.0016,1.2096
2361,2026-09-26 06:05:00,C01,CO2,726.843,636.684,1.22074,13.9593,unhealthy,0,1.22074,13.9593,90.159,90.159,0.2207,14.1607,1.2175,0.0026,175.1024,0.0016,0.5149
2362,2026-09-26 06:10:00,C01,CO2,805.167,634.572,1.22236,11.8298,unhealthy,0,1.22236,11.8298,170.595,170.595,0.2224,26.8835,1.2191,0.0026,172.0,0.0016,0.9918
2363,2026-09-26 06:15:00,C01,CO2,718.092,625.627,1.22398,13.5019,unhealthy,0,1.22398,13.5019,92.465,92.465,0.224,14.7796,1.2207,0.0026,147.9998,0.0016,0.6248
2364,2026-09-26 06:20:00,C01,CO2,794.49,628.652,1.2256,12.3611,unhealthy,0,1.2256,12.3611,165.838,165.838,0.2256,26.3799,1.2224,0.0026,147.5992,0.0016,1.1236
2365,2026-09-26 06:25:00,C01,CO2,796.947,631.184,1.22722,12.338,unhealthy,0,1.22722,12.338,165.763,165.763,0.2272,26.2622,1.224,0.0026,136.964,0.0016,1.2103
2366,2026-09-26 06:30:00,C01,CO2,820.5,632.873,1.22884,10.9018,unhealthy,0,1.22884,10.9018,187.627,187.627,0.2288,29.6469,1.2256,0.0026,156.4576,0.0016,1.1992
2367,2026-09-26 06:35:00,C01,CO2,817.478,605.103,1.23047,14.2873,unhealthy,0,1.23047,14.2873,212.375,212.375,0.2305,35.0973,1.2272,0.0026,164.8136,0.0016,1.2886
2368,2026-09-26 06:40:00,C01,CO2,932.295,638.687,1.23209,12.6099,unhealthy,0,1.23209,12.6099,293.608,293.608,0.2321,45.9706,1.2288,0.0026,205.0422,0.0016,1.4319
2369,2026-09-26 06:45:00,C01,CO2,842.542,617.661,1.23371,13.6139,unhealthy,0,1.23371,13.6139,224.881,224.881,0.2337,36.4085,1.2305,0.0026,216.8508,0.0016,1.037
2370,2026-09-26 06:50:00,C01,CO2,905.786,620.653,1.23533,11.6171,unhealthy,0,1.23533,11.6171,285.133,285.133,0.2353,45.9408,1.2321,0.0026,240.7248,0.0016,1.1845
2371,2026-09-26 06:55:00,C01,CO2,801.709,626.581,1.23695,12.7767,unhealthy,0,1.23695,12.7767,175.128,175.128,0.237,27.9498,1.2337,0.0026,238.225,0.0016,0.7351
2372,2026-09-26 07:00:00,C01,CO2,806.492,619.055,1.23857,11.9631,unhealthy,0,1.23857,11.9631,187.437,187.437,0.2386,30.2779,1.2353,0.0026,233.2374,0.0016,0.8036
2373,2026-09-26 07:05:00,C01,CO2,823.748,620.242,1.24019,11.9485,unhealthy,0,1.24019,11.9485,203.506,203.506,0.2402,32.8107,1.237,0.0026,215.217,0.0016,0.9456
2374,2026-09-26 07:10:00,C01,CO2,802.009,595.25,1.24181,12.2324,unhealthy,0,1.24181,12.2324,206.759,206.759,0.2418,34.7348,1.2386,0.0026,211.5926,0.0016,0.9772
2375,2026-09-26 07:15:00,C01,CO2,804.868,607.612,1.24343,12.7114,unhealthy,0,1.24343,12.7114,197.256,197.256,0.2434,32.4641,1.2402,0.0026,194.0172,0.0016,1.0167
2376,2026-09-26 07:20:00,C01,CO2,824.726,609.251,1.24506,12.3394,unhealthy,0,1.24506,12.3394,215.475,215.475,0.2451,35.3672,1.2418,0.0026,202.0866,0.0016,1.0662
2377,2026-09-26 07:25:00,C01,CO2,830.272,597.302,1.24668,11.2978,unhealthy,0,1.24668,11.2978,232.97,232.97,0.2467,39.0037,1.2434,0.0026,211.1932,0.0016,1.1031
2378,2026-09-26 07:30:00,C01,CO2,748.71,577.889,1.2483,12.6315,unhealthy,0,1.2483,12.6315,170.821,170.821,0.2483,29.5595,1.2451,0.0026,204.6562,0.0016,0.8347
2379,2026-09-26 07:35:00,C01,CO2,802.792,612.234,1.24992,11.6606,unhealthy,0,1.24992,11.6606,190.558,190.558,0.2499,31.125,1.2467,0.0026,201.416,0.0016,0.9461
2380,2026-09-26 07:40:00,C01,CO2,798.582,602.893,1.25154,11.4054,unhealthy,0,1.25154,11.4054,195.689,195.689,0.2515,32.4583,1.2483,0.0026,201.1026,0.0016,0.9731
2381,2026-09-26 07:45:00,C01,CO2,812.875,593.006,1.25316,13.4913,unhealthy,0,1.25316,13.4913,219.869,219.869,0.2532,37.077,1.2499,0.0026,201.9814,0.0016,1.0886
2382,2026-09-26 07:50:00,C01,CO2,822.37,593.358,1.25478,12.7767,unhealthy,0,1.25478,12.7767,229.012,229.012,0.2548,38.5959,1.2515,0.0026,201.1898,0.0016,1.1383
2383,2026-09-26 07:55:00,C01,CO2,834.722,603.449,1.2564,12.9334,unhealthy,0,1.2564,12.9334,231.273,231.273,0.2564,38.3252,1.2532,0.0026,213.2802,0.0016,1.0844
2384,2026-09-26 08:00:00,C01,CO2,851.633,597.41,1.25803,11.3486,unhealthy,0,1.25803,11.3486,254.223,254.223,0.258,42.5542,1.2548,0.0026,226.0132,0.0016,1.1248
2385,2026-09-26 08:05:00,C01,CO2,778.957,601.345,1.25965,11.1532,unhealthy,0,1.25965,11.1532,177.612,177.612,0.2596,29.5358,1.2564,0.0026,222.3978,0.0016,0.7986
2386,2026-09-26 08:10:00,C01,CO2,764.113,579.972,1.26127,11.7262,unhealthy,0,1.26127,11.7262,184.141,184.141,0.2613,31.75,1.258,0.0026,215.2522,0.0016,0.8555
2387,2026-09-26 08:15:00,C01,CO2,795.416,592.525,1.26289,12.3676,unhealthy,0,1.26289,12.3676,202.891,202.891,0.2629,34.2418,1.2596,0.0026,210.028,0.0016,0.966
2388,2026-09-26 08:20:00,C01,CO2,836.918,602.817,1.26451,12.8466,unhealthy,0,1.26451,12.8466,234.101,234.101,0.2645,38.8345,1.2613,0.0026,210.5936,0.0016,1.1116
2389,2026-09-26 08:25:00,C01,CO2,832.837,596.153,1.26613,12.7314,unhealthy,0,1.26613,12.7314,236.684,236.684,0.2661,39.7019,1.2629,0.0026,207.0858,0.0016,1.1429
2390,2026-09-26 08:30:00,C01,CO2,844.061,601.022,1.26775,10.9524,unhealthy,0,1.26775,10.9524,243.039,243.039,0.2677,40.4376,1.2645,0.0026,220.1712,0.0016,1.1039
2391,2026-09-26 08:35:00,C01,CO2,825.38,582.787,1.26937,11.8917,unhealthy,0,1.26937,11.8917,242.593,242.593,0.2694,41.6264,1.2661,0.0026,231.8616,0.0016,1.0463
2392,2026-09-26 08:40:00,C01,CO2,843.151,594.879,1.27099,13.1322,unhealthy,0,1.27099,13.1322,248.272,248.272,0.271,41.7349,1.2678,0.0026,240.9378,0.0016,1.0304
2393,2026-09-26 08:45:00,C01,CO2,756.837,590.489,1.27262,12.22,unhealthy,0,1.27262,12.22,166.348,166.348,0.2726,28.1712,1.2694,0.0026,227.3872,0.0016,0.7316
2394,2026-09-26 08:50:00,C01,CO2,805.224,581.99,1.27424,12.7376,unhealthy,0,1.27424,12.7376,223.234,223.234,0.2742,38.357,1.271,0.0026,224.6972,0.0016,0.9935
2395,2026-09-26 08:55:00,C01,CO2,781.044,579.779,1.27586,11.1012,unhealthy,0,1.27586,11.1012,201.265,201.265,0.2759,34.7141,1.2726,0.0026,216.3424,0.0016,0.9303
2396,2026-09-26 09:00:00,C01,CO2,798.572,588.302,1.27748,14.7392,unhealthy,0,1.27748,14.7392,210.27,210.27,0.2775,35.7418,1.2742,0.0026,209.8778,0.0016,1.0019
2397,2026-09-26 09:05:00,C01,CO2,750.689,576.678,1.2791,11.3086,unhealthy,0,1.2791,11.3086,174.011,174.011,0.2791,30.1747,1.2759,0.0026,195.0256,0.0016,0.8922
2398,2026-09-26 09:10:00,C01,CO2,781.8,591.963,1.28072,12.2014,unhealthy,0,1.28072,12.2014,189.837,189.837,0.2807,32.0691,1.2775,0.0026,199.7234,0.0016,0.9505
2399,2026-09-26 09:15:00,C01,CO2,756.782,592.093,1.28234,12.5582,unhealthy,0,1.28234,12.5582,164.689,164.689,0.2823,27.8147,1.2791,0.0026,188.0144,0.0016,0.8759
2400,2026-09-25 00:00:00,C02,CO2,609.247,648.188,0.97392,13.8815,healthy,0,0.97392,13.8815,38.941,-38.941,0.0261,6.0077,0.9739,0.0,38.941,0.0,1.0
2401,2026-09-25 00:05:00,C02,CO2,640.769,649.237,0.97549,10.6606,healthy,0,0.97549,10.6606,8.468,-8.468,0.0245,1.3043,0.9747,0.0011,23.7045,0.0016,0.3572
2402,2026-09-25 00:10:00,C02,CO2,637.15,650.046,0.97752,8.4345,healthy,0,0.97752,8.4345,12.896,-12.896,0.0225,1.9839,0.9756,0.0018,20.1017,0.002,0.6415
2403,2026-09-25 00:15:00,C02,CO2,652.762,643.333,0.97321,11.6584,healthy,0,0.97321,11.6584,9.429,9.429,0.0268,1.4656,0.975,0.0019,17.4335,-0.0043,0.5408
2404,2026-09-25 00:20:00,C02,CO2,639.892,662.481,0.97661,12.2078,healthy,0,0.97661,12.2078,22.589,-22.589,0.0234,3.4098,0.9754,0.0018,18.4646,0.0034,1.2233
2405,2026-09-25 00:25:00,C02,CO2,646.018,668.037,0.97498,12.7628,healthy,0,0.97498,12.7628,22.019,-22.019,0.025,3.2961,0.9756,0.0016,15.0802,-0.0016,1.46
2406,2026-09-25 00:30:00,C02,CO2,644.36,656.424,0.97729,11.1547,healthy,0,0.97729,11.1547,12.064,-12.064,0.0227,1.8378,0.9759,0.0018,15.7994,0.0023,0.7635
2407,2026-09-25 00:35:00,C02,CO2,681.238,670.995,0.97306,11.0773,healthy,0,0.97306,11.0773,10.243,10.243,0.0269,1.5265,0.975,0.0019,15.2688,-0.0042,0.6708
2408,2026-09-25 00:40:00,C02,CO2,672.299,679.414,0.97448,10.6677,healthy,0,0.97448,10.6677,7.115,-7.115,0.0255,1.0472,0.9753,0.0017,14.806,0.0014,0.4805
2409,2026-09-25 00:45:00,C02,CO2,678.751,666.654,0.97658,12.8593,healthy,0,0.97658,12.8593,12.097,12.097,0.0234,1.8146,0.9753,0.0017,12.7076,0.0021,0.9519
2410,2026-09-25 00:50:00,C02,CO2,674.752,662.828,0.97703,11.2565,healthy,0,0.97703,11.2565,11.924,11.924,0.023,1.799,0.9757,0.0018,10.6886,0.0004,1.1155
2411,2026-09-25 00:55:00,C02,CO2,666.516,675.245,0.97866,10.5427,healthy,0,0.97866,10.5427,8.729,-8.729,0.0213,1.2927,0.976,0.0022,10.0216,0.0016,0.8709
2412,2026-09-25 01:00:00,C02,CO2,694.341,674.377,0.97777,11.2029,healthy,0,0.97777,11.2029,19.964,19.964,0.0222,2.9604,0.9769,0.0016,11.9658,-0.0009,1.6683
2413,2026-09-25 01:05:00,C02,CO2,671.288,678.245,0.975,12.0113,healthy,0,0.975,12.0113,6.957,-6.957,0.025,1.0257,0.977,0.0014,11.9342,-0.0028,0.5829
2414,2026-09-25 01:10:00,C02,CO2,692.5,676.505,0.97325,11.0009,healthy,0,0.97325,11.0009,15.995,15.995,0.0268,2.3644,0.9763,0.0022,12.7138,-0.0018,1.258
2415,2026-09-25 01:15:00,C02,CO2,685.107,682.549,0.97664,11.57,healthy,0,0.97664,11.57,2.558,2.558,0.0234,0.3748,0.9763,0.0022,10.8406,0.0034,0.2359
2416,2026-09-25 01:20:00,C02,CO2,650.041,668.031,0.97499,11.4022,healthy,0,0.97499,11.4022,17.99,-17.99,0.025,2.693,0.9755,0.0017,12.6928,-0.0016,1.4172
2417,2026-09-25 01:25:00,C02,CO2,669.206,665.846,0.97766,11.1913,healthy,0,0.97766,11.1913,3.36,3.36,0.0223,0.5046,0.9755,0.0017,9.372,0.0027,0.3585
2418,2026-09-25 01:30:00,C02,CO2,709.997,685.932,0.97344,10.4644,healthy,0,0.97344,10.4644,24.065,24.065,0.0266,3.5084,0.9752,0.0019,12.7936,-0.0042,1.8809
2419,2026-09-25 01:35:00,C02,CO2,667.281,679.134,0.97487,10.0388,healthy,0,0.97487,10.0388,11.853,-11.853,0.0251,1.7453,0.9755,0.0016,11.9652,0.0014,0.9905
2420,2026-09-25 01:40:00,C02,CO2,696.978,693.372,0.97045,10.3788,healthy,0,0.97045,10.3788,3.606,3.606,0.0295,0.5201,0.9743,0.0026,12.1748,-0.0044,0.2962
2421,2026-09-25 01:45:00,C02,CO2,685.75,699.511,0.97313,9.0209,healthy,0,0.97313,9.0209,13.761,-13.761,0.0269,1.9672,0.9739,0.0026,11.329,0.0027,1.2146
2422,2026-09-25 01:50:00,C02,CO2,694.475,692.882,0.97565,8.8018,healthy,0,0.97565,8.8018,1.593,1.593,0.0243,0.2299,0.9735,0.002,10.9756,0.0025,0.1451
2423,2026-09-25 01:55:00,C02,CO2,704.526,700.931,0.97593,11.3733,healthy,0,0.97593,11.3733,3.595,3.595,0.0241,0.5129,0.974,0.0023,6.8816,0.0003,0.5223
2424,2026-09-25 02:00:00,C02,CO2,690.127,693.003,0.97287,10.7389,healthy,0,0.97287,10.7389,2.876,-2.876,0.0271,0.415,0.9736,0.0023,5.0862,-0.0031,0.5653
2425,2026-09-25 02:05:00,C02,CO2,681.143,686.902,0.97677,10.0956,healthy,0,0.97677,10.0956,5.759,-5.759,0.0232,0.8384,0.9749,0.0018,5.5168,0.0039,1.0437
2426,2026-09-25 02:10:00,C02,CO2,675.908,681.684,0.97616,12.617,healthy,0,0.97616,12.617,5.776,-5.776,0.0238,0.8473,0.9755,0.0015,3.9198,-0.0006,1.4732
2427,2026-09-25 02:15:00,C02,CO2,698.307,699.131,0.97511,7.0661,healthy,0,0.97511,7.0661,0.824,-0.824,0.0249,0.1179,0.9754,0.0015,3.766,-0.001,0.2187
2428,2026-09-25 02:20:00,C02,CO2,681.141,692.084,0.97561,11.5151,healthy,0,0.97561,11.5151,10.943,-10.943,0.0244,1.5812,0.9753,0.0015,5.2356,0.0005,2.0897
2429,2026-09-25 02:25:00,C02,CO2,717.895,705.982,0.97527,10.7905,healthy,0,0.97527,10.7905,11.913,11.913,0.0247,1.6874,0.9758,0.0007,7.043,-0.0003,1.6912
2430,2026-09-25 02:30:00,C02,CO2,700.619,694.99,0.98053,10.7741,healthy,0,0.98053,10.7741,5.629,5.629,0.0195,0.8099,0.9765,0.0023,7.017,0.0053,0.8021
2431,2026-09-25 02:35:00,C02,CO2,683.96,689.384,0.97714,11.6039,healthy,0,0.97714,11.6039,5.424,-5.424,0.0229,0.7868,0.9767,0.0023,6.9466,-0.0034,0.7807
2432,2026-09-25 02:40:00,C02,CO2,666.647,688.837,0.97278,11.7799,healthy,0,0.97278,11.7799,22.19,-22.19,0.0272,3.2214,0.9763,0.0029,11.2198,-0.0044,1.9776
2433,2026-09-25 02:45:00,C02,CO2,692.522,706.626,0.97287,10.8246,healthy,0,0.97287,10.8246,14.104,-14.104,0.0271,1.996,0.9757,0.0032,11.852,0.0001,1.1899
2434,2026-09-25 02:50:00,C02,CO2,672.245,696.665,0.97545,11.8217,healthy,0,0.97545,11.8217,24.42,-24.42,0.0245,3.5053,0.9758,0.0032,14.3534,0.0026,1.7012
2435,2026-09-25 02:55:00,C02,CO2,650.45,690.441,0.97734,12.1637,healthy,0,0.97734,12.1637,39.991,-39.991,0.0227,5.7921,0.9751,0.0022,21.2258,0.0019,1.884
2436,2026-09-25 03:00:00,C02,CO2,695.981,699.618,0.97334,10.1631,healthy,0,0.97334,10.1631,3.637,-3.637,0.0267,0.5199,0.9744,0.002,20.8684,-0.004,0.1743
2437,2026-09-25 03:05:00,C02,CO2,716.215,709.01,0.97331,8.8638,healthy,0,0.97331,8.8638,7.205,7.205,0.0267,1.0162,0.9745,0.0019,17.8714,-0.0,0.4031
2438,2026-09-25 03:10:00,C02,CO2,715.553,696.18,0.97781,10.5455,healthy,0,0.97781,10.5455,19.373,19.373,0.0222,2.7828,0.9754,0.0021,18.9252,0.0045,1.0236
2439,2026-09-25 03:15:00,C02,CO2,693.613,696.289,0.97646,13.7083,healthy,0,0.97646,13.7083,2.676,-2.676,0.0235,0.3843,0.9757,0.0022,14.5764,-0.0013,0.1836
2440,2026-09-25 03:20:00,C02,CO2,681.059,704.173,0.97417,11.4741,healthy,0,0.97417,11.4741,23.114,-23.114,0.0258,3.2824,0.975,0.002,11.201,-0.0023,2.0634
2441,2026-09-25 03:25:00,C02,CO2,719.163,691.342,0.97328,13.0632,healthy,0,0.97328,13.0632,27.821,27.821,0.0267,4.0242,0.975,0.002,16.0378,-0.0009,1.7346
2442,2026-09-25 03:30:00,C02,CO2,696.237,692.004,0.97385,9.0077,healthy,0,0.97385,9.0077,4.233,4.233,0.0262,0.6117,0.9751,0.0019,15.4434,0.0006,0.2741
2443,2026-09-25 03:35:00,C02,CO2,684.651,689.394,0.9743,13.7173,healthy,0,0.9743,13.7173,4.743,-4.743,0.0257,0.688,0.9744,0.0012,12.5174,0.0005,0.3789
2444,2026-09-25 03:40:00,C02,CO2,668.663,698.181,0.97551,8.9417,healthy,0,0.97551,8.9417,29.518,-29.518,0.0245,4.2278,0.9742,0.0008,17.8858,0.0012,1.6503
2445,2026-09-25 03:45:00,C02,CO2,706.558,696.572,0.97881,11.614,healthy,0,0.97881,11.614,9.986,9.986,0.0212,1.4336,0.9752,0.0022,15.2602,0.0033,0.6543
2446,2026-09-25 03:50:00,C02,CO2,673.389,684.528,0.97743,12.714,healthy,0,0.97743,12.714,11.139,-11.139,0.0226,1.6273,0.976,0.0021,11.9238,-0.0014,0.9341
2447,2026-09-25 03:55:00,C02,CO2,685.974,695.133,0.97187,12.2683,healthy,0,0.97187,12.2683,9.159,-9.159,0.0281,1.3176,0.9756,0.0027,12.909,-0.0056,0.7095
2448,2026-09-25 04:00:00,C02,CO2,685.348,679.87,0.97621,8.2752,healthy,0,0.97621,8.2752,5.478,5.478,0.0238,0.8057,0.976,0.0026,13.056,0.0043,0.4195
2449,2026-09-25 04:05:00,C02,CO2,676.7,679.461,0.97271,11.2058,healthy,0,0.97271,11.2058,2.761,-2.761,0.0273,0.4064,0.9754,0.003,7.7046,-0.0035,0.3583
2450,2026-09-25 04:10:00,C02,CO2,680.72,698.923,0.97283,13.3101,healthy,0,0.97283,13.3101,18.203,-18.203,0.0272,2.6044,0.9742,0.0024,9.348,0.0001,1.9471
2451,2026-09-25 04:15:00,C02,CO2,680.637,693.293,0.97761,11.6243,healthy,0,0.97761,11.6243,12.656,-12.656,0.0224,1.8255,0.9742,0.0025,9.6514,0.0048,1.3112
2452,2026-09-25 04:20:00,C02,CO2,667.595,672.344,0.9715,14.0737,healthy,0,0.9715,14.0737,4.749,-4.749,0.0285,0.7063,0.9742,0.0026,8.7694,-0.0061,0.5415
2453,2026-09-25 04:25:00,C02,CO2,667.889,674.206,0.97311,11.3786,healthy,0,0.97311,11.3786,6.317,-6.317,0.0269,0.937,0.9736,0.0024,8.9372,0.0016,0.7067
2454,2026-09-25 04:30:00,C02,CO2,695.571,666.132,0.97713,11.646,healthy,0,0.97713,11.646,29.439,29.439,0.0229,4.4194,0.9744,0.0028,14.2728,0.004,2.0625
2455,2026-09-25 04:35:00,C02,CO2,708.307,688.987,0.9692,13.3772,healthy,0,0.9692,13.3772,19.32,19.32,0.0308,2.8041,0.9737,0.0036,14.4962,-0.0079,1.3327
2456,2026-09-25 04:40:00,C02,CO2,656.049,672.277,0.97453,11.7688,healthy,0,0.97453,11.7688,16.228,-16.228,0.0255,2.4139,0.9731,0.003,15.2106,0.0053,1.0668
2457,2026-09-25 04:45:00,C02,CO2,663.802,674.47,0.9774,11.9384,healthy,0,0.9774,11.9384,10.668,-10.668,0.0226,1.5817,0.9743,0.0034,16.3944,0.0029,0.6507
2458,2026-09-25 04:50:00,C02,CO2,674.54,682.779,0.97601,11.5399,healthy,0,0.97601,11.5399,8.239,-8.239,0.024,1.2067,0.9749,0.0034,16.7788,-0.0014,0.491
2459,2026-09-25 04:55:00,C02,CO2,668.196,672.672,0.97385,8.0051,healthy,0,0.97385,8.0051,4.476,-4.476,0.0262,0.6654,0.9742,0.0031,11.7862,-0.0022,0.3797
2460,2026-09-25 05:00:00,C02,CO2,659.386,669.823,0.97567,13.0494,healthy,0,0.97567,13.0494,10.437,-10.437,0.0243,1.5582,0.9755,0.0014,10.0096,0.0018,1.0426
2461,2026-09-25 05:05:00,C02,CO2,668.344,665.884,0.97693,9.906,healthy,0,0.97693,9.906,2.46,2.46,0.0231,0.3694,0.976,0.0014,7.256,0.0013,0.339
2462,2026-09-25 05:10:00,C02,CO2,657.566,663.541,0.97491,12.323,healthy,0,0.97491,12.323,5.975,-5.975,0.0251,0.9005,0.9755,0.0012,6.3174,-0.002,0.9457
2463,2026-09-25 05:15:00,C02,CO2,633.981,671.072,0.9715,8.8226,healthy,0,0.9715,8.8226,37.091,-37.091,0.0285,5.5271,0.9746,0.0021,12.0878,-0.0034,3.0682
2464,2026-09-25 05:20:00,C02,CO2,641.781,653.322,0.97911,11.0819,healthy,0,0.97911,11.0819,11.541,-11.541,0.0209,1.7665,0.9756,0.0028,13.5008,0.0076,0.8548
2465,2026-09-25 05:25:00,C02,CO2,706.75,666.779,0.97725,9.1566,healthy,0,0.97725,9.1566,39.971,39.971,0.0228,5.9946,0.9759,0.0029,19.4076,-0.0019,2.0594
2466,2026-09-25 05:30:00,C02,CO2,668.488,660.566,0.9762,11.9056,healthy,0,0.9762,11.9056,7.922,7.922,0.0238,1.1993,0.9758,0.0029,20.5,-0.001,0.3864
2467,2026-09-25 05:35:00,C02,CO2,666.517,651.196,0.97963,10.6537,healthy,0,0.97963,10.6537,15.321,15.321,0.0204,2.3527,0.9767,0.0032,22.3692,0.0034,0.6849
2468,2026-09-25 05:40:00,C02,CO2,648.427,650.161,0.9741,14.153,healthy,0,0.9741,14.153,1.734,-1.734,0.0259,0.2667,0.9773,0.0022,15.2978,-0.0055,0.1133
2469,2026-09-25 05:45:00,C02,CO2,686.162,651.462,0.97597,15.2728,healthy,0,0.97597,15.2728,34.7,34.7,0.024,5.3265,0.9766,0.002,19.9296,0.0019,1.741
2470,2026-09-25 05:50:00,C02,CO2,670.262,659.767,0.98111,9.5987,healthy,0,0.98111,9.5987,10.495,10.495,0.0189,1.5907,0.9774,0.0029,14.0344,0.0051,0.7478
2471,2026-09-25 05:55:00,C02,CO2,640.004,647.857,0.97186,11.851,healthy,0,0.97186,11.851,7.853,-7.853,0.0281,1.2122,0.9765,0.0038,14.0206,-0.0093,0.5601
2472,2026-09-25 06:00:00,C02,CO2,681.797,657.268,0.97461,10.387,healthy,0,0.97461,10.387,24.529,24.529,0.0254,3.732,0.9755,0.0035,15.8622,0.0028,1.5463
2473,2026-09-25 06:05:00,C02,CO2,649.23,642.226,0.97773,11.789,healthy,0,0.97773,11.789,7.004,7.004,0.0223,1.0906,0.9763,0.0035,16.9162,0.0031,0.414
2474,2026-09-25 06:10:00,C02,CO2,625.69,638.55,0.9764,10.8996,healthy,0,0.9764,10.8996,12.86,-12.86,0.0236,2.0139,0.9763,0.0035,12.5482,-0.0013,1.0248
2475,2026-09-25 06:15:00,C02,CO2,649.726,637.431,0.97798,11.9676,healthy,0,0.97798,11.9676,12.295,12.295,0.022,1.9288,0.9757,0.0025,12.9082,0.0016,0.9524
2476,2026-09-25 06:20:00,C02,CO2,631.427,636.051,0.97152,9.1557,healthy,0,0.97152,9.1557,4.624,-4.624,0.0285,0.727,0.9756,0.0027,12.2624,-0.0065,0.3771
2477,2026-09-25 06:25:00,C02,CO2,616.265,624.751,0.97435,10.2131,healthy,0,0.97435,10.2131,8.486,-8.486,0.0256,1.3583,0.9756,0.0027,9.0538,0.0028,0.9372
2478,2026-09-25 06:30:00,C02,CO2,645.765,643.142,0.97529,12.6055,healthy,0,0.97529,12.6055,2.623,2.623,0.0247,0.4078,0.9751,0.0024,8.1776,0.0009,0.3207
2479,2026-09-25 06:35:00,C02,CO2,672.196,640.81,0.97744,10.1636,healthy,0,0.97744,10.1636,31.386,31.386,0.0226,4.8979,0.9753,0.0026,11.8828,0.0021,2.6411
2480,2026-09-25 06:40:00,C02,CO2,631.529,623.716,0.9758,11.7132,healthy,0,0.9758,11.7132,7.813,7.813,0.0242,1.2527,0.9749,0.0022,10.9864,-0.0016,0.7111
2481,2026-09-25 06:45:00,C02,CO2,640.921,631.623,0.97389,12.2497,healthy,0,0.97389,12.2497,9.298,9.298,0.0261,1.4721,0.9754,0.0014,11.9212,-0.0019,0.7799
2482,2026-09-25 06:50:00,C02,CO2,630.882,623.197,0.97502,9.817,healthy,0,0.97502,9.817,7.685,7.685,0.025,1.2332,0.9755,0.0013,11.761,0.0011,0.6534
2483,2026-09-25 06:55:00,C02,CO2,594.543,615.89,0.97588,10.9479,healthy,0,0.97588,10.9479,21.347,-21.347,0.0241,3.466,0.9756,0.0013,15.5058,0.0009,1.3766
2484,2026-09-25 07:00:00,C02,CO2,602.798,611.732,0.97621,10.2711,healthy,0,0.97621,10.2711,8.934,-8.934,0.0238,1.4604,0.9754,0.0009,11.0154,0.0003,0.811
2485,2026-09-25 07:05:00,C02,CO2,593.245,611.164,0.97394,13.7383,healthy,0,0.97394,13.7383,17.919,-17.919,0.0261,2.9319,0.975,0.0011,13.0366,-0.0023,1.3744
2486,2026-09-25 07:10:00,C02,CO2,633.328,627.187,0.97474,10.064,healthy,0,0.97474,10.064,6.141,6.141,0.0253,0.9791,0.9752,0.0009,12.4052,0.0008,0.495
2487,2026-09-25 07:15:00,C02,CO2,614.607,614.012,0.97501,11.4618,healthy,0,0.97501,11.4618,0.595,0.595,0.025,0.0969,0.9752,0.0009,10.9872,0.0003,0.0541
2488,2026-09-25 07:20:00,C02,CO2,595.473,610.107,0.97727,8.7948,healthy,0,0.97727,8.7948,14.634,-14.634,0.0227,2.3986,0.9754,0.0013,9.6446,0.0023,1.5172
2489,2026-09-25 07:25:00,C02,CO2,611.921,603.834,0.97328,11.2475,healthy,0,0.97328,11.2475,8.087,8.087,0.0267,1.3393,0.9748,0.0015,9.4752,-0.004,0.8534
2490,2026-09-25 07:30:00,C02,CO2,588.239,592.813,0.97445,10.5953,healthy,0,0.97445,10.5953,4.574,-4.574,0.0255,0.7716,0.975,0.0015,6.8062,0.0012,0.6719
2491,2026-09-25 07:35:00,C02,CO2,591.326,596.676,0.97477,9.6522,healthy,0,0.97477,9.6522,5.35,-5.35,0.0252,0.8966,0.975,0.0015,6.648,0.0003,0.8046
2492,2026-09-25 07:40:00,C02,CO2,587.515,591.715,0.97474,9.9595,healthy,0,0.97474,9.9595,4.2,-4.2,0.0253,0.7098,0.9749,0.0015,7.369,-0.0,0.5699
2493,2026-09-25 07:45:00,C02,CO2,600.697,606.469,0.97531,12.3794,healthy,0,0.97531,12.3794,5.772,-5.772,0.0247,0.9517,0.9745,0.0008,5.5966,0.0006,1.0312
2494,2026-09-25 07:50:00,C02,CO2,607.35,607.683,0.97765,11.548,healthy,0,0.97765,11.548,0.333,-0.333,0.0223,0.0548,0.9754,0.0013,4.0458,0.0023,0.0823
2495,2026-09-25 07:55:00,C02,CO2,617.497,604.796,0.97602,12.712,healthy,0,0.97602,12.712,12.701,12.701,0.024,2.1,0.9757,0.0012,5.6712,-0.0016,2.2392
2496,2026-09-25 08:00:00,C02,CO2,611.92,606.76,0.97549,11.656,healthy,0,0.97549,11.656,5.16,5.16,0.0245,0.8504,0.9758,0.0011,5.6332,-0.0005,0.9158
2497,2026-09-25 08:05:00,C02,CO2,600.966,589.571,0.97754,8.4391,healthy,0,0.97754,8.4391,11.395,11.395,0.0225,1.9328,0.9764,0.0011,7.0722,0.002,1.611
2498,2026-09-25 08:10:00,C02,CO2,607.068,600.37,0.97483,11.7359,healthy,0,0.97483,11.7359,6.698,6.698,0.0252,1.1156,0.9763,0.0013,7.2574,-0.0027,0.9228
2499,2026-09-25 08:15:00,C02,CO2,623.901,586.865,0.97823,11.2254,healthy,0,0.97823,11.2254,37.036,37.036,0.0218,6.3108,0.9764,0.0014,14.598,0.0034,2.5369
2500,2026-09-25 08:20:00,C02,CO2,601.057,602.83,0.9755,10.0059,healthy,0,0.9755,10.0059,1.773,-1.773,0.0245,0.2941,0.9763,0.0015,12.4124,-0.0027,0.1428
2501,2026-09-25 08:25:00,C02,CO2,604.211,596.987,0.97833,13.0727,healthy,0,0.97833,13.0727,7.224,7.224,0.0217,1.2101,0.9769,0.0016,12.8252,0.0028,0.5632
2502,2026-09-25 08:30:00,C02,CO2,629.402,609.312,0.97137,11.8505,healthy,0,0.97137,11.8505,20.09,20.09,0.0286,3.2972,0.9757,0.0029,14.5642,-0.007,1.3793
2503,2026-09-25 08:35:00,C02,CO2,611.184,599.003,0.97273,13.3331,healthy,0,0.97273,13.3331,12.181,12.181,0.0273,2.0335,0.9752,0.0032,15.6608,0.0014,0.7778
2504,2026-09-25 08:40:00,C02,CO2,604.04,596.928,0.97558,14.2999,healthy,0,0.97558,14.2999,7.112,7.112,0.0244,1.1914,0.9747,0.0027,9.676,0.0029,0.7349
2505,2026-09-25 08:45:00,C02,CO2,607.686,591.906,0.97378,12.322,healthy,0,0.97378,12.322,15.78,15.78,0.0262,2.666,0.9744,0.0027,12.4774,-0.0018,1.2646
2506,2026-09-25 08:50:00,C02,CO2,579.85,594.048,0.97428,13.2381,healthy,0,0.97428,13.2381,14.198,-14.198,0.0257,2.39,0.9735,0.0016,13.8722,0.0005,1.0234
2507,2026-09-25 08:55:00,C02,CO2,590.799,609.205,0.97393,9.0647,healthy,0,0.97393,9.0647,18.406,-18.406,0.0261,3.0213,0.9741,0.001,13.5354,-0.0004,1.3597
2508,2026-09-25 09:00:00,C02,CO2,600.916,584.522,0.97493,10.3609,healthy,0,0.97493,10.3609,16.394,16.394,0.0251,2.8047,0.9745,0.0007,14.378,0.001,1.1401
2509,2026-09-25 09:05:00,C02,CO2,596.718,600.506,0.97495,16.0754,healthy,0,0.97495,16.0754,3.788,-3.788,0.0251,0.6308,0.9744,0.0005,13.7132,0.0,0.2762
2510,2026-09-25 09:10:00,C02,CO2,597.527,592.768,0.97285,10.9811,healthy,0,0.97285,10.9811,4.759,4.759,0.0272,0.8028,0.9742,0.0009,11.509,-0.0021,0.4135
2511,2026-09-25 09:15:00,C02,CO2,575.97,584.368,0.9744,11.6332,healthy,0,0.9744,11.6332,8.398,-8.398,0.0256,1.4371,0.9742,0.0009,10.349,0.0016,0.8114
2512,2026-09-25 09:20:00,C02,CO2,570.904,588.311,0.97696,9.0586,healthy,0,0.97696,9.0586,17.407,-17.407,0.023,2.9588,0.9748,0.0015,10.1492,0.0026,1.7149
2513,2026-09-25 09:25:00,C02,CO2,592.46,596.042,0.97709,11.5988,healthy,0,0.97709,11.5988,3.582,-3.582,0.0229,0.601,0.9752,0.0018,7.5868,0.0001,0.4721
2514,2026-09-25 09:30:00,C02,CO2,593.513,592.715,0.97742,12.4844,healthy,0,0.97742,12.4844,0.798,0.798,0.0226,0.1346,0.9757,0.002,6.9888,0.0003,0.1142
2515,2026-09-25 09:35:00,C02,CO2,591.164,593.567,0.97547,9.9465,healthy,0,0.97547,9.9465,2.403,-2.403,0.0245,0.4048,0.9763,0.0013,6.5176,-0.002,0.3686
2516,2026-09-25 09:40:00,C02,CO2,600.979,592.596,0.9752,10.3841,healthy,0,0.9752,10.3841,8.383,8.383,0.0248,1.4146,0.9764,0.001,6.5146,-0.0003,1.2866
2517,2026-09-25 09:45:00,C02,CO2,615.261,603.875,0.97464,9.811,healthy,0,0.97464,9.811,11.386,11.386,0.0254,1.8855,0.976,0.0012,5.3104,-0.0006,2.1437
2518,2026-09-25 09:50:00,C02,CO2,590.672,599.713,0.97467,13.3109,healthy,0,0.97467,13.3109,9.041,-9.041,0.0253,1.5076,0.9755,0.0011,6.4022,0.0,1.412
2519,2026-09-25 09:55:00,C02,CO2,578.203,583.287,0.97398,13.6994,healthy,0,0.97398,13.6994,5.084,-5.084,0.026,0.8716,0.9748,0.0006,7.2594,-0.0007,0.7002
2520,2026-09-25 10:00:00,C02,CO2,594.863,596.19,0.97545,12.7277,healthy,0,0.97545,12.7277,1.327,-1.327,0.0245,0.2226,0.9748,0.0006,7.0442,0.0015,0.1884
2521,2026-09-25 10:05:00,C02,CO2,609.096,606.212,0.97502,12.0687,healthy,0,0.97502,12.0687,2.884,2.884,0.025,0.4757,0.9748,0.0005,5.9444,-0.0004,0.4851
2522,2026-09-25 10:10:00,C02,CO2,577.497,599.548,0.97592,10.242,healthy,0,0.97592,10.242,22.051,-22.051,0.0241,3.6779,0.975,0.0007,8.0774,0.0009,2.7296
2523,2026-09-25 10:15:00,C02,CO2,603.304,603.904,0.97282,12.0659,healthy,0,0.97282,12.0659,0.6,-0.6,0.0272,0.0994,0.9746,0.0012,6.3892,-0.0031,0.0939
2524,2026-09-25 10:20:00,C02,CO2,593.344,616.858,0.97474,11.078,healthy,0,0.97474,11.078,23.514,-23.514,0.0253,3.8119,0.9748,0.0012,10.0752,0.0019,2.3336
2525,2026-09-25 10:25:00,C02,CO2,590.771,598.124,0.97204,12.834,healthy,0,0.97204,12.834,7.353,-7.353,0.028,1.2293,0.9741,0.0016,11.2804,-0.0027,0.6518
2526,2026-09-25 10:30:00,C02,CO2,618.042,619.13,0.97004,13.5869,healthy,0,0.97004,13.5869,1.088,-1.088,0.03,0.1757,0.9731,0.0023,10.9212,-0.002,0.0996
2527,2026-09-25 10:35:00,C02,CO2,606.876,612.858,0.97327,11.9537,healthy,0,0.97327,11.9537,5.982,-5.982,0.0267,0.9761,0.9726,0.0017,7.7074,0.0032,0.776
2528,2026-09-25 10:40:00,C02,CO2,608.364,602.281,0.97298,9.1494,healthy,0,0.97298,9.1494,6.083,6.083,0.027,1.01,0.9726,0.0017,8.804,-0.0003,0.6909
2529,2026-09-25 10:45:00,C02,CO2,573.739,608.503,0.97212,11.7009,healthy,0,0.97212,11.7009,34.764,-34.764,0.0279,5.713,0.9721,0.0013,11.054,-0.0009,3.1446
2530,2026-09-25 10:50:00,C02,CO2,642.875,626.036,0.97937,9.0101,healthy,0,0.97937,9.0101,16.839,16.839,0.0206,2.6898,0.9736,0.0035,12.9512,0.0072,1.3001
2531,2026-09-25 10:55:00,C02,CO2,630.54,620.068,0.9744,10.3846,healthy,0,0.9744,10.3846,10.472,10.472,0.0256,1.6888,0.9744,0.0029,14.828,-0.005,0.7062
2532,2026-09-25 11:00:00,C02,CO2,625.811,618.88,0.97021,14.4268,healthy,0,0.97021,14.4268,6.931,6.931,0.0298,1.1199,0.9738,0.0035,15.0178,-0.0042,0.4615
2533,2026-09-25 11:05:00,C02,CO2,641.065,620.758,0.97396,10.8077,healthy,0,0.97396,10.8077,20.307,20.307,0.026,3.2713,0.974,0.0034,17.8626,0.0038,1.1368
2534,2026-09-25 11:10:00,C02,CO2,619.692,625.286,0.97615,9.1113,healthy,0,0.97615,9.1113,5.594,-5.594,0.0239,0.8946,0.9748,0.0033,12.0286,0.0022,0.465
2535,2026-09-25 11:15:00,C02,CO2,640.508,625.662,0.97679,10.4447,healthy,0,0.97679,10.4447,14.846,14.846,0.0232,2.3728,0.9743,0.0026,11.63,0.0006,1.2764
2536,2026-09-25 11:20:00,C02,CO2,593.949,618.197,0.97554,10.9538,healthy,0,0.97554,10.9538,24.248,-24.248,0.0245,3.9224,0.9745,0.0026,14.3852,-0.0013,1.6855
2537,2026-09-25 11:25:00,C02,CO2,622.538,629.102,0.97423,13.372,healthy,0,0.97423,13.372,6.564,-6.564,0.0258,1.0434,0.9753,0.0012,14.3118,-0.0013,0.4586
2538,2026-09-25 11:30:00,C02,CO2,627.811,634.452,0.97294,11.4885,healthy,0,0.97294,11.4885,6.641,-6.641,0.0271,1.0467,0.9751,0.0015,11.5786,-0.0013,0.5735
2539,2026-09-25 11:35:00,C02,CO2,624.23,627.622,0.98107,10.5445,healthy,0,0.98107,10.5445,3.392,-3.392,0.0189,0.5405,0.9761,0.0031,11.1382,0.0081,0.3045
2540,2026-09-25 11:40:00,C02,CO2,651.421,643.256,0.97386,11.7552,healthy,0,0.97386,11.7552,8.165,8.165,0.0261,1.2693,0.9755,0.0032,9.802,-0.0072,0.8329
2541,2026-09-25 11:45:00,C02,CO2,664.824,640.222,0.97999,9.8232,healthy,0,0.97999,9.8232,24.602,24.602,0.02,3.8427,0.9764,0.0038,9.8728,0.0061,2.4916
2542,2026-09-25 11:50:00,C02,CO2,674.332,644.28,0.97722,11.656,healthy,0,0.97722,11.656,30.052,30.052,0.0228,4.6644,0.977,0.0036,14.5704,-0.0028,2.0624
2543,2026-09-25 11:55:00,C02,CO2,631.247,640.189,0.97639,13.1988,healthy,0,0.97639,13.1988,8.942,-8.942,0.0236,1.3968,0.9777,0.0029,15.0306,-0.0008,0.5949
2544,2026-09-25 12:00:00,C02,CO2,629.778,653.003,0.97536,9.1342,healthy,0,0.97536,9.1342,23.225,-23.225,0.0246,3.5566,0.9766,0.0023,18.9972,-0.001,1.2225
2545,2026-09-25 12:05:00,C02,CO2,649.731,646.524,0.97738,7.7836,healthy,0,0.97738,7.7836,3.207,3.207,0.0226,0.496,0.9773,0.0017,18.0056,0.002,0.1781
2546,2026-09-25 12:10:00,C02,CO2,665.794,656.636,0.97284,10.0957,healthy,0,0.97284,10.0957,9.158,9.158,0.0272,1.3947,0.9758,0.0019,14.9168,-0.0045,0.6139
2547,2026-09-25 12:15:00,C02,CO2,645.474,658.523,0.97861,10.1719,healthy,0,0.97861,10.1719,13.049,-13.049,0.0214,1.9816,0.9761,0.0022,11.5162,0.0058,1.133
2548,2026-09-25 12:20:00,C02,CO2,702.112,667.182,0.97389,11.9217,healthy,0,0.97389,11.9217,34.93,34.93,0.0261,5.2355,0.9756,0.0024,16.7138,-0.0047,2.0898
2549,2026-09-25 12:25:00,C02,CO2,670.588,662.19,0.97697,13.1549,healthy,0,0.97697,13.1549,8.398,8.398,0.023,1.2682,0.9759,0.0025,13.7484,0.0031,0.6108
2550,2026-09-25 12:30:00,C02,CO2,671.275,664.66,0.97471,12.9659,healthy,0,0.97471,12.9659,6.615,6.615,0.0253,0.9952,0.9754,0.0023,14.43,-0.0023,0.4584
2551,2026-09-25 12:35:00,C02,CO2,660.114,648.692,0.97589,7.6386,healthy,0,0.97589,7.6386,11.422,11.422,0.0241,1.7608,0.976,0.0019,14.8828,0.0012,0.7674
2552,2026-09-25 12:40:00,C02,CO2,675.567,660.78,0.97921,11.8934,healthy,0,0.97921,11.8934,14.787,14.787,0.0208,2.2378,0.9761,0.0021,15.2304,0.0033,0.9708
2553,2026-09-25 12:45:00,C02,CO2,673.801,656.353,0.97677,10.0849,healthy,0,0.97677,10.0849,17.448,17.448,0.0232,2.6583,0.9767,0.0017,11.734,-0.0024,1.4868
2554,2026-09-25 12:50:00,C02,CO2,659.873,657.86,0.97562,9.2574,healthy,0,0.97562,9.2574,2.013,2.013,0.0244,0.306,0.9764,0.0017,10.457,-0.0011,0.1925
2555,2026-09-25 12:55:00,C02,CO2,645.612,685.006,0.97684,11.0578,healthy,0,0.97684,11.0578,39.394,-39.394,0.0232,5.7509,0.9769,0.0014,17.0128,0.0012,2.3154
2556,2026-09-25 13:00:00,C02,CO2,689.349,666.515,0.97635,10.2926,healthy,0,0.97635,10.2926,22.834,22.834,0.0236,3.4259,0.977,0.0013,19.2952,-0.0005,1.1833
2557,2026-09-25 13:05:00,C02,CO2,668.881,673.297,0.97756,11.4378,healthy,0,0.97756,11.4378,4.416,-4.416,0.0224,0.6559,0.9766,0.0007,17.221,0.0012,0.2564
2558,2026-09-25 13:10:00,C02,CO2,663.978,670.826,0.97338,12.8646,healthy,0,0.97338,12.8646,6.848,-6.848,0.0266,1.0208,0.976,0.0016,15.101,-0.0042,0.4534
2559,2026-09-25 13:15:00,C02,CO2,689.473,680.59,0.97435,9.3772,healthy,0,0.97435,9.3772,8.883,8.883,0.0256,1.3052,0.9757,0.0018,16.475,0.001,0.5391
2560,2026-09-25 13:20:00,C02,CO2,664.304,672.194,0.9746,9.1121,healthy,0,0.9746,9.1121,7.89,-7.89,0.0254,1.1738,0.9752,0.0017,10.1742,0.0002,0.7754
2561,2026-09-25 13:25:00,C02,CO2,682.382,680.053,0.97483,12.4192,healthy,0,0.97483,12.4192,2.329,2.329,0.0252,0.3425,0.9749,0.0016,6.0732,0.0002,0.3834
2562,2026-09-25 13:30:00,C02,CO2,702.779,706.185,0.97625,8.3332,healthy,0,0.97625,8.3332,3.406,-3.406,0.0238,0.4823,0.9747,0.001,5.8712,0.0014,0.58
2563,2026-09-25 13:35:00,C02,CO2,671.739,682.034,0.97417,11.2262,healthy,0,0.97417,11.2262,10.295,-10.295,0.0258,1.5095,0.9748,0.0008,6.5606,-0.0021,1.569
2564,2026-09-25 13:40:00,C02,CO2,661.938,687.19,0.97158,12.9407,healthy,0,0.97158,12.9407,25.252,-25.252,0.0284,3.6747,0.9743,0.0017,9.8344,-0.0026,2.5675
2565,2026-09-25 13:45:00,C02,CO2,680.897,683.829,0.97393,11.5995,healthy,0,0.97393,11.5995,2.932,-2.932,0.0261,0.4288,0.9742,0.0017,8.8428,0.0023,0.3315
2566,2026-09-25 13:50:00,C02,CO2,689.862,689.281,0.97762,12.3398,healthy,0,0.97762,12.3398,0.581,0.581,0.0224,0.0843,0.9747,0.0023,8.4932,0.0037,0.0684
2567,2026-09-25 13:55:00,C02,CO2,687.498,692.195,0.97932,12.3968,healthy,0,0.97932,12.3968,4.697,-4.697,0.0207,0.6786,0.9753,0.0031,8.7514,0.0017,0.5367
2568,2026-09-25 14:00:00,C02,CO2,697.018,699.91,0.97618,9.5696,healthy,0,0.97618,9.5696,2.892,-2.892,0.0238,0.4132,0.9757,0.003,7.2708,-0.0031,0.3977
2569,2026-09-25 14:05:00,C02,CO2,680.953,678.992,0.97083,9.5915,healthy,0,0.97083,9.5915,1.961,1.961,0.0292,0.2888,0.9756,0.0033,2.6126,-0.0054,0.7503
2570,2026-09-25 14:10:00,C02,CO2,716.302,692.77,0.97258,7.304,healthy,0,0.97258,7.304,23.532,23.532,0.0274,3.3968,0.9753,0.0035,6.7326,0.0018,3.4947
2571,2026-09-25 14:15:00,C02,CO2,705.19,693.435,0.97851,13.5077,healthy,0,0.97851,13.5077,11.755,11.755,0.0215,1.6952,0.9755,0.0037,8.9674,0.0059,1.3107
2572,2026-09-25 14:20:00,C02,CO2,691.404,693.961,0.9746,12.2598,healthy,0,0.9746,12.2598,2.557,-2.557,0.0254,0.3685,0.9745,0.003,8.5394,-0.0039,0.2994
2573,2026-09-25 14:25:00,C02,CO2,707.042,689.495,0.9712,10.977,healthy,0,0.9712,10.977,17.547,17.547,0.0288,2.5449,0.9735,0.0031,11.4704,-0.0034,1.5296
2574,2026-09-25 14:30:00,C02,CO2,719.36,704.916,0.97551,9.6881,healthy,0,0.97551,9.6881,14.444,14.444,0.0245,2.049,0.9745,0.0028,13.967,0.0043,1.0341
2575,2026-09-25 14:35:00,C02,CO2,728.914,695.254,0.97467,8.7805,healthy,0,0.97467,8.7805,33.66,33.66,0.0253,4.8414,0.9749,0.0026,15.9926,-0.0008,2.1046
2576,2026-09-25 14:40:00,C02,CO2,702.999,701.723,0.97709,9.7295,healthy,0,0.97709,9.7295,1.276,1.276,0.0229,0.1818,0.9746,0.0022,13.8968,0.0024,0.0918
2577,2026-09-25 14:45:00,C02,CO2,672.559,695.507,0.97696,13.2855,healthy,0,0.97696,13.2855,22.948,-22.948,0.023,3.2995,0.9751,0.0024,17.975,-0.0001,1.2766
2578,2026-09-25 14:50:00,C02,CO2,700.844,687.806,0.97669,10.2972,healthy,0,0.97669,10.2972,13.038,13.038,0.0233,1.8956,0.9762,0.0011,17.0732,-0.0003,0.7636
2579,2026-09-25 14:55:00,C02,CO2,701.312,693.566,0.9729,8.295,healthy,0,0.9729,8.295,7.746,7.746,0.0271,1.1168,0.9757,0.0018,15.7336,-0.0038,0.4923
2580,2026-09-25 15:00:00,C02,CO2,640.55,700.669,0.97734,11.6346,healthy,0,0.97734,11.6346,60.119,-60.119,0.0227,8.5802,0.9762,0.0019,21.0254,0.0044,2.8592
2581,2026-09-25 15:05:00,C02,CO2,668.768,700.578,0.97249,8.1217,healthy,0,0.97249,8.1217,31.81,-31.81,0.0275,4.5405,0.9753,0.0024,27.1322,-0.0049,1.1724
2582,2026-09-25 15:10:00,C02,CO2,655.456,679.762,0.97596,9.9401,healthy,0,0.97596,9.9401,24.306,-24.306,0.024,3.5757,0.9751,0.0022,27.4038,0.0035,0.8869
2583,2026-09-25 15:15:00,C02,CO2,719.547,696.343,0.97319,12.6797,healthy,0,0.97319,12.6797,23.204,23.204,0.0268,3.3323,0.9744,0.0021,29.437,-0.0028,0.7882
2584,2026-09-25 15:20:00,C02,CO2,695.429,694.075,0.97815,13.3109,healthy,0,0.97815,13.3109,1.354,1.354,0.0219,0.1951,0.9754,0.0025,28.1586,0.005,0.0481
2585,2026-09-25 15:25:00,C02,CO2,684.374,709.245,0.97416,7.9816,healthy,0,0.97416,7.9816,24.871,-24.871,0.0258,3.5067,0.9748,0.0023,21.109,-0.004,1.1782
2586,2026-09-25 15:30:00,C02,CO2,678.687,689.5,0.97647,9.2623,healthy,0,0.97647,9.2623,10.813,-10.813,0.0235,1.5682,0.9756,0.002,16.9096,0.0023,0.6394
2587,2026-09-25 15:35:00,C02,CO2,689.937,684.216,0.97409,13.2583,healthy,0,0.97409,13.2583,5.721,5.721,0.0259,0.8361,0.9752,0.002,13.1926,-0.0024,0.4336
2588,2026-09-25 15:40:00,C02,CO2,691.011,688.872,0.97784,11.1511,healthy,0,0.97784,11.1511,2.139,2.139,0.0222,0.3105,0.9761,0.0019,8.9796,0.0038,0.2382
2589,2026-09-25 15:45:00,C02,CO2,715.333,701.814,0.97471,12.576,healthy,0,0.97471,12.576,13.519,13.519,0.0253,1.9263,0.9755,0.0016,11.4126,-0.0031,1.1845
2590,2026-09-25 15:50:00,C02,CO2,708.797,690.601,0.97261,11.1303,healthy,0,0.97261,11.1303,18.196,18.196,0.0274,2.6348,0.9751,0.002,10.0776,-0.0021,1.8054
2591,2026-09-25 15:55:00,C02,CO2,709.797,697.328,0.97882,10.3254,healthy,0,0.97882,10.3254,12.469,12.469,0.0212,1.7881,0.9756,0.0026,10.4088,0.0062,1.1978
2592,2026-09-25 16:00:00,C02,CO2,696.139,681.637,0.9758,12.8787,healthy,0,0.9758,12.8787,14.502,14.502,0.0242,2.1275,0.976,0.0025,12.165,-0.003,1.192
2593,2026-09-25 16:05:00,C02,CO2,685.731,689.344,0.97486,9.5183,healthy,0,0.97486,9.5183,3.613,-3.613,0.0251,0.5241,0.9754,0.0023,12.4598,-0.0009,0.2899
2594,2026-09-25 16:10:00,C02,CO2,655.688,676.787,0.97471,8.22,healthy,0,0.97471,8.22,21.099,-21.099,0.0253,3.1175,0.9754,0.0023,13.9758,-0.0001,1.5096
2595,2026-09-25 16:15:00,C02,CO2,693.796,692.759,0.97688,10.6478,healthy,0,0.97688,10.6478,1.037,1.037,0.0231,0.1497,0.9762,0.0017,10.544,0.0022,0.0983
2596,2026-09-25 16:20:00,C02,CO2,664.731,686.119,0.97632,11.6753,healthy,0,0.97632,11.6753,21.388,-21.388,0.0237,3.1172,0.9757,0.0009,12.3278,-0.0006,1.7348
2597,2026-09-25 16:25:00,C02,CO2,678.862,663.499,0.97337,10.8631,healthy,0,0.97337,10.8631,15.363,15.363,0.0266,2.3155,0.9752,0.0014,12.5,-0.003,1.2289
2598,2026-09-25 16:30:00,C02,CO2,682.23,683.362,0.97647,9.675,healthy,0,0.97647,9.675,1.132,-1.132,0.0235,0.1657,0.9756,0.0015,12.0038,0.0031,0.0943
2599,2026-09-25 16:35:00,C02,CO2,676.757,680.384,0.97389,9.3987,healthy,0,0.97389,9.3987,3.627,-3.627,0.0261,0.5331,0.9754,0.0016,8.5094,-0.0026,0.4262
2600,2026-09-25 16:40:00,C02,CO2,705.138,683.458,0.97359,10.7769,healthy,0,0.97359,10.7769,21.68,21.68,0.0264,3.1721,0.9747,0.0015,12.638,-0.0003,1.7153
2601,2026-09-25 16:45:00,C02,CO2,669.253,672.257,0.97541,10.9409,healthy,0,0.97541,10.9409,3.004,-3.004,0.0246,0.4469,0.9745,0.0013,8.9612,0.0018,0.3352
2602,2026-09-25 16:50:00,C02,CO2,712.399,687.944,0.97601,8.5977,healthy,0,0.97601,8.5977,24.455,24.455,0.024,3.5548,0.9751,0.0013,10.7796,0.0006,2.2684
2603,2026-09-25 16:55:00,C02,CO2,662.464,674.923,0.97465,13.2691,healthy,0,0.97465,13.2691,12.459,-12.459,0.0253,1.846,0.9747,0.001,13.045,-0.0014,0.955
2604,2026-09-25 17:00:00,C02,CO2,733.606,684.526,0.97559,12.7189,healthy,0,0.97559,12.7189,49.08,49.08,0.0244,7.1699,0.975,0.001,22.1356,0.0009,2.2171
2605,2026-09-25 17:05:00,C02,CO2,668.338,670.267,0.97521,9.4028,healthy,0,0.97521,9.4028,1.929,-1.929,0.0248,0.2878,0.9754,0.0005,18.1854,-0.0004,0.1061
2606,2026-09-25 17:10:00,C02,CO2,660.431,658.518,0.97503,15.7415,healthy,0,0.97503,15.7415,1.913,1.913,0.025,0.2905,0.9753,0.0005,17.9672,-0.0002,0.1065
2607,2026-09-25 17:15:00,C02,CO2,677.091,660.317,0.97498,10.451,healthy,0,0.97498,10.451,16.774,16.774,0.025,2.5403,0.9751,0.0003,16.431,-0.0,1.0208
2608,2026-09-25 17:20:00,C02,CO2,1107.901,661.926,0.98697,10.6042,anomaly,1,0.98697,10.6042,445.975,445.975,0.013,67.3754,0.9776,0.0053,103.1342,0.012,4.3242
2609,2026-09-25 17:25:00,C02,CO2,660.975,662.175,0.97197,8.372,healthy,0,0.97197,8.372,1.2,-1.2,0.028,0.1812,0.9768,0.0058,93.5582,-0.015,0.0128
2610,2026-09-25 17:30:00,C02,CO2,640.701,654.171,0.97745,10.7671,healthy,0,0.97745,10.7671,13.47,-13.47,0.0225,2.0591,0.9773,0.0058,95.8664,0.0055,0.1405
2611,2026-09-25 17:35:00,C02,CO2,615.589,653.098,0.97312,12.3408,healthy,0,0.97312,12.3408,37.509,-37.509,0.0269,5.7432,0.9769,0.006,102.9856,-0.0043,0.3642
2612,2026-09-25 17:40:00,C02,CO2,679.067,660.926,0.9732,11.6642,healthy,0,0.9732,11.6642,18.141,18.141,0.0268,2.7448,0.9765,0.0062,103.259,0.0001,0.1757
2613,2026-09-25 17:45:00,C02,CO2,656.534,651.789,0.97444,12.1618,healthy,0,0.97444,12.1618,4.745,4.745,0.0256,0.728,0.974,0.0021,15.013,0.0012,0.316
2614,2026-09-25 17:50:00,C02,CO2,668.863,653.102,0.97699,10.6079,healthy,0,0.97699,10.6079,15.761,15.761,0.023,2.4133,0.975,0.0021,17.9252,0.0026,0.8792
2615,2026-09-25 17:55:00,C02,CO2,678.691,650.341,0.97456,9.6832,healthy,0,0.97456,9.6832,28.35,28.35,0.0254,4.3593,0.9745,0.0016,20.9012,-0.0024,1.3563
2616,2026-09-25 18:00:00,C02,CO2,617.766,626.019,0.97782,11.3706,healthy,0,0.97782,11.3706,8.253,-8.253,0.0222,1.3183,0.9754,0.0019,15.05,0.0033,0.5483
2617,2026-09-25 18:05:00,C02,CO2,928.978,635.349,0.96929,13.4709,anomaly,1,0.96929,13.4709,293.629,293.629,0.0307,46.2154,0.9746,0.0033,70.1476,-0.0085,4.1858
2618,2026-09-25 18:10:00,C02,CO2,659.437,646.287,0.97788,9.3208,healthy,0,0.97788,9.3208,13.15,13.15,0.0221,2.0347,0.9753,0.0036,71.8286,0.0086,0.1831
2619,2026-09-25 18:15:00,C02,CO2,628.246,641.501,0.97859,9.9665,healthy,0,0.97859,9.9665,13.255,-13.255,0.0214,2.0662,0.9756,0.0039,71.3274,0.0007,0.1858
2620,2026-09-25 18:20:00,C02,CO2,629.985,624.488,0.97544,11.0743,healthy,0,0.97544,11.0743,5.497,5.497,0.0246,0.8802,0.9758,0.0038,66.7568,-0.0031,0.0823
2621,2026-09-25 18:25:00,C02,CO2,643.936,634.149,0.9778,9.655,healthy,0,0.9778,9.655,9.787,9.787,0.0222,1.5433,0.9758,0.0038,67.0636,0.0024,0.1459
2622,2026-09-25 18:30:00,C02,CO2,886.047,637.788,0.98056,11.2243,anomaly,1,0.98056,11.2243,248.259,248.259,0.0194,38.925,0.9781,0.0018,57.9896,0.0028,4.281
2623,2026-09-25 18:35:00,C02,CO2,1076.5,619.004,0.97616,10.7685,anomaly,1,0.97616,10.7685,457.496,457.496,0.0238,73.9084,0.9777,0.002,146.8588,-0.0044,3.1152
2624,2026-09-25 18:40:00,C02,CO2,600.003,637.209,0.97627,10.2078,healthy,0,0.97627,10.2078,37.206,-37.206,0.0237,5.8389,0.9772,0.002,151.649,0.0001,0.2453
2625,2026-09-25 18:45:00,C02,CO2,647.287,633.103,0.97058,13.2821,healthy,0,0.97058,13.2821,14.184,14.184,0.0294,2.2404,0.9763,0.0036,153.3864,-0.0057,0.0925
2626,2026-09-25 18:50:00,C02,CO2,586.22,621.81,0.97314,11.0034,healthy,0,0.97314,11.0034,35.59,-35.59,0.0269,5.7236,0.9753,0.0038,158.547,0.0026,0.2245
2627,2026-09-25 18:55:00,C02,CO2,636.428,620.628,0.97549,10.9957,healthy,0,0.97549,10.9957,15.8,15.8,0.0245,2.5458,0.9743,0.0024,112.0552,0.0023,0.141
2628,2026-09-25 19:00:00,C02,CO2,418.065,622.468,0.98084,10.5397,anomaly,1,0.98084,10.5397,204.403,-204.403,0.0192,32.8375,0.9753,0.0038,61.4366,0.0054,3.327
2629,2026-09-25 19:05:00,C02,CO2,615.547,602.479,0.97648,10.2282,healthy,0,0.97648,10.2282,13.068,13.068,0.0235,2.169,0.9753,0.0038,56.609,-0.0044,0.2308
2630,2026-09-25 19:10:00,C02,CO2,610.74,623.854,0.97268,8.7553,healthy,0,0.97268,8.7553,13.114,-13.114,0.0273,2.1021,0.9757,0.0033,56.395,-0.0038,0.2325
2631,2026-09-25 19:15:00,C02,CO2,600.463,613.636,0.97299,10.0692,healthy,0,0.97299,10.0692,13.173,-13.173,0.027,2.1467,0.9757,0.0033,51.9116,0.0003,0.2538
2632,2026-09-25 19:20:00,C02,CO2,1069.821,607.265,0.97516,11.4419,anomaly,1,0.97516,11.4419,462.556,462.556,0.0248,76.1704,0.9756,0.0033,141.2628,0.0022,3.2744
2633,2026-09-25 19:25:00,C02,CO2,1097.472,626.992,0.98316,8.504,anomaly,1,0.98316,8.504,470.48,470.48,0.0168,75.0376,0.9761,0.0042,194.4782,0.008,2.4192
2634,2026-09-25 19:30:00,C02,CO2,445.743,595.157,0.97873,10.9728,anomaly,1,0.97873,10.9728,149.414,-149.414,0.0213,25.105,0.9765,0.0044,221.7474,-0.0044,0.6738
2635,2026-09-25 19:35:00,C02,CO2,405.536,610.128,0.96988,11.3447,anomaly,1,0.96988,11.3447,204.592,-204.592,0.0301,33.5326,0.976,0.0051,260.043,-0.0089,0.7868
2636,2026-09-25 19:40:00,C02,CO2,616.739,607.549,0.97695,12.4557,healthy,0,0.97695,12.4557,9.19,9.19,0.0231,1.5126,0.9768,0.0049,259.2464,0.0071,0.0354
2637,2026-09-25 19:45:00,C02,CO2,600.337,600.084,0.97818,14.2328,healthy,0,0.97818,14.2328,0.253,0.253,0.0218,0.0422,0.9774,0.0048,166.7858,0.0012,0.0015
2638,2026-09-25 19:50:00,C02,CO2,590.525,598.393,0.97418,9.7782,healthy,0,0.97418,9.7782,7.868,-7.868,0.0258,1.3149,0.9756,0.0036,74.2634,-0.004,0.1059
2639,2026-09-25 19:55:00,C02,CO2,603.807,618.899,0.97289,9.7527,healthy,0,0.97289,9.7527,15.092,-15.092,0.0271,2.4385,0.9744,0.0033,47.399,-0.0013,0.3184
2640,2026-09-25 20:00:00,C02,CO2,608.663,592.909,0.97412,13.7642,healthy,0,0.97412,13.7642,15.754,15.754,0.0259,2.6571,0.9753,0.0022,9.6314,0.0012,1.6355
2641,2026-09-25 20:05:00,C02,CO2,605.878,605.556,0.97609,10.0748,healthy,0,0.97609,10.0748,0.322,0.322,0.0239,0.0532,0.9751,0.0021,7.8578,0.002,0.041
2642,2026-09-25 20:10:00,C02,CO2,573.192,586.391,0.97655,8.7885,healthy,0,0.97655,8.7885,13.199,-13.199,0.0234,2.2509,0.9748,0.0015,10.447,0.0005,1.2633
2643,2026-09-25 20:15:00,C02,CO2,807.235,587.721,0.97508,13.4515,anomaly,1,0.97508,13.4515,219.514,219.514,0.0249,37.35,0.9749,0.0015,52.7762,-0.0015,4.1593
2644,2026-09-25 20:20:00,C02,CO2,585.087,604.125,0.97477,8.5813,healthy,0,0.97477,8.5813,19.038,-19.038,0.0252,3.1513,0.9753,0.001,53.5654,-0.0003,0.3554
2645,2026-09-25 20:25:00,C02,CO2,600.512,606.992,0.97524,10.7529,healthy,0,0.97524,10.7529,6.48,-6.48,0.0248,1.0676,0.9755,0.0007,51.7106,0.0005,0.1253
2646,2026-09-25 20:30:00,C02,CO2,597.073,609.776,0.97924,10.2771,healthy,0,0.97924,10.2771,12.703,-12.703,0.0208,2.0832,0.9762,0.0018,54.1868,0.004,0.2344
2647,2026-09-25 20:35:00,C02,CO2,852.547,587.523,0.97445,12.3324,anomaly,1,0.97445,12.3324,265.024,265.024,0.0255,45.1087,0.9758,0.002,104.5518,-0.0048,2.5348
2648,2026-09-25 20:40:00,C02,CO2,609.705,591.168,0.97379,9.7965,healthy,0,0.97379,9.7965,18.537,18.537,0.0262,3.1357,0.9755,0.0022,64.3564,-0.0007,0.288
2649,2026-09-25 20:45:00,C02,CO2,596.014,590.307,0.97581,8.8527,healthy,0,0.97581,8.8527,5.707,5.707,0.0242,0.9668,0.9757,0.0021,61.6902,0.002,0.0925
2650,2026-09-25 20:50:00,C02,CO2,632.36,611.492,0.97529,8.8861,healthy,0,0.97529,8.8861,20.868,20.868,0.0247,3.4126,0.9757,0.0021,64.5678,-0.0005,0.3232
2651,2026-09-25 20:55:00,C02,CO2,630.699,589.962,0.97555,12.5328,healthy,0,0.97555,12.5328,40.737,40.737,0.0244,6.905,0.975,0.0008,70.1746,0.0003,0.5805
2652,2026-09-25 21:00:00,C02,CO2,623.528,607.098,0.97495,10.5508,healthy,0,0.97495,10.5508,16.43,16.43,0.0251,2.7063,0.9751,0.0008,20.4558,-0.0006,0.8032
2653,2026-09-25 21:05:00,C02,CO2,598.572,591.351,0.97459,9.5948,healthy,0,0.97459,9.5948,7.221,7.221,0.0254,1.2211,0.9752,0.0005,18.1926,-0.0004,0.3969
2654,2026-09-25 21:10:00,C02,CO2,549.097,584.147,0.9735,10.9708,healthy,0,0.9735,10.9708,35.05,-35.05,0.0265,6.0002,0.9748,0.0008,24.0612,-0.0011,1.4566
2655,2026-09-25 21:15:00,C02,CO2,588.144,587.889,0.97474,11.0433,healthy,0,0.97474,11.0433,0.255,0.255,0.0253,0.0434,0.9747,0.0007,19.9386,0.0012,0.0128
2656,2026-09-25 21:20:00,C02,CO2,428.53,595.628,0.97218,10.2798,anomaly,1,0.97218,10.2798,167.098,-167.098,0.0278,28.0541,0.974,0.0012,45.2108,-0.0026,3.6959
2657,2026-09-25 21:25:00,C02,CO2,603.801,583.347,0.97556,12.2301,healthy,0,0.97556,12.2301,20.454,20.454,0.0244,3.5063,0.9741,0.0013,46.0156,0.0034,0.4445
2658,2026-09-25 21:30:00,C02,CO2,608.908,590.388,0.97646,11.9845,healthy,0,0.97646,11.9845,18.52,18.52,0.0235,3.1369,0.9745,0.0017,48.2754,0.0009,0.3836
2659,2026-09-25 21:35:00,C02,CO2,1039.243,597.94,0.97615,14.6057,anomaly,1,0.97615,14.6057,441.303,441.303,0.0239,73.8039,0.975,0.0017,129.526,-0.0003,3.407
2660,2026-09-25 21:40:00,C02,CO2,602.639,594.363,0.97458,13.2339,healthy,0,0.97458,13.2339,8.276,8.276,0.0254,1.3924,0.975,0.0017,131.1302,-0.0016,0.0631
2661,2026-09-25 21:45:00,C02,CO2,579.602,596.38,0.97687,9.9962,healthy,0,0.97687,9.9962,16.778,-16.778,0.0231,2.8133,0.9759,0.0009,101.0662,0.0023,0.166
2662,2026-09-25 21:50:00,C02,CO2,576.795,601.211,0.97429,9.7091,healthy,0,0.97429,9.7091,24.416,-24.416,0.0257,4.0611,0.9757,0.0012,101.8586,-0.0026,0.2397
2663,2026-09-25 21:55:00,C02,CO2,600.614,610.515,0.97368,11.2423,healthy,0,0.97368,11.2423,9.901,-9.901,0.0263,1.6217,0.9751,0.0013,100.1348,-0.0006,0.0989
2664,2026-09-25 22:00:00,C02,CO2,593.51,612.34,0.97535,11.2331,healthy,0,0.97535,11.2331,18.83,-18.83,0.0246,3.0751,0.975,0.0012,15.6402,0.0017,1.2039
2665,2026-09-25 22:05:00,C02,CO2,607.863,614.463,0.97449,12.0877,healthy,0,0.97449,12.0877,6.6,-6.6,0.0255,1.0741,0.9749,0.0012,15.305,-0.0009,0.4312
2666,2026-09-25 22:10:00,C02,CO2,621.069,604.187,0.97745,10.3651,healthy,0,0.97745,10.3651,16.882,16.882,0.0225,2.7942,0.9751,0.0015,15.3258,0.003,1.1015
2667,2026-09-25 22:15:00,C02,CO2,812.26,592.52,0.97163,12.1354,anomaly,1,0.97163,12.1354,219.74,219.74,0.0284,37.0857,0.9745,0.0021,54.3906,-0.0058,4.04
2668,2026-09-25 22:20:00,C02,CO2,586.063,598.664,0.9764,12.325,healthy,0,0.9764,12.325,12.601,-12.601,0.0236,2.1049,0.9751,0.0022,54.9306,0.0048,0.2294
2669,2026-09-25 22:25:00,C02,CO2,588.544,612.595,0.97702,11.5804,healthy,0,0.97702,11.5804,24.051,-24.051,0.023,3.9261,0.9754,0.0024,55.9748,0.0006,0.4297
2670,2026-09-25 22:30:00,C02,CO2,613.569,602.924,0.97536,11.32,healthy,0,0.97536,11.32,10.645,10.645,0.0246,1.7656,0.9756,0.0023,56.7838,-0.0017,0.1875
2671,2026-09-25 22:35:00,C02,CO2,619.285,620.211,0.97559,9.8185,healthy,0,0.97559,9.8185,0.926,-0.926,0.0244,0.1493,0.9752,0.0021,53.5926,0.0002,0.0173
2672,2026-09-25 22:40:00,C02,CO2,618.037,599.8,0.97399,10.5366,healthy,0,0.97399,10.5366,18.237,18.237,0.026,3.0405,0.9757,0.0011,13.292,-0.0016,1.3719
2673,2026-09-25 22:45:00,C02,CO2,613.306,618.293,0.97278,11.0984,healthy,0,0.97278,11.0984,4.987,-4.987,0.0272,0.8066,0.9749,0.0016,11.7692,-0.0012,0.4237
2674,2026-09-25 22:50:00,C02,CO2,636.451,613.77,0.97684,11.9455,healthy,0,0.97684,11.9455,22.681,22.681,0.0232,3.6954,0.9749,0.0016,11.4952,0.0041,1.9729
2675,2026-09-25 22:55:00,C02,CO2,871.99,604.193,0.97496,10.8702,anomaly,1,0.97496,10.8702,267.797,267.797,0.025,44.3231,0.9748,0.0015,62.9256,-0.0019,4.2557
2676,2026-09-25 23:00:00,C02,CO2,616.81,609.803,0.97404,12.5452,healthy,0,0.97404,12.5452,7.007,7.007,0.026,1.1491,0.9745,0.0015,64.1418,-0.0009,0.1092
2677,2026-09-25 23:05:00,C02,CO2,640.51,629.368,0.9769,10.8949,healthy,0,0.9769,10.8949,11.142,11.142,0.0231,1.7703,0.9751,0.0018,62.7228,0.0029,0.1776
2678,2026-09-25 23:10:00,C02,CO2,628.902,615.062,0.97582,11.7808,healthy,0,0.97582,11.7808,13.84,13.84,0.0242,2.2502,0.9757,0.0012,64.4934,-0.0011,0.2146
2679,2026-09-25 23:15:00,C02,CO2,1044.782,626.706,0.97663,8.8879,anomaly,1,0.97663,8.8879,418.076,418.076,0.0234,66.7101,0.9757,0.0012,143.5724,0.0008,2.9119
2680,2026-09-25 23:20:00,C02,CO2,673.299,626.267,0.9754,12.9867,warning,0,0.9754,12.9867,47.032,47.032,0.0246,7.5099,0.9758,0.0011,99.4194,-0.0012,0.4731
2681,2026-09-25 23:25:00,C02,CO2,643.25,631.99,0.97686,11.7005,warning,0,0.97686,11.7005,11.26,11.26,0.0231,1.7817,0.9763,0.0007,100.27,0.0015,0.1123
2682,2026-09-25 23:30:00,C02,CO2,605.239,631.302,0.97833,9.6515,warning,0,0.97833,9.6515,26.063,-26.063,0.0217,4.1285,0.9766,0.0011,103.2542,0.0015,0.2524
2683,2026-09-25 23:35:00,C02,CO2,644.285,624.962,0.97979,13.6746,warning,0,0.97979,13.6746,19.323,19.323,0.0202,3.0919,0.9774,0.0017,104.3508,0.0015,0.1852
2684,2026-09-25 23:40:00,C02,CO2,595.083,644.626,0.98125,10.6121,warning,0,0.98125,10.6121,49.543,-49.543,0.0188,7.6855,0.9783,0.0023,30.6442,0.0015,1.6167
2685,2026-09-25 23:45:00,C02,CO2,617.6,636.162,0.98272,9.3113,warning,0,0.98272,9.3113,18.562,-18.562,0.0173,2.9178,0.9798,0.0023,24.9502,0.0015,0.7439
2686,2026-09-25 23:50:00,C02,CO2,636.52,641.351,0.98418,10.0548,warning,0,0.98418,10.0548,4.831,-4.831,0.0158,0.7533,0.9813,0.0023,23.6644,0.0015,0.2041
2687,2026-09-25 23:55:00,C02,CO2,670.337,648.39,0.98564,11.2004,warning,0,0.98564,11.2004,21.947,21.947,0.0144,3.3848,0.9827,0.0023,22.8412,0.0015,0.9608
2688,2026-09-26 00:00:00,C02,CO2,706.886,639.477,0.9871,10.9886,warning,0,0.9871,10.9886,67.409,67.409,0.0129,10.5413,0.9842,0.0023,32.4584,0.0015,2.0767
2689,2026-09-26 00:05:00,C02,CO2,650.105,650.218,0.98857,10.2415,warning,0,0.98857,10.2415,0.113,-0.113,0.0114,0.0174,0.9856,0.0023,22.5724,0.0015,0.005
2690,2026-09-26 00:10:00,C02,CO2,642.06,633.599,0.99003,8.6768,warning,0,0.99003,8.6768,8.461,8.461,0.01,1.3354,0.9871,0.0023,20.5522,0.0015,0.4117
2691,2026-09-26 00:15:00,C02,CO2,709.887,654.159,0.99149,8.8791,warning,0,0.99149,8.8791,55.728,55.728,0.0085,8.519,0.9886,0.0023,30.7316,0.0015,1.8133
2692,2026-09-26 00:20:00,C02,CO2,678.623,657.234,0.99296,8.8251,warning,0,0.99296,8.8251,21.389,21.389,0.007,3.2544,0.99,0.0023,30.62,0.0015,0.6985
2693,2026-09-26 00:25:00,C02,CO2,688.432,664.753,0.99442,12.3898,warning,0,0.99442,12.3898,23.679,23.679,0.0056,3.5621,0.9915,0.0023,21.874,0.0015,1.0825
2694,2026-09-26 00:30:00,C02,CO2,673.219,653.087,0.99588,9.7526,warning,0,0.99588,9.7526,20.132,20.132,0.0041,3.0826,0.993,0.0023,25.8778,0.0015,0.7779
2695,2026-09-26 00:35:00,C02,CO2,705.638,673.947,0.99735,11.8804,warning,0,0.99735,11.8804,31.691,31.691,0.0027,4.7023,0.9944,0.0023,30.5238,0.0015,1.0382
2696,2026-09-26 00:40:00,C02,CO2,650.328,669.312,0.99881,13.1873,warning,0,0.99881,13.1873,18.984,-18.984,0.0012,2.8363,0.9959,0.0023,23.175,0.0015,0.8191
2697,2026-09-26 00:45:00,C02,CO2,669.362,664.696,1.00027,13.079,warning,0,1.00027,13.079,4.666,4.666,0.0003,0.702,0.9973,0.0023,19.8304,0.0015,0.2353
2698,2026-09-26 00:50:00,C02,CO2,693.171,663.841,1.00174,11.1932,warning,0,1.00174,11.1932,29.33,29.33,0.0017,4.4182,0.9988,0.0023,20.9606,0.0015,1.3992
2699,2026-09-26 00:55:00,C02,CO2,716.397,667.445,1.0032,11.8235,warning,0,1.0032,11.8235,48.952,48.952,0.0032,7.3342,1.0003,0.0023,26.7246,0.0015,1.8317
2700,2026-09-26 01:00:00,C02,CO2,684.962,659.934,1.00466,12.6571,warning,0,1.00466,12.6571,25.028,25.028,0.0047,3.7925,1.0017,0.0023,25.392,0.0015,0.9856
2701,2026-09-26 01:05:00,C02,CO2,682.788,677.071,1.00613,10.994,warning,0,1.00613,10.994,5.717,5.717,0.0061,0.8444,1.0032,0.0023,22.7386,0.0015,0.2514
2702,2026-09-26 01:10:00,C02,CO2,687.259,693.01,1.00759,12.7179,warning,0,1.00759,12.7179,5.751,-5.751,0.0076,0.8299,1.0047,0.0023,22.9556,0.0015,0.2505
2703,2026-09-26 01:15:00,C02,CO2,768.689,677.235,1.00905,12.5828,warning,0,1.00905,12.5828,91.454,91.454,0.0091,13.504,1.0061,0.0023,35.3804,0.0015,2.5848
2704,2026-09-26 01:20:00,C02,CO2,724.161,680.172,1.01051,11.8346,warning,0,1.01051,11.8346,43.989,43.989,0.0105,6.4673,1.0076,0.0023,34.3878,0.0015,1.2792
2705,2026-09-26 01:25:00,C02,CO2,674.783,669.483,1.01198,12.4797,warning,0,1.01198,12.4797,5.3,5.3,0.012,0.7917,1.0091,0.0023,30.4422,0.0015,0.1741
2706,2026-09-26 01:30:00,C02,CO2,665.13,688.015,1.01344,9.0744,warning,0,1.01344,9.0744,22.885,-22.885,0.0134,3.3262,1.0105,0.0023,33.8758,0.0015,0.6755
2707,2026-09-26 01:35:00,C02,CO2,710.402,682.329,1.0149,10.2276,warning,0,1.0149,10.2276,28.073,28.073,0.0149,4.1143,1.012,0.0023,38.3402,0.0015,0.7322
2708,2026-09-26 01:40:00,C02,CO2,656.561,679.69,1.01637,9.6935,warning,0,1.01637,9.6935,23.129,-23.129,0.0164,3.4029,1.0134,0.0023,24.6752,0.0015,0.9373
2709,2026-09-26 01:45:00,C02,CO2,738.522,687.297,1.01783,9.2086,warning,0,1.01783,9.2086,51.225,51.225,0.0178,7.4531,1.0149,0.0023,26.1224,0.0015,1.9609
2710,2026-09-26 01:50:00,C02,CO2,762.324,685.544,1.01929,11.5473,warning,0,1.01929,11.5473,76.78,76.78,0.0193,11.1999,1.0164,0.0023,40.4184,0.0015,1.8996
2711,2026-09-26 01:55:00,C02,CO2,727.618,684.752,1.02076,12.3407,warning,0,1.02076,12.3407,42.866,42.866,0.0208,6.2601,1.0178,0.0023,44.4146,0.0015,0.9651
2712,2026-09-26 02:00:00,C02,CO2,710.082,691.653,1.02222,10.5784,warning,0,1.02222,10.5784,18.429,18.429,0.0222,2.6645,1.0193,0.0023,42.4858,0.0015,0.4338
2713,2026-09-26 02:05:00,C02,CO2,740.765,680.338,1.02368,13.6732,warning,0,1.02368,13.6732,60.427,60.427,0.0237,8.8819,1.0208,0.0023,49.9454,0.0015,1.2098
2714,2026-09-26 02:10:00,C02,CO2,725.693,689.008,1.02515,9.8643,warning,0,1.02515,9.8643,36.685,36.685,0.0252,5.3243,1.0222,0.0023,47.0374,0.0015,0.7799
2715,2026-09-26 02:15:00,C02,CO2,708.008,692.054,1.02661,11.7579,warning,0,1.02661,11.7579,15.954,15.954,0.0266,2.3053,1.0237,0.0023,34.8722,0.0015,0.4575
2716,2026-09-26 02:20:00,C02,CO2,771.734,698.944,1.02807,11.9927,warning,0,1.02807,11.9927,72.79,72.79,0.0281,10.4143,1.0251,0.0023,40.857,0.0015,1.7815
2717,2026-09-26 02:25:00,C02,CO2,750.239,697.74,1.02953,9.014,warning,0,1.02953,9.014,52.499,52.499,0.0295,7.5241,1.0266,0.0023,47.671,0.0015,1.1013
2718,2026-09-26 02:30:00,C02,CO2,760.347,709.455,1.031,12.98,warning,0,1.031,12.98,50.892,50.892,0.031,7.1734,1.0281,0.0023,45.764,0.0015,1.112
2719,2026-09-26 02:35:00,C02,CO2,745.053,701.964,1.03246,10.4485,warning,0,1.03246,10.4485,43.089,43.089,0.0325,6.1383,1.0295,0.0023,47.0448,0.0015,0.9159
2720,2026-09-26 02:40:00,C02,CO2,701.629,686.244,1.03392,10.5248,warning,0,1.03392,10.5248,15.385,15.385,0.0339,2.2419,1.031,0.0023,46.931,0.0015,0.3278
2721,2026-09-26 02:45:00,C02,CO2,703.88,697.303,1.03539,12.1831,warning,0,1.03539,12.1831,6.577,6.577,0.0354,0.9432,1.0325,0.0023,33.6884,0.0015,0.1952
2722,2026-09-26 02:50:00,C02,CO2,723.627,693.967,1.03685,11.8928,warning,0,1.03685,11.8928,29.66,29.66,0.0369,4.274,1.0339,0.0023,29.1206,0.0015,1.0185
2723,2026-09-26 02:55:00,C02,CO2,754.116,693.93,1.03831,12.3391,warning,0,1.03831,12.3391,60.186,60.186,0.0383,8.6732,1.0354,0.0023,30.9794,0.0015,1.9427
2724,2026-09-26 03:00:00,C02,CO2,723.684,698.263,1.03978,10.0593,warning,0,1.03978,10.0593,25.421,25.421,0.0398,3.6406,1.0368,0.0023,27.4458,0.0015,0.9262
2725,2026-09-26 03:05:00,C02,CO2,749.159,693.911,1.04124,10.7942,warning,0,1.04124,10.7942,55.248,55.248,0.0412,7.9618,1.0383,0.0023,35.4184,0.0015,1.5598
2726,2026-09-26 03:10:00,C02,CO2,771.866,692.434,1.0427,10.2201,warning,0,1.0427,10.2201,79.432,79.432,0.0427,11.4714,1.0398,0.0023,49.9894,0.0015,1.5889
2727,2026-09-26 03:15:00,C02,CO2,707.533,703.907,1.04417,10.3214,warning,0,1.04417,10.3214,3.626,3.626,0.0442,0.5151,1.0412,0.0023,44.7826,0.0015,0.081
2728,2026-09-26 03:20:00,C02,CO2,745.276,693.797,1.04563,12.2947,warning,0,1.04563,12.2947,51.479,51.479,0.0456,7.4199,1.0427,0.0023,43.0412,0.0015,1.196
2729,2026-09-26 03:25:00,C02,CO2,740.622,693.811,1.04709,9.5854,warning,0,1.04709,9.5854,46.811,46.811,0.0471,6.7469,1.0442,0.0023,47.3192,0.0015,0.9892
2730,2026-09-26 03:30:00,C02,CO2,740.788,696.227,1.04855,11.8382,warning,0,1.04855,11.8382,44.561,44.561,0.0486,6.4004,1.0456,0.0023,45.1818,0.0015,0.9862
2731,2026-09-26 03:35:00,C02,CO2,759.877,713.208,1.05002,10.5323,warning,0,1.05002,10.5323,46.669,46.669,0.05,6.5435,1.0471,0.0023,38.6292,0.0015,1.2081
2732,2026-09-26 03:40:00,C02,CO2,768.244,690.858,1.05148,10.2355,warning,0,1.05148,10.2355,77.386,77.386,0.0515,11.2014,1.0486,0.0023,53.3812,0.0015,1.4497
2733,2026-09-26 03:45:00,C02,CO2,756.66,710.29,1.05294,9.8694,warning,0,1.05294,9.8694,46.37,46.37,0.0529,6.5283,1.05,0.0023,52.3594,0.0015,0.8856
2734,2026-09-26 03:50:00,C02,CO2,775.046,706.042,1.05441,8.986,warning,0,1.05441,8.986,69.004,69.004,0.0544,9.7734,1.0515,0.0023,56.798,0.0015,1.2149
2735,2026-09-26 03:55:00,C02,CO2,749.842,696.289,1.05587,12.2035,warning,0,1.05587,12.2035,53.553,53.553,0.0559,7.6912,1.0529,0.0023,58.5964,0.0015,0.9139
2736,2026-09-26 04:00:00,C02,CO2,786.741,696.572,1.05733,9.7719,warning,0,1.05733,9.7719,90.169,90.169,0.0573,12.9447,1.0544,0.0023,67.2964,0.0015,1.3399
2737,2026-09-26 04:05:00,C02,CO2,730.954,682.758,1.0588,12.0763,warning,0,1.0588,12.0763,48.196,48.196,0.0588,7.059,1.0559,0.0023,61.4584,0.0015,0.7842
2738,2026-09-26 04:10:00,C02,CO2,712.851,682.953,1.06026,13.1645,warning,0,1.06026,13.1645,29.898,29.898,0.0603,4.3778,1.0573,0.0023,58.164,0.0015,0.514
2739,2026-09-26 04:15:00,C02,CO2,712.021,673.611,1.06172,12.493,warning,0,1.06172,12.493,38.41,38.41,0.0617,5.7021,1.0588,0.0023,52.0452,0.0015,0.738
2740,2026-09-26 04:20:00,C02,CO2,913.268,678.8,1.18999,10.7269,unhealthy,0,1.18999,10.7269,234.468,234.468,0.19,34.5415,1.0856,0.0584,88.2282,0.1283,2.6575
2741,2026-09-26 04:25:00,C02,CO2,858.659,695.348,1.19161,11.6341,unhealthy,0,1.19161,11.6341,163.311,163.311,0.1916,23.4862,1.1125,0.0715,102.8566,0.0016,1.5877
2742,2026-09-26 04:30:00,C02,CO2,871.827,683.961,1.19324,11.4787,unhealthy,0,1.19324,11.4787,187.866,187.866,0.1932,27.4674,1.1394,0.0716,130.7906,0.0016,1.4364
2743,2026-09-26 04:35:00,C02,CO2,941.585,674.686,1.19487,8.8065,unhealthy,0,1.19487,8.8065,266.899,266.899,0.1949,39.559,1.1663,0.0585,178.1908,0.0016,1.4978
2744,2026-09-26 04:40:00,C02,CO2,835.776,671.832,1.19649,11.6219,unhealthy,0,1.19649,11.6219,163.944,163.944,0.1965,24.4025,1.1932,0.0026,203.2976,0.0016,0.8064
2745,2026-09-26 04:45:00,C02,CO2,842.358,687.684,1.19812,10.262,unhealthy,0,1.19812,10.262,154.674,154.674,0.1981,22.492,1.1949,0.0026,187.3388,0.0016,0.8256
2746,2026-09-26 04:50:00,C02,CO2,786.395,681.594,1.19974,8.241,unhealthy,0,1.19974,8.241,104.801,104.801,0.1997,15.3759,1.1965,0.0026,175.6368,0.0016,0.5967
2747,2026-09-26 04:55:00,C02,CO2,858.555,690.199,1.20137,10.851,unhealthy,0,1.20137,10.851,168.356,168.356,0.2014,24.3924,1.1981,0.0026,171.7348,0.0016,0.9803
2748,2026-09-26 05:00:00,C02,CO2,917.264,668.48,1.20299,13.5519,unhealthy,0,1.20299,13.5519,248.784,248.784,0.203,37.2164,1.1997,0.0026,168.1118,0.0016,1.4799
2749,2026-09-26 05:05:00,C02,CO2,903.514,660.453,1.20462,11.3584,unhealthy,0,1.20462,11.3584,243.061,243.061,0.2046,36.8022,1.2014,0.0026,183.9352,0.0016,1.3214
2750,2026-09-26 05:10:00,C02,CO2,833.233,665.041,1.20624,11.9644,unhealthy,0,1.20624,11.9644,168.192,168.192,0.2062,25.2905,1.203,0.0026,186.6388,0.0016,0.9012
2751,2026-09-26 05:15:00,C02,CO2,837.67,663.673,1.20787,12.8013,unhealthy,0,1.20787,12.8013,173.997,173.997,0.2079,26.2173,1.2046,0.0026,200.478,0.0016,0.8679
2752,2026-09-26 05:20:00,C02,CO2,880.83,664.993,1.2095,11.0931,unhealthy,0,1.2095,11.0931,215.837,215.837,0.2095,32.457,1.2062,0.0026,209.9742,0.0016,1.0279
2753,2026-09-26 05:25:00,C02,CO2,818.03,661.504,1.21112,8.8147,unhealthy,0,1.21112,8.8147,156.526,156.526,0.2111,23.6621,1.2079,0.0026,191.5226,0.0016,0.8173
2754,2026-09-26 05:30:00,C02,CO2,875.292,665.709,1.21275,10.8146,unhealthy,0,1.21275,10.8146,209.583,209.583,0.2128,31.4827,1.2095,0.0026,184.827,0.0016,1.1339
2755,2026-09-26 05:35:00,C02,CO2,885.641,648.025,1.21437,9.5429,unhealthy,0,1.21437,9.5429,237.616,237.616,0.2144,36.6677,1.2111,0.0026,198.7118,0.0016,1.1958
2756,2026-09-26 05:40:00,C02,CO2,800.866,653.92,1.216,8.669,unhealthy,0,1.216,8.669,146.946,146.946,0.216,22.4716,1.2127,0.0026,193.3016,0.0016,0.7602
2757,2026-09-26 05:45:00,C02,CO2,835.207,652.675,1.21762,12.4511,unhealthy,0,1.21762,12.4511,182.532,182.532,0.2176,27.9668,1.2144,0.0026,186.6406,0.0016,0.978
2758,2026-09-26 05:50:00,C02,CO2,840.404,653.383,1.21925,12.5315,unhealthy,0,1.21925,12.5315,187.021,187.021,0.2192,28.6235,1.216,0.0026,192.7396,0.0016,0.9703
2759,2026-09-26 05:55:00,C02,CO2,859.613,643.052,1.22088,10.2256,unhealthy,0,1.22088,10.2256,216.561,216.561,0.2209,33.6771,1.2176,0.0026,194.1352,0.0016,1.1155
2760,2026-09-26 06:00:00,C02,CO2,821.011,636.43,1.2225,12.3133,unhealthy,0,1.2225,12.3133,184.581,184.581,0.2225,29.0026,1.2192,0.0026,183.5282,0.0016,1.0057
2761,2026-09-26 06:05:00,C02,CO2,751.069,638.291,1.22413,12.8509,unhealthy,0,1.22413,12.8509,112.778,112.778,0.2241,17.6687,1.2209,0.0026,176.6946,0.0016,0.6383
2762,2026-09-26 06:10:00,C02,CO2,794.853,646.129,1.22575,9.3177,unhealthy,0,1.22575,9.3177,148.724,148.724,0.2257,23.0177,1.2225,0.0026,169.933,0.0016,0.8752
2763,2026-09-26 06:15:00,C02,CO2,783.287,632.469,1.22738,10.6835,unhealthy,0,1.22738,10.6835,150.818,150.818,0.2274,23.8459,1.2241,0.0026,162.6924,0.0016,0.927
2764,2026-09-26 06:20:00,C02,CO2,847.592,634.209,1.229,10.6039,unhealthy,0,1.229,10.6039,213.383,213.383,0.229,33.6455,1.2258,0.0026,162.0568,0.0016,1.3167
2765,2026-09-26 06:25:00,C02,CO2,735.667,621.105,1.23063,12.0789,unhealthy,0,1.23063,12.0789,114.562,114.562,0.2306,18.4449,1.2274,0.0026,148.053,0.0016,0.7738
2766,2026-09-26 06:30:00,C02,CO2,818.283,631.709,1.23226,9.3154,unhealthy,0,1.23226,9.3154,186.574,186.574,0.2323,29.5348,1.229,0.0026,162.8122,0.0016,1.1459
2767,2026-09-26 06:35:00,C02,CO2,797.544,627.619,1.23388,10.9765,unhealthy,0,1.23388,10.9765,169.925,169.925,0.2339,27.0745,1.2306,0.0026,167.0524,0.0016,1.0172
2768,2026-09-26 06:40:00,C02,CO2,773.526,631.618,1.23551,8.4348,unhealthy,0,1.23551,8.4348,141.908,141.908,0.2355,22.4674,1.2323,0.0026,165.2704,0.0016,0.8586
2769,2026-09-26 06:45:00,C02,CO2,767.242,627.391,1.23713,8.456,unhealthy,0,1.23713,8.456,139.851,139.851,0.2371,22.2909,1.2339,0.0026,150.564,0.0016,0.9288
2770,2026-09-26 06:50:00,C02,CO2,849.432,635.666,1.23876,9.1158,unhealthy,0,1.23876,9.1158,213.766,213.766,0.2388,33.6287,1.2355,0.0026,170.4048,0.0016,1.2545
2771,2026-09-26 06:55:00,C02,CO2,813.751,618.043,1.24038,13.6904,unhealthy,0,1.24038,13.6904,195.708,195.708,0.2404,31.6658,1.2371,0.0026,172.2316,0.0016,1.1363
2772,2026-09-26 07:00:00,C02,CO2,772.73,630.559,1.24201,8.5394,unhealthy,0,1.24201,8.5394,142.171,142.171,0.242,22.5468,1.2388,0.0026,166.6808,0.0016,0.8529
2773,2026-09-26 07:05:00,C02,CO2,788.908,628.53,1.24364,15.8612,unhealthy,0,1.24364,15.8612,160.378,160.378,0.2436,25.5164,1.2404,0.0026,170.3748,0.0016,0.9413
2774,2026-09-26 07:10:00,C02,CO2,871.416,615.564,1.24526,12.3639,unhealthy,0,1.24526,12.3639,255.852,255.852,0.2453,41.5638,1.242,0.0026,193.575,0.0016,1.3217
2775,2026-09-26 07:15:00,C02,CO2,826.166,612.604,1.24689,10.555,unhealthy,0,1.24689,10.555,213.562,213.562,0.2469,34.8613,1.2436,0.0026,193.5342,0.0016,1.1035
2776,2026-09-26 07:20:00,C02,CO2,822.414,614.162,1.24851,7.8283,unhealthy,0,1.24851,7.8283,208.252,208.252,0.2485,33.9083,1.2453,0.0026,196.043,0.0016,1.0623
2777,2026-09-26 07:25:00,C02,CO2,848.972,623.49,1.25014,13.6015,unhealthy,0,1.25014,13.6015,225.482,225.482,0.2501,36.1645,1.2469,0.0026,212.7052,0.0016,1.0601
2778,2026-09-26 07:30:00,C02,CO2,801.46,621.921,1.25176,11.7506,unhealthy,0,1.25176,11.7506,179.539,179.539,0.2518,28.8685,1.2485,0.0026,216.5374,0.0016,0.8291
2779,2026-09-26 07:35:00,C02,CO2,826.329,606.729,1.25339,11.0387,unhealthy,0,1.25339,11.0387,219.6,219.6,0.2534,36.1941,1.2501,0.0026,209.287,0.0016,1.0493
2780,2026-09-26 07:40:00,C02,CO2,896.588,604.498,1.25501,11.4616,unhealthy,0,1.25501,11.4616,292.09,292.09,0.255,48.3194,1.2518,0.0026,224.9926,0.0016,1.2982
2781,2026-09-26 07:45:00,C02,CO2,870.091,603.241,1.25664,9.5654,unhealthy,0,1.25664,9.5654,266.85,266.85,0.2566,44.2361,1.2534,0.0026,236.7122,0.0016,1.1273
2782,2026-09-26 07:50:00,C02,CO2,745.492,611.019,1.25827,11.9842,unhealthy,0,1.25827,11.9842,134.473,134.473,0.2583,22.008,1.255,0.0026,218.5104,0.0016,0.6154
2783,2026-09-26 07:55:00,C02,CO2,878.821,599.873,1.25989,12.7881,unhealthy,0,1.25989,12.7881,278.948,278.948,0.2599,46.5012,1.2566,0.0026,238.3922,0.0016,1.1701
2784,2026-09-26 08:00:00,C02,CO2,881.287,609.893,1.26152,8.2378,unhealthy,0,1.26152,8.2378,271.394,271.394,0.2615,44.4986,1.2583,0.0026,248.751,0.0016,1.091
2785,2026-09-26 08:05:00,C02,CO2,865.832,588.301,1.26314,11.7214,unhealthy,0,1.26314,11.7214,277.531,277.531,0.2631,47.175,1.2599,0.0026,245.8392,0.0016,1.1289
2786,2026-09-26 08:10:00,C02,CO2,798.065,608.992,1.26477,11.8671,unhealthy,0,1.26477,11.8671,189.073,189.073,0.2648,31.0469,1.2615,0.0026,230.2838,0.0016,0.821
2787,2026-09-26 08:15:00,C02,CO2,771.721,596.887,1.26639,10.5771,unhealthy,0,1.26639,10.5771,174.834,174.834,0.2664,29.291,1.2631,0.0026,238.356,0.0016,0.7335
2788,2026-09-26 08:20:00,C02,CO2,798.936,597.606,1.26802,11.9136,unhealthy,0,1.26802,11.9136,201.33,201.33,0.268,33.6894,1.2648,0.0026,222.8324,0.0016,0.9035
2789,2026-09-26 08:25:00,C02,CO2,821.652,596.841,1.26965,10.8342,unhealthy,0,1.26965,10.8342,224.811,224.811,0.2696,37.6668,1.2664,0.0026,213.5158,0.0016,1.0529
2790,2026-09-26 08:30:00,C02,CO2,833.434,600.339,1.27127,12.772,unhealthy,0,1.27127,12.772,233.095,233.095,0.2713,38.8272,1.268,0.0026,204.6286,0.0016,1.1391
2791,2026-09-26 08:35:00,C02,CO2,881.79,595.872,1.2729,8.5864,unhealthy,0,1.2729,8.5864,285.918,285.918,0.2729,47.9831,1.2696,0.0026,223.9976,0.0016,1.2764
2792,2026-09-26 08:40:00,C02,CO2,758.433,574.5,1.27452,12.9856,unhealthy,0,1.27452,12.9856,183.933,183.933,0.2745,32.0162,1.2713,0.0026,225.8174,0.0016,0.8145
2793,2026-09-26 08:45:00,C02,CO2,859.869,594.877,1.27615,11.1594,unhealthy,0,1.27615,11.1594,264.992,264.992,0.2761,44.5457,1.2729,0.0026,238.5498,0.0016,1.1108
2794,2026-09-26 08:50:00,C02,CO2,812.735,604.982,1.27777,8.8916,unhealthy,0,1.27777,8.8916,207.753,207.753,0.2778,34.3404,1.2745,0.0026,235.1382,0.0016,0.8835
2795,2026-09-26 08:55:00,C02,CO2,857.659,597.493,1.2794,9.8793,unhealthy,0,1.2794,9.8793,260.166,260.166,0.2794,43.5429,1.2761,0.0026,240.5524,0.0016,1.0815
2796,2026-09-26 09:00:00,C02,CO2,788.622,588.427,1.28103,16.3646,unhealthy,0,1.28103,16.3646,200.195,200.195,0.281,34.0221,1.2778,0.0026,223.4078,0.0016,0.8961
2797,2026-09-26 09:05:00,C02,CO2,823.329,600.401,1.28265,12.4975,unhealthy,0,1.28265,12.4975,222.928,222.928,0.2827,37.1299,1.2794,0.0026,231.2068,0.0016,0.9642
2798,2026-09-26 09:10:00,C02,CO2,744.33,592.688,1.28428,14.211,unhealthy,0,1.28428,14.211,151.642,151.642,0.2843,25.5855,1.281,0.0026,208.5368,0.0016,0.7272
2799,2026-09-26 09:15:00,C02,CO2,857.82,592.139,1.2859,11.0273,unhealthy,0,1.2859,11.0273,265.681,265.681,0.2859,44.868,1.2827,0.0026,220.1224,0.0016,1.207
